ae1a6abe-e103-4c2c-99cb-40bf17d1b29d,Home & Living,https://www.kmart.com.au/category/home-&-living/party-cards-&-wrap/tableware/398006#.plp-wrapper,Tableware,https://www.kmart.com.au/category/home-&-living/party-cards-&-wrap/tableware/398006#.plp-wrapper,Wood Look Display Crate,https://www.kmart.com.au/product/wood-look-display-crate/3105307,https://www.kmart.com.au/wcsstore/Kmart/images/ncatalog/sz/8/42909118-1-sz.jpg,3.50,-,Not Rated,0,Just Landed ; ,
db8eb269-cd51-4b34-bc5b-08e859eaa7f7,Home & Living,https://www.kmart.com.au/category/home-&-living/party-cards-&-wrap/tableware/398006#.plp-wrapper,Tableware,https://www.kmart.com.au/category/home-&-living/party-cards-&-wrap/tableware/398006#.plp-wrapper,Wooden Donut Stacker,https://www.kmart.com.au/product/wooden-donut-stacker/3123344,https://www.kmart.com.au/wcsstore/Kmart/images/ncatalog/sz/0/42901600-1-sz.jpg,8.00,-,Not Rated,0,Just Landed ; ,
1afb5010-248b-4402-ae3d-93125853e7cc,Home & Living,https://www.kmart.com.au/category/home-&-living/party-cards-&-wrap/tableware/398006#.plp-wrapper,Tableware,https://www.kmart.com.au/category/home-&-living/party-cards-&-wrap/tableware/398006#.plp-wrapper,Blackboard Sign On Stand,https://www.kmart.com.au/product/blackboard-sign-on-stand/3136303,https://www.kmart.com.au/wcsstore/Kmart/images/ncatalog/sz/7/42901587-1-sz.jpg,2.25,-,Not Rated,0,Just Landed ; ,
e8d8e620-3be0-462d-888a-5fa4889b731a,Home & Living,https://www.kmart.com.au/category/home-&-living/party-cards-&-wrap/tableware/398006#.plp-wrapper,Tableware,https://www.kmart.com.au/category/home-&-living/party-cards-&-wrap/tableware/398006#.plp-wrapper,Footed Candy Bowl,https://www.kmart.com.au/product/footed-candy-bowl/3165316,https://www.kmart.com.au/wcsstore/Kmart/images/ncatalog/sz/3/42901563-1-sz.jpg,3.50,-,Not Rated,0,Just Landed ; ,
9786589e-f49f-499d-9729-47ef75db377e,Home & Living,https://www.kmart.com.au/category/home-&-living/party-cards-&-wrap/tableware/398006#.plp-wrapper,Tableware,https://www.kmart.com.au/category/home-&-living/party-cards-&-wrap/tableware/398006#.plp-wrapper,3 Pack Event Table Signs,https://www.kmart.com.au/product/3-pack-event-table-signs/3115836,https://www.kmart.com.au/wcsstore/Kmart/images/ncatalog/sz/4/42915164-1-sz.jpg,10.00,-,Not Rated,0,;,
9d7517c5-bdb5-4a65-a4ee-529c825c7799,Home & Living,https://www.kmart.com.au/category/home-&-living/party-cards-&-wrap/tableware/398006#.plp-wrapper,Tableware,https://www.kmart.com.au/category/home-&-living/party-cards-&-wrap/tableware/398006#.plp-wrapper,16 Pack Rose Gold Dessert Paper Plates,https://www.kmart.com.au/product/16-pack-rose-gold-dessert-paper-plates/3071326,https://www.kmart.com.au/wcsstore/Kmart/images/ncatalog/sz/0/42901730-1-sz.jpg,2.00,-,Not Rated,0,;,
6817191b-6c64-4296-bd7a-6856b010add5,Home & Living,https://www.kmart.com.au/category/home-&-living/party-cards-&-wrap/tableware/398006#.plp-wrapper,Tableware,https://www.kmart.com.au/category/home-&-living/party-cards-&-wrap/tableware/398006#.plp-wrapper,24 Pack Dinosaur Paper Cups,https://www.kmart.com.au/product/24-pack-dinosaur-paper-cups/3071327,https://www.kmart.com.au/wcsstore/Kmart/images/ncatalog/sz/1/42901761-1-sz.jpg,3.00,-,Not Rated,0,;,
e29e4224-ef62-45f4-abb6-b759228bea78,Home & Living,https://www.kmart.com.au/category/home-&-living/party-cards-&-wrap/tableware/398006#.plp-wrapper,Tableware,https://www.kmart.com.au/category/home-&-living/party-cards-&-wrap/tableware/398006#.plp-wrapper,18 Piece White Paper Cups,https://www.kmart.com.au/product/18-piece-white-paper-cups/3072813,https://www.kmart.com.au/wcsstore/Kmart/images/ncatalog/sz/2/42899082-1-sz.jpg,1.00,-,Not Rated,0,;,
38581c23-6c27-4d44-a3c0-13f2a668ffd8,Home & Living,https://www.kmart.com.au/category/home-&-living/party-cards-&-wrap/tableware/398006#.plp-wrapper,Tableware,https://www.kmart.com.au/category/home-&-living/party-cards-&-wrap/tableware/398006#.plp-wrapper,16 Piece Tropical Leaf Paper Plates,https://www.kmart.com.au/product/16-piece-tropical-leaf-paper-plates/3072815,https://www.kmart.com.au/wcsstore/Kmart/images/ncatalog/sz/3/42901723-1-sz.jpg,3.00,-,Not Rated,0,;,
01f17499-e12d-43a2-ab91-4634278c8b3a,Home & Living,https://www.kmart.com.au/category/home-&-living/party-cards-&-wrap/tableware/398006#.plp-wrapper,Tableware,https://www.kmart.com.au/category/home-&-living/party-cards-&-wrap/tableware/398006#.plp-wrapper,20 Pack Silver Star Napkins,https://www.kmart.com.au/product/20-pack-silver-star-napkins/3072869,https://www.kmart.com.au/wcsstore/Kmart/images/ncatalog/sz/6/42909156-1-sz.jpg,2.00,-,Not Rated,0,;,
68b47663-0613-4577-867e-5c9b009d2bd9,Home & Living,https://www.kmart.com.au/category/home-&-living/party-cards-&-wrap/tableware/398006#.plp-wrapper,Tableware,https://www.kmart.com.au/category/home-&-living/party-cards-&-wrap/tableware/398006#.plp-wrapper,24 Pack Multicolour Pastel Paper Cups,https://www.kmart.com.au/product/24-pack-multicolour-pastel-paper-cups/3072870,https://www.kmart.com.au/wcsstore/Kmart/images/ncatalog/sz/7/42914167-1-sz.jpg,3.00,-,Not Rated,0,;,
a5957b01-95e8-487a-9999-89917ce4f453,Home & Living,https://www.kmart.com.au/category/home-&-living/party-cards-&-wrap/tableware/398006#.plp-wrapper,Tableware,https://www.kmart.com.au/category/home-&-living/party-cards-&-wrap/tableware/398006#.plp-wrapper,16 Pack Silver Star Paper Plates,https://www.kmart.com.au/product/16-pack-silver-star-paper-plates/3072884,https://www.kmart.com.au/wcsstore/Kmart/images/ncatalog/sz/2/42915232-1-sz.jpg,3.00,-,Not Rated,0,;,
eb2929f8-5504-4b15-b7be-4ce9aea1bdf4,Home & Living,https://www.kmart.com.au/category/home-&-living/party-cards-&-wrap/tableware/398006#.plp-wrapper,Tableware,https://www.kmart.com.au/category/home-&-living/party-cards-&-wrap/tableware/398006#.plp-wrapper,16 Pack Gold Paper Plates,https://www.kmart.com.au/product/16-pack-gold-paper-plates/3072885,https://www.kmart.com.au/wcsstore/Kmart/images/ncatalog/sz/4/42919674-1-sz.jpg,3.00,-,Not Rated,0,;Coming soon,
26543129-f771-4154-8019-daa26ee19f4b,Home & Living,https://www.kmart.com.au/category/home-&-living/party-cards-&-wrap/tableware/398006#.plp-wrapper,Tableware,https://www.kmart.com.au/category/home-&-living/party-cards-&-wrap/tableware/398006#.plp-wrapper,16 Pack Confetti Paper Plates,https://www.kmart.com.au/product/16-pack-confetti-paper-plates/3072886,https://www.kmart.com.au/wcsstore/Kmart/images/ncatalog/sz/8/42925668-1-sz.jpg,3.00,-,Not Rated,0,;Coming soon,
a1898e5a-b7eb-47d7-b9d8-ba40daaf652d,Home & Living,https://www.kmart.com.au/category/home-&-living/party-cards-&-wrap/tableware/398006#.plp-wrapper,Tableware,https://www.kmart.com.au/category/home-&-living/party-cards-&-wrap/tableware/398006#.plp-wrapper,20 Pack Tropical Leaf Napkins,https://www.kmart.com.au/product/20-pack-tropical-leaf-napkins/3072887,https://www.kmart.com.au/wcsstore/Kmart/images/ncatalog/sz/5/42932475-1-sz.jpg,2.00,-,Not Rated,0,;Back online soon,
23f5bed0-7b02-4c1d-bb56-565718fcb726,Home & Living,https://www.kmart.com.au/category/home-&-living/party-cards-&-wrap/tableware/398006#.plp-wrapper,Tableware,https://www.kmart.com.au/category/home-&-living/party-cards-&-wrap/tableware/398006#.plp-wrapper,12 Piece White Paper Bowls,https://www.kmart.com.au/product/12-piece-white-paper-bowls/3075804,https://www.kmart.com.au/wcsstore/Kmart/images/ncatalog/sz/9/42899099-1-sz.jpg,1.00,-,Not Rated,0,;,
6f68368e-c84f-4315-9a46-f75ecdfc32fe,Home & Living,https://www.kmart.com.au/category/home-&-living/party-cards-&-wrap/tableware/398006#.plp-wrapper,Tableware,https://www.kmart.com.au/category/home-&-living/party-cards-&-wrap/tableware/398006#.plp-wrapper,12 Pack White Oval Paper Plates,https://www.kmart.com.au/product/12-pack-white-oval-paper-plates/3075805,https://www.kmart.com.au/wcsstore/Kmart/images/ncatalog/sz/6/42899006-1-sz.jpg,4.00,-,Not Rated,0,;,
6053020a-d290-489c-989f-53110d77c228,Home & Living,https://www.kmart.com.au/category/home-&-living/party-cards-&-wrap/tableware/398006#.plp-wrapper,Tableware,https://www.kmart.com.au/category/home-&-living/party-cards-&-wrap/tableware/398006#.plp-wrapper,12 Pack White Round Paper Plates,https://www.kmart.com.au/product/12-pack-white-round-paper-plates/3075806,https://www.kmart.com.au/wcsstore/Kmart/images/ncatalog/sz/3/42899013-1-sz.jpg,1.00,-,Not Rated,0,;,
38140204-eff9-4295-9fd7-caa3109e1535,Home & Living,https://www.kmart.com.au/category/home-&-living/party-cards-&-wrap/tableware/398006#.plp-wrapper,Tableware,https://www.kmart.com.au/category/home-&-living/party-cards-&-wrap/tableware/398006#.plp-wrapper,12 Pack White Round Dessert Plates,https://www.kmart.com.au/product/12-pack-white-round-dessert-plates/3075807,https://www.kmart.com.au/wcsstore/Kmart/images/ncatalog/sz/0/42899020-1-sz.jpg,1.00,-,Not Rated,0,;,
6b613618-bfb2-43c4-bb63-fc1031dac047,Home & Living,https://www.kmart.com.au/category/home-&-living/party-cards-&-wrap/tableware/398006#.plp-wrapper,Tableware,https://www.kmart.com.au/category/home-&-living/party-cards-&-wrap/tableware/398006#.plp-wrapper,16 Piece Dinosaur Paper Plates,https://www.kmart.com.au/product/16-piece-dinosaur-paper-plates/3075808,https://www.kmart.com.au/wcsstore/Kmart/images/ncatalog/sz/9/42901679-1-sz.jpg,3.00,-,Not Rated,0,;,
dc2034aa-4e25-40a4-8f84-37444e6377ba,Home & Living,https://www.kmart.com.au/category/home-&-living/party-cards-&-wrap/tableware/398006#.plp-wrapper,Tableware,https://www.kmart.com.au/category/home-&-living/party-cards-&-wrap/tableware/398006#.plp-wrapper,16 Piece Unicorn Paper Plates,https://www.kmart.com.au/product/16-piece-unicorn-paper-plates/3075809,https://www.kmart.com.au/wcsstore/Kmart/images/ncatalog/sz/6/42901686-1-sz.jpg,3.00,-,Not Rated,0,;,
81d2df72-6fc6-4d6b-9271-eb803176e11e,Home & Living,https://www.kmart.com.au/category/home-&-living/party-cards-&-wrap/tableware/398006#.plp-wrapper,Tableware,https://www.kmart.com.au/category/home-&-living/party-cards-&-wrap/tableware/398006#.plp-wrapper,Rose Gold Paper Straws,https://www.kmart.com.au/product/rose-gold-paper-straws/3080819,https://www.kmart.com.au/wcsstore/Kmart/images/ncatalog/sz/5/42901655-1-sz.jpg,3.00,-,Not Rated,0,;,
e3f8be84-0f64-477e-82bb-6f553c016e20,Home & Living,https://www.kmart.com.au/category/home-&-living/party-cards-&-wrap/tableware/398006#.plp-wrapper,Tableware,https://www.kmart.com.au/category/home-&-living/party-cards-&-wrap/tableware/398006#.plp-wrapper,18 Pack Pink Paper Cups,https://www.kmart.com.au/product/18-pack-pink-paper-cups/3082826,https://www.kmart.com.au/wcsstore/Kmart/images/ncatalog/sz/8/42899778-1-sz.jpg,1.50,-,Not Rated,0,;Back online soon,
caa414a3-56e4-46a8-aa21-8fe2e6bf7659,Home & Living,https://www.kmart.com.au/category/home-&-living/party-cards-&-wrap/tableware/398006#.plp-wrapper,Tableware,https://www.kmart.com.au/category/home-&-living/party-cards-&-wrap/tableware/398006#.plp-wrapper,16 Pack Blue Round Paper Plates,https://www.kmart.com.au/product/16-pack-blue-round-paper-plates/3082827,https://www.kmart.com.au/wcsstore/Kmart/images/ncatalog/sz/7/42899587-1-sz.jpg,1.50,-,Not Rated,0,;,
e43ed915-9bd1-45a5-a907-6a9a7979b886,Home & Living,https://www.kmart.com.au/category/home-&-living/party-cards-&-wrap/tableware/398006#.plp-wrapper,Tableware,https://www.kmart.com.au/category/home-&-living/party-cards-&-wrap/tableware/398006#.plp-wrapper,16 Pack Blue Paper Bowls,https://www.kmart.com.au/product/16-pack-blue-paper-bowls/3084322,https://www.kmart.com.au/wcsstore/Kmart/images/ncatalog/sz/7/42899617-1-sz.jpg,1.50,-,Not Rated,0,;,
423013f3-a5f4-4472-bc72-68eec4f75f5c,Home & Living,https://www.kmart.com.au/category/home-&-living/party-cards-&-wrap/tableware/398006#.plp-wrapper,Tableware,https://www.kmart.com.au/category/home-&-living/party-cards-&-wrap/tableware/398006#.plp-wrapper,16 Pack Pink Paper Bowls,https://www.kmart.com.au/product/16-pack-pink-paper-bowls/3084323,https://www.kmart.com.au/wcsstore/Kmart/images/ncatalog/sz/4/42899624-1-sz.jpg,1.50,-,Not Rated,0,;,
a3108d14-437b-4ffe-a07f-a266aa123174,Home & Living,https://www.kmart.com.au/category/home-&-living/party-cards-&-wrap/tableware/398006#.plp-wrapper,Tableware,https://www.kmart.com.au/category/home-&-living/party-cards-&-wrap/tableware/398006#.plp-wrapper,16 Piece Pink Round Paper Plates,https://www.kmart.com.au/product/16-piece-pink-round-paper-plates/3087311,https://www.kmart.com.au/wcsstore/Kmart/images/ncatalog/sz/4/42899594-1-sz.jpg,1.50,-,Not Rated,0,;,
7cb03ec2-9c48-4afe-a2d2-205f43e733a9,Home & Living,https://www.kmart.com.au/category/home-&-living/party-cards-&-wrap/tableware/398006#.plp-wrapper,Tableware,https://www.kmart.com.au/category/home-&-living/party-cards-&-wrap/tableware/398006#.plp-wrapper,18 Piece Blue Paper Cups,https://www.kmart.com.au/product/18-piece-blue-paper-cups/3087312,https://www.kmart.com.au/wcsstore/Kmart/images/ncatalog/sz/1/42899761-1-sz.jpg,1.50,-,Not Rated,0,;,
34ea15fe-605a-4759-a775-ef03db502dab,Home & Living,https://www.kmart.com.au/category/home-&-living/party-cards-&-wrap/tableware/398006#.plp-wrapper,Tableware,https://www.kmart.com.au/category/home-&-living/party-cards-&-wrap/tableware/398006#.plp-wrapper,100 Pack White Paper Straws,https://www.kmart.com.au/product/100-pack-white-paper-straws/3091836,https://www.kmart.com.au/wcsstore/Kmart/images/ncatalog/sz/8/42901648-1-sz.jpg,3.00,-,Not Rated,0,;,
c0d1439d-18ef-4c68-99b6-842a6c55f235,Home & Living,https://www.kmart.com.au/category/home-&-living/party-cards-&-wrap/tableware/398006#.plp-wrapper,Tableware,https://www.kmart.com.au/category/home-&-living/party-cards-&-wrap/tableware/398006#.plp-wrapper,Kraft Paper Table Runner,https://www.kmart.com.au/product/kraft-paper-table-runner/3093323,https://www.kmart.com.au/wcsstore/Kmart/images/ncatalog/sz/9/42901549-1-sz.jpg,3.00,-,Not Rated,0,;,
6ba824fe-b8d9-432e-8201-208d7004b041,Home & Living,https://www.kmart.com.au/category/home-&-living/party-cards-&-wrap/tableware/398006#.plp-wrapper,Tableware,https://www.kmart.com.au/category/home-&-living/party-cards-&-wrap/tableware/398006#.plp-wrapper,16 Pack Multicolour Pastel Paper Plates,https://www.kmart.com.au/product/16-pack-multicolour-pastel-paper-plates/3100813,https://www.kmart.com.au/wcsstore/Kmart/images/ncatalog/sz/3/42914143-1-sz.jpg,3.00,-,Not Rated,0,;,
ba803c07-7722-4d1b-897d-289c09ae6fa9,Home & Living,https://www.kmart.com.au/category/home-&-living/party-cards-&-wrap/tableware/398006#.plp-wrapper,Tableware,https://www.kmart.com.au/category/home-&-living/party-cards-&-wrap/tableware/398006#.plp-wrapper,Wooden Serving Boats,https://www.kmart.com.au/product/wooden-serving-boats/3080820,https://www.kmart.com.au/wcsstore/Kmart/images/ncatalog/sz/2/42901662-1-sz.jpg,3.00,-,Not Rated,0,;,
fdb0be46-8c7d-4bd5-aafd-22a178d02776,Home & Living,https://www.kmart.com.au/category/home-&-living/party-cards-&-wrap/tableware/398006#.plp-wrapper,Tableware,https://www.kmart.com.au/category/home-&-living/party-cards-&-wrap/tableware/398006#.plp-wrapper,Gold Rim Pitcher,https://www.kmart.com.au/product/gold-rim-pitcher/3080821,https://www.kmart.com.au/wcsstore/Kmart/images/ncatalog/sz/4/42901594-1-sz.jpg,3.50,-,Not Rated,0,;,
d4aa84fa-0ee0-4315-b67d-4ad284343f99,Home & Living,https://www.kmart.com.au/category/home-&-living/party-cards-&-wrap/tableware/398006#.plp-wrapper,Tableware,https://www.kmart.com.au/category/home-&-living/party-cards-&-wrap/tableware/398006#.plp-wrapper,Gold Look Round Serve Platter,https://www.kmart.com.au/product/gold-look-round-serve-platter/3082846,https://www.kmart.com.au/wcsstore/Kmart/images/ncatalog/sz/0/42913030-1-sz.jpg,4.00,-,Not Rated,0,;,
0c06fabb-8cbf-40be-b8d4-6612cd6195e1,Home & Living,https://www.kmart.com.au/category/home-&-living/party-cards-&-wrap/tableware/398006#.plp-wrapper,Tableware,https://www.kmart.com.au/category/home-&-living/party-cards-&-wrap/tableware/398006#.plp-wrapper,Gold Look Serve Bowl,https://www.kmart.com.au/product/gold-look-serve-bowl/3091865,https://www.kmart.com.au/wcsstore/Kmart/images/ncatalog/sz/3/42913023-1-sz.jpg,4.00,-,Not Rated,0,;,
0d333b96-a1a6-4cb6-ab13-b8c25fc8f314,Home & Living,https://www.kmart.com.au/category/home-&-living/party-cards-&-wrap/tableware/398006#.plp-wrapper,Tableware,https://www.kmart.com.au/category/home-&-living/party-cards-&-wrap/tableware/398006#.plp-wrapper,Sequin Table Runner,https://www.kmart.com.au/product/sequin-table-runner/3093322,https://www.kmart.com.au/wcsstore/Kmart/images/ncatalog/sz/2/42901532-1-sz.jpg,6.00,-,5.0 ,1 ,;,
5bc4ca58-b112-444e-98dc-c0418f7aecf1,Home & Living,https://www.kmart.com.au/category/home-&-living/party-cards-&-wrap/tableware/398006#.plp-wrapper,Tableware,https://www.kmart.com.au/category/home-&-living/party-cards-&-wrap/tableware/398006#.plp-wrapper,18 Piece Wood Dipped Cutlery,https://www.kmart.com.au/product/18-piece-wood-dipped-cutlery/3080818,https://www.kmart.com.au/wcsstore/Kmart/images/ncatalog/sz/1/42901631-1-sz.jpg,2.50,-,Not Rated,0,;,
c7742ea5-8ea6-43ec-b183-821359f4c571,Home & Living,https://www.kmart.com.au/category/home-&-living/party-cards-&-wrap/tableware/398006#.plp-wrapper,Tableware,https://www.kmart.com.au/category/home-&-living/party-cards-&-wrap/tableware/398006#.plp-wrapper,18 Piece Rose Gold Look Cutlery,https://www.kmart.com.au/product/18-piece-rose-gold-look-cutlery/3080835,https://www.kmart.com.au/wcsstore/Kmart/images/ncatalog/sz/6/42929796-1-sz.jpg,2.00,-,Not Rated,0,;,
3e345328-505d-464a-afbe-d4acdf8dd228,Home & Living,https://www.kmart.com.au/category/home-&-living/party-cards-&-wrap/tableware/398006#.plp-wrapper,Tableware,https://www.kmart.com.au/category/home-&-living/party-cards-&-wrap/tableware/398006#.plp-wrapper,Gold Rim Plastic Cups,https://www.kmart.com.au/product/gold-rim-plastic-cups/3082844,https://www.kmart.com.au/wcsstore/Kmart/images/ncatalog/sz/5/42913085-1-sz.jpg,3.00,-,Not Rated,0,;,
799c6080-06ce-4a3a-94b3-b8b9e2807e5c,Home & Living,https://www.kmart.com.au/category/home-&-living/party-cards-&-wrap/tableware/398006#.plp-wrapper,Tableware,https://www.kmart.com.au/category/home-&-living/party-cards-&-wrap/tableware/398006#.plp-wrapper,Gold Look Rectangle Tray,https://www.kmart.com.au/product/gold-look-rectangle-tray/3082845,https://www.kmart.com.au/wcsstore/Kmart/images/ncatalog/sz/9/42913009-1-sz.jpg,4.00,-,Not Rated,0,;,
81eeda91-49f5-4611-a13c-3937405c502f,Home & Living,https://www.kmart.com.au/category/home-&-living/party-cards-&-wrap/tableware/398006#.plp-wrapper,Tableware,https://www.kmart.com.au/category/home-&-living/party-cards-&-wrap/tableware/398006#.plp-wrapper,6 Pack Square Wooden Plates,https://www.kmart.com.au/product/6-pack-square-wooden-plates/3119315,https://www.kmart.com.au/wcsstore/Kmart/images/ncatalog/sz/9/42913139-1-sz.jpg,4.00,-,Not Rated,0,;,
af72afdf-c424-4227-b565-7adbddd6d2bd,Home & Living,https://www.kmart.com.au/category/home-&-living/party-cards-&-wrap/tableware/398006#.plp-wrapper,Tableware,https://www.kmart.com.au/category/home-&-living/party-cards-&-wrap/tableware/398006#.plp-wrapper,12 Pack White Oval Plates,https://www.kmart.com.au/product/12-pack-white-oval-plates/2912302,https://www.kmart.com.au/wcsstore/Kmart/images/ncatalog/sz/7/42836117-1-sz.jpg,4.00,-,Not Rated,0,;,
566d457f-517d-4647-a6be-b5a394f51524,Home & Living,https://www.kmart.com.au/category/home-&-living/party-cards-&-wrap/tableware/398006#.plp-wrapper,Tableware,https://www.kmart.com.au/category/home-&-living/party-cards-&-wrap/tableware/398006#.plp-wrapper,Word Table Scatters,https://www.kmart.com.au/product/word-table-scatters/2886834,https://www.kmart.com.au/wcsstore/Kmart/images/ncatalog/sz/6/42847236-1-sz.jpg,2.00,-,Not Rated,0,;,
1e845dd3-5e03-4b86-ac15-964029042974,Home & Living,https://www.kmart.com.au/category/home-&-living/party-cards-&-wrap/tableware/398006#.plp-wrapper,Tableware,https://www.kmart.com.au/category/home-&-living/party-cards-&-wrap/tableware/398006#.plp-wrapper,20 Piece Baby Shower Table Scatters,https://www.kmart.com.au/product/20-piece-baby-shower-table-scatters/2865314,https://www.kmart.com.au/wcsstore/Kmart/images/ncatalog/sz/5/42811725-1-sz.jpg,2.00,-,Not Rated,0,;,
ce6fd112-6835-4cdb-80d3-03e109ddfca8,Home & Living,https://www.kmart.com.au/category/home-&-living/party-cards-&-wrap/tableware/398006#.plp-wrapper,Tableware,https://www.kmart.com.au/category/home-&-living/party-cards-&-wrap/tableware/398006#.plp-wrapper,12 Piece Sugarcane Round Dessert Plate,https://www.kmart.com.au/product/12-piece-sugarcane-round-dessert-plate/2874805,https://www.kmart.com.au/wcsstore/Kmart/images/ncatalog/sz/6/42837756-1-sz.jpg,3.00,-,Not Rated,0,;,
7a40af8f-86f9-48b4-bf50-5461b0a17e38,Home & Living,https://www.kmart.com.au/category/home-&-living/party-cards-&-wrap/tableware/398006#.plp-wrapper,Tableware,https://www.kmart.com.au/category/home-&-living/party-cards-&-wrap/tableware/398006#.plp-wrapper,16 Piece Let's Celebrate Plates,https://www.kmart.com.au/product/16-piece-lets-celebrate-plates/2874806,https://www.kmart.com.au/wcsstore/Kmart/images/ncatalog/sz/7/42837657-1-sz.jpg,3.00,-,5.0 ,1 ,;,
a0d82116-342d-4b9a-8192-bcdf536e1461,Home & Living,https://www.kmart.com.au/category/home-&-living/party-cards-&-wrap/tableware/398006#.plp-wrapper,Tableware,https://www.kmart.com.au/category/home-&-living/party-cards-&-wrap/tableware/398006#.plp-wrapper,Unicorn Napkins,https://www.kmart.com.au/product/unicorn-napkins/2879321,https://www.kmart.com.au/wcsstore/Kmart/images/ncatalog/sz/9/42837589-1-sz.jpg,2.00,-,5.0 ,3 ,;,
61cf4624-6211-4071-a153-e18936313e9e,Home & Living,https://www.kmart.com.au/category/home-&-living/party-cards-&-wrap/tableware/398006#.plp-wrapper,Tableware,https://www.kmart.com.au/category/home-&-living/party-cards-&-wrap/tableware/398006#.plp-wrapper,20 Piece Happy Birthday Napkins,https://www.kmart.com.au/product/20-piece-happy-birthday-napkins/2879323,https://www.kmart.com.au/wcsstore/Kmart/images/ncatalog/sz/6/42837626-1-sz.jpg,2.00,-,4.0 ,1 ,;,
a70b7411-2f71-4abc-9fed-1dcb3b3a6b72,Home & Living,https://www.kmart.com.au/category/home-&-living/party-cards-&-wrap/tableware/398006#.plp-wrapper,Tableware,https://www.kmart.com.au/category/home-&-living/party-cards-&-wrap/tableware/398006#.plp-wrapper,Bamboo Fibre Napkins,https://www.kmart.com.au/product/bamboo-fibre-napkins/2879324,https://www.kmart.com.au/wcsstore/Kmart/images/ncatalog/sz/0/42837640-1-sz.jpg,2.00,-,Not Rated,0,;,
4b84ed60-e7e7-46b9-9048-34a1820e6a5c,Home & Living,https://www.kmart.com.au/category/home-&-living/party-cards-&-wrap/tableware/398006#.plp-wrapper,Tableware,https://www.kmart.com.au/category/home-&-living/party-cards-&-wrap/tableware/398006#.plp-wrapper,3 Tiered Cupcake Stand,https://www.kmart.com.au/product/3-tiered-cupcake-stand/2884302,https://www.kmart.com.au/wcsstore/Kmart/images/ncatalog/sz/2/42811602-1-sz.jpg,4.50,-,Not Rated,0,;,
da13e74e-e029-4f3e-ae53-17bd6f67355d,Home & Living,https://www.kmart.com.au/category/home-&-living/party-cards-&-wrap/tableware/398006#.plp-wrapper,Tableware,https://www.kmart.com.au/category/home-&-living/party-cards-&-wrap/tableware/398006#.plp-wrapper,Table Numbers,https://www.kmart.com.au/product/table-numbers/2884343,https://www.kmart.com.au/wcsstore/Kmart/images/ncatalog/sz/8/42837558-1-sz.jpg,3.50,-,5.0 ,2 ,;,
51d6f011-c034-46a4-aaa9-f1a6d356a0ab,Home & Living,https://www.kmart.com.au/category/home-&-living/party-cards-&-wrap/tableware/398006#.plp-wrapper,Tableware,https://www.kmart.com.au/category/home-&-living/party-cards-&-wrap/tableware/398006#.plp-wrapper,White Paper Tablecover,https://www.kmart.com.au/product/white-paper-tablecover/2884813,https://www.kmart.com.au/wcsstore/Kmart/images/ncatalog/sz/8/42836148-1-sz.jpg,2.00,-,5.0 ,1 ,;,
b68ebade-85cf-424e-aede-eb23d324072b,Home & Living,https://www.kmart.com.au/category/home-&-living/party-cards-&-wrap/tableware/398006#.plp-wrapper,Tableware,https://www.kmart.com.au/category/home-&-living/party-cards-&-wrap/tableware/398006#.plp-wrapper,20 Pack Dinosaur Napkins,https://www.kmart.com.au/product/20-pack-dinosaur-napkins/2884817,https://www.kmart.com.au/wcsstore/Kmart/images/ncatalog/sz/9/42839699-1-sz.jpg,2.00,-,5.0 ,1 ,;,
ce30b17a-bb23-455c-a22e-fc88dd4b2ddc,Home & Living,https://www.kmart.com.au/category/home-&-living/party-cards-&-wrap/tableware/398006#.plp-wrapper,Tableware,https://www.kmart.com.au/category/home-&-living/party-cards-&-wrap/tableware/398006#.plp-wrapper,Rainbow Ball Cup,https://www.kmart.com.au/product/rainbow-ball-cup/2871801,https://www.kmart.com.au/wcsstore/Kmart/images/ncatalog/sz/3/42811633-1-sz.jpg,3.00,-,Not Rated,0,;,
5488fcbe-9e1d-47b1-9dbd-16ff0ddfec3c,Home & Living,https://www.kmart.com.au/category/home-&-living/party-cards-&-wrap/tableware/398006#.plp-wrapper,Tableware,https://www.kmart.com.au/category/home-&-living/party-cards-&-wrap/tableware/398006#.plp-wrapper,Silver Look Ball Cup,https://www.kmart.com.au/product/silver-look-ball-cup/2871802,https://www.kmart.com.au/wcsstore/Kmart/images/ncatalog/sz/0/42811640-1-sz.jpg,3.00,-,Not Rated,0,;,
875109df-6e0a-4246-a453-d56b99c43d30,Home & Living,https://www.kmart.com.au/category/home-&-living/party-cards-&-wrap/tableware/398006#.plp-wrapper,Tableware,https://www.kmart.com.au/category/home-&-living/party-cards-&-wrap/tableware/398006#.plp-wrapper,4 Pack Silicone Straws,https://www.kmart.com.au/product/4-pack-silicone-straws/2874801,https://www.kmart.com.au/wcsstore/Kmart/images/ncatalog/sz/3/42811763-1-sz.jpg,3.00,-,5.0 ,2 ,;,
58e5d6ab-9ffc-453e-96bb-82491526ae6e,Home & Living,https://www.kmart.com.au/category/home-&-living/party-cards-&-wrap/tableware/398006#.plp-wrapper,Tableware,https://www.kmart.com.au/category/home-&-living/party-cards-&-wrap/tableware/398006#.plp-wrapper,Sugarcane Large Oval Plates,https://www.kmart.com.au/product/sugarcane-large-oval-plates/2874808,https://www.kmart.com.au/wcsstore/Kmart/images/ncatalog/sz/7/42842187-1-sz.jpg,3.00,-,Not Rated,0,;,
0fb2ea32-7b7b-47bc-b38b-081c8eee08b8,Home & Living,https://www.kmart.com.au/category/home-&-living/party-cards-&-wrap/tableware/398006#.plp-wrapper,Tableware,https://www.kmart.com.au/category/home-&-living/party-cards-&-wrap/tableware/398006#.plp-wrapper,50 Piece Bamboo Food Picks,https://www.kmart.com.au/product/50-piece-bamboo-food-picks/2876311,https://www.kmart.com.au/wcsstore/Kmart/images/ncatalog/sz/2/42837572-1-sz.jpg,2.00,-,Not Rated,0,;,
8df95cf4-44e9-4820-835c-42da3dc4ad94,Home & Living,https://www.kmart.com.au/category/home-&-living/party-cards-&-wrap/tableware/398006#.plp-wrapper,Tableware,https://www.kmart.com.au/category/home-&-living/party-cards-&-wrap/tableware/398006#.plp-wrapper,2 Pack Sugarcane Platters,https://www.kmart.com.au/product/2-pack-sugarcane-platters/2876325,https://www.kmart.com.au/wcsstore/Kmart/images/ncatalog/sz/2/42849582-1-sz.jpg,3.00,-,Not Rated,0,;,
b11e487d-b039-4491-b67d-96c8861d74a2,Home & Living,https://www.kmart.com.au/category/home-&-living/party-cards-&-wrap/tableware/398006#.plp-wrapper,Tableware,https://www.kmart.com.au/category/home-&-living/party-cards-&-wrap/tableware/398006#.plp-wrapper,12 Piece Sugarcane Round Plates,https://www.kmart.com.au/product/12-piece-sugarcane-round-plates/2879320,https://www.kmart.com.au/wcsstore/Kmart/images/ncatalog/sz/8/42837688-1-sz.jpg,3.00,-,Not Rated,0,;,
b87dd7c9-848c-4423-b0a5-fd45ed58c272,Home & Living,https://www.kmart.com.au/category/home-&-living/party-cards-&-wrap/tableware/398006#.plp-wrapper,Tableware,https://www.kmart.com.au/category/home-&-living/party-cards-&-wrap/tableware/398006#.plp-wrapper,12 Pack Sugarcane Round Bowls,https://www.kmart.com.au/product/12-pack-sugarcane-round-bowls/2879322,https://www.kmart.com.au/wcsstore/Kmart/images/ncatalog/sz/5/42837695-1-sz.jpg,3.00,-,Not Rated,0,;,
b0bf9717-20c5-4a02-9f85-d45272433603,Home & Living,https://www.kmart.com.au/category/home-&-living/party-cards-&-wrap/tableware/398006#.plp-wrapper,Tableware,https://www.kmart.com.au/category/home-&-living/party-cards-&-wrap/tableware/398006#.plp-wrapper,16 Pack Sugarcane Cups,https://www.kmart.com.au/product/16-pack-sugarcane-cups/2881808,https://www.kmart.com.au/wcsstore/Kmart/images/ncatalog/sz/0/42842170-1-sz.jpg,3.00,-,Not Rated,0,;,
b0691feb-d034-401b-8922-2b044eab1f5e,Home & Living,https://www.kmart.com.au/category/home-&-living/party-cards-&-wrap/tableware/398006#.plp-wrapper,Tableware,https://www.kmart.com.au/category/home-&-living/party-cards-&-wrap/tableware/398006#.plp-wrapper,Milk Bottles,https://www.kmart.com.au/product/milk-bottles/2871803,https://www.kmart.com.au/wcsstore/Kmart/images/ncatalog/sz/7/42811657-1-sz.jpg,5.00,-,4.0 ,2 ,;Back online soon,
b6b2353e-3618-4f96-b942-097a28d2fc1a,Home & Living,https://www.kmart.com.au/category/home-&-living/party-cards-&-wrap/tableware/398006#.plp-wrapper,Tableware,https://www.kmart.com.au/category/home-&-living/party-cards-&-wrap/tableware/398006#.plp-wrapper,Food Platter,https://www.kmart.com.au/product/food-platter/2876301,https://www.kmart.com.au/wcsstore/Kmart/images/ncatalog/sz/9/42811589-1-sz.jpg,3.50,-,Not Rated,0,;,
808077e2-1e4b-4aeb-a2b3-2cad119ec3d0,Home & Living,https://www.kmart.com.au/category/home-&-living/party-cards-&-wrap/tableware/398006#.plp-wrapper,Tableware,https://www.kmart.com.au/category/home-&-living/party-cards-&-wrap/tableware/398006#.plp-wrapper,Serving Trays,https://www.kmart.com.au/product/serving-trays/2876302,https://www.kmart.com.au/wcsstore/Kmart/images/ncatalog/sz/9/42811619-1-sz.jpg,8.00,-,4.0 ,1 ,;Back online soon,
90b9b917-5da6-48e1-82a1-182496a81952,Home & Living,https://www.kmart.com.au/category/home-&-living/party-cards-&-wrap/tableware/398006#.plp-wrapper,Tableware,https://www.kmart.com.au/category/home-&-living/party-cards-&-wrap/tableware/398006#.plp-wrapper,3 Tiered Candy Jar,https://www.kmart.com.au/product/3-tiered-candy-jar/2884301,https://www.kmart.com.au/wcsstore/Kmart/images/ncatalog/sz/6/42811596-1-sz.jpg,6.50,-,5.0 ,4 ,;,
10ff6008-309e-40e5-893f-c94044ec4e8c,Home & Living,https://www.kmart.com.au/category/home-&-living/party-cards-&-wrap/tableware/398006#.plp-wrapper,Tableware,https://www.kmart.com.au/category/home-&-living/party-cards-&-wrap/tableware/398006#.plp-wrapper,Candy Scoop,https://www.kmart.com.au/product/candy-scoop/2754863,https://www.kmart.com.au/wcsstore/Kmart/images/ncatalog/sz/8/42817208-1-sz.jpg,1.00,-,5.0 ,2 ,;,
1dd5c45f-98df-4465-b839-43d6ad4756ea,Home & Living,https://www.kmart.com.au/category/home-&-living/party-cards-&-wrap/tableware/398006#.plp-wrapper,Tableware,https://www.kmart.com.au/category/home-&-living/party-cards-&-wrap/tableware/398006#.plp-wrapper,10 Pack Silver Look Metal Straws,https://www.kmart.com.au/product/10-pack-silver-look-metal-straws/2716804,https://www.kmart.com.au/wcsstore/Kmart/images/ncatalog/sz/1/42738541-1-sz.jpg,6.00,-,4.9 ,12 ,;,
3debb003-e824-4588-b015-93acbeb3fc10,Home & Living,https://www.kmart.com.au/category/home-&-living/party-cards-&-wrap/tableware/398006#.plp-wrapper,Tableware,https://www.kmart.com.au/category/home-&-living/party-cards-&-wrap/tableware/398006#.plp-wrapper,4 Pack Straw Cleaners,https://www.kmart.com.au/product/4-pack-straw-cleaners/2709827,https://www.kmart.com.au/wcsstore/Kmart/images/ncatalog/sz/6/42774136-1-sz.jpg,1.50,-,5.0 ,2 ,;,
8ec78018-1d37-4e31-8e59-8a9ea312ecff,Home & Living,https://www.kmart.com.au/category/home-&-living/party-cards-&-wrap/tableware/398006#.plp-wrapper,Tableware,https://www.kmart.com.au/category/home-&-living/party-cards-&-wrap/tableware/398006#.plp-wrapper,16 Pack Gold Stripe Plates,https://www.kmart.com.au/product/16-pack-gold-stripe-plates/2601805,https://www.kmart.com.au/wcsstore/Kmart/images/ncatalog/sz/8/42764618-1-sz.jpg,3.00,-,4.8 ,5 ,;,
352ab23f-6d2e-4dba-8de0-e9c675d7fde5,Home & Living,https://www.kmart.com.au/category/home-&-living/party-cards-&-wrap/tableware/398006#.plp-wrapper,Tableware,https://www.kmart.com.au/category/home-&-living/party-cards-&-wrap/tableware/398006#.plp-wrapper,16 Pack Silver Stripe Plates,https://www.kmart.com.au/product/16-pack-silver-stripe-plates/2601806,https://www.kmart.com.au/wcsstore/Kmart/images/ncatalog/sz/5/42764625-1-sz.jpg,3.00,-,5.0 ,2 ,;,
53c7fc4c-9609-4552-8e0b-560a6d68c5d4,Home & Living,https://www.kmart.com.au/category/home-&-living/party-cards-&-wrap/tableware/398006#.plp-wrapper,Tableware,https://www.kmart.com.au/category/home-&-living/party-cards-&-wrap/tableware/398006#.plp-wrapper,16 Pack Happy Birthday Dessert Plates,https://www.kmart.com.au/product/16-pack-happy-birthday-dessert-plates/2604802,https://www.kmart.com.au/wcsstore/Kmart/images/ncatalog/sz/3/42739883-1-sz.jpg,2.00,-,4.5 ,2 ,;,
2d152de9-d4ef-4e58-b024-1b85cc21c426,Home & Living,https://www.kmart.com.au/category/home-&-living/party-cards-&-wrap/tableware/398006#.plp-wrapper,Tableware,https://www.kmart.com.au/category/home-&-living/party-cards-&-wrap/tableware/398006#.plp-wrapper,20 Pack Hooray Patch Napkins,https://www.kmart.com.au/product/20-pack-hooray-patch-napkins/2604803,https://www.kmart.com.au/wcsstore/Kmart/images/ncatalog/sz/3/42740223-1-sz.jpg,2.00,-,5.0 ,1 ,;,
9bc66887-34ba-423b-9b5c-7bda4d47b07a,Home & Living,https://www.kmart.com.au/category/home-&-living/party-cards-&-wrap/tableware/398006#.plp-wrapper,Tableware,https://www.kmart.com.au/category/home-&-living/party-cards-&-wrap/tableware/398006#.plp-wrapper,20 Pack Rose Gold Look Napkins,https://www.kmart.com.au/product/20-pack-rose-gold-look-napkins/2604804,https://www.kmart.com.au/wcsstore/Kmart/images/ncatalog/sz/6/42740186-1-sz.jpg,2.00,-,4.0 ,2 ,;,
3498d0e1-8d4a-4c4a-a2a9-10b7e7d83990,Home & Living,https://www.kmart.com.au/category/home-&-living/party-cards-&-wrap/tableware/398006#.plp-wrapper,Tableware,https://www.kmart.com.au/category/home-&-living/party-cards-&-wrap/tableware/398006#.plp-wrapper,20 Pack Enjoy Stripe Napkins,https://www.kmart.com.au/product/20-pack-enjoy-stripe-napkins/2604805,https://www.kmart.com.au/wcsstore/Kmart/images/ncatalog/sz/3/42740193-1-sz.jpg,2.00,-,4.7 ,3 ,;,
3aa3b654-187b-4c79-97c0-e658a65dbd61,Home & Living,https://www.kmart.com.au/category/home-&-living/party-cards-&-wrap/tableware/398006#.plp-wrapper,Tableware,https://www.kmart.com.au/category/home-&-living/party-cards-&-wrap/tableware/398006#.plp-wrapper,50 Pack Paper Straws,https://www.kmart.com.au/product/50-pack-paper-straws/2611810,https://www.kmart.com.au/wcsstore/Kmart/images/ncatalog/sz/5/42739395-1-sz.jpg,3.00,-,5.0 ,5 ,;,
ae154669-1209-477f-b139-eb265a9b4352,Home & Living,https://www.kmart.com.au/category/home-&-living/party-cards-&-wrap/tableware/398006#.plp-wrapper,Tableware,https://www.kmart.com.au/category/home-&-living/party-cards-&-wrap/tableware/398006#.plp-wrapper,25 Pack Enjoy Star Cups,https://www.kmart.com.au/product/25-pack-enjoy-star-cups/2588311,https://www.kmart.com.au/wcsstore/Kmart/images/ncatalog/sz/7/42744047-1-sz.jpg,3.00,-,5.0 ,2 ,;,
7e492bfa-9f76-4207-93e6-f4412c4c3771,Home & Living,https://www.kmart.com.au/category/home-&-living/party-cards-&-wrap/tableware/398006#.plp-wrapper,Tableware,https://www.kmart.com.au/category/home-&-living/party-cards-&-wrap/tableware/398006#.plp-wrapper,Rainbow Cups,https://www.kmart.com.au/product/rainbow-cups/2588315,https://www.kmart.com.au/wcsstore/Kmart/images/ncatalog/sz/8/42752738-1-sz.jpg,3.00,-,5.0 ,2 ,;,
6c7209b5-04e7-4ebe-b74e-dd3241b36e39,Home & Living,https://www.kmart.com.au/category/home-&-living/party-cards-&-wrap/tableware/398006#.plp-wrapper,Tableware,https://www.kmart.com.au/category/home-&-living/party-cards-&-wrap/tableware/398006#.plp-wrapper,Table Signs,https://www.kmart.com.au/product/table-signs/2597307,https://www.kmart.com.au/wcsstore/Kmart/images/ncatalog/sz/7/42737957-1-sz.jpg,4.50,-,4.5 ,2 ,;,
aa5e1fa7-cff7-4923-a7e4-5d5f1ff55bca,Home & Living,https://www.kmart.com.au/category/home-&-living/party-cards-&-wrap/tableware/398006#.plp-wrapper,Tableware,https://www.kmart.com.au/category/home-&-living/party-cards-&-wrap/tableware/398006#.plp-wrapper,Rainbow Unicorn Tablecover,https://www.kmart.com.au/product/rainbow-unicorn-tablecover/2597323,https://www.kmart.com.au/wcsstore/Kmart/images/ncatalog/sz/4/42744054-1-sz.jpg,2.00,-,4.8 ,5 ,;,
8b9395b5-2707-4293-b0e9-c46dd18ee9f3,Home & Living,https://www.kmart.com.au/category/home-&-living/party-cards-&-wrap/tableware/398006#.plp-wrapper,Tableware,https://www.kmart.com.au/category/home-&-living/party-cards-&-wrap/tableware/398006#.plp-wrapper,Heavy Duty Black Table cover,https://www.kmart.com.au/product/heavy-duty-black-table-cover/2597330,https://www.kmart.com.au/wcsstore/Kmart/images/ncatalog/sz/3/42752783-1-sz.jpg,3.00,-,4.7 ,7 ,;,
82624eff-b2e7-41a9-8c62-3b638ad95173,Home & Living,https://www.kmart.com.au/category/home-&-living/party-cards-&-wrap/tableware/398006#.plp-wrapper,Tableware,https://www.kmart.com.au/category/home-&-living/party-cards-&-wrap/tableware/398006#.plp-wrapper,Round Wooden Paddle,https://www.kmart.com.au/product/round-wooden-paddle/2595317,https://www.kmart.com.au/wcsstore/Kmart/images/ncatalog/sz/2/42754992-1-sz.jpg,3.50,-,4.0 ,1 ,;,
cfb54a96-44f9-4edf-a149-1c79689264aa,Home & Living,https://www.kmart.com.au/category/home-&-living/party-cards-&-wrap/tableware/398006#.plp-wrapper,Tableware,https://www.kmart.com.au/category/home-&-living/party-cards-&-wrap/tableware/398006#.plp-wrapper,4 Pack Candy Jars with Cork Lids,https://www.kmart.com.au/product/4-pack-candy-jars-with-cork-lids/2597304,https://www.kmart.com.au/wcsstore/Kmart/images/ncatalog/sz/6/42737926-1-sz.jpg,3.50,-,4.8 ,9 ,;,
56e413ff-b96a-46ad-86a9-3e32f6b94cdf,Home & Living,https://www.kmart.com.au/category/home-&-living/party-cards-&-wrap/tableware/398006#.plp-wrapper,Tableware,https://www.kmart.com.au/category/home-&-living/party-cards-&-wrap/tableware/398006#.plp-wrapper,Mini Bowls and Spoons Set,https://www.kmart.com.au/product/mini-bowls-and-spoons-set/2597305,https://www.kmart.com.au/wcsstore/Kmart/images/ncatalog/sz/3/42737933-1-sz.jpg,4.50,-,5.0 ,1 ,;,
00d1853b-6c66-4570-82d9-aa1e4d5ec5d9,Home & Living,https://www.kmart.com.au/category/home-&-living/party-cards-&-wrap/tableware/398006#.plp-wrapper,Tableware,https://www.kmart.com.au/category/home-&-living/party-cards-&-wrap/tableware/398006#.plp-wrapper,12 Pack Summer Food Picks - Assorted,https://www.kmart.com.au/product/12-pack-summer-food-picks---assorted/2597306,https://www.kmart.com.au/wcsstore/Kmart/images/ncatalog/sz/0/42737940-1-sz.jpg,2.00						 ea,-,5.0 ,1 ,;,
0daae9de-b0cf-4e7a-8ec7-24375a577b9f,Home & Living,https://www.kmart.com.au/category/home-&-living/party-cards-&-wrap/tableware/398006#.plp-wrapper,Tableware,https://www.kmart.com.au/category/home-&-living/party-cards-&-wrap/tableware/398006#.plp-wrapper,2 Tiered Cake Stand,https://www.kmart.com.au/product/2-tiered-cake-stand/2597309,https://www.kmart.com.au/wcsstore/Kmart/images/ncatalog/sz/7/42738367-1-sz.jpg,6.50,-,4.4 ,14 ,;,
4449f867-2cd2-43f3-9adc-6a6a632b5394,Home & Living,https://www.kmart.com.au/category/home-&-living/party-cards-&-wrap/tableware/398006#.plp-wrapper,Tableware,https://www.kmart.com.au/category/home-&-living/party-cards-&-wrap/tableware/398006#.plp-wrapper,3 Tiered Serving Stand,https://www.kmart.com.au/product/3-tiered-serving-stand/2597310,https://www.kmart.com.au/wcsstore/Kmart/images/ncatalog/sz/4/42738374-1-sz.jpg,6.50,-,4.5 ,26 ,;,
170f5b4a-57be-4e78-9b55-66f662b3c138,Home & Living,https://www.kmart.com.au/category/home-&-living/party-cards-&-wrap/tableware/398006#.plp-wrapper,Tableware,https://www.kmart.com.au/category/home-&-living/party-cards-&-wrap/tableware/398006#.plp-wrapper,4 Pack Bamboo Straw,https://www.kmart.com.au/product/4-pack-bamboo-straw/2597348,https://www.kmart.com.au/wcsstore/Kmart/images/ncatalog/sz/3/42767923-1-sz.jpg,3.00,-,4.8 ,5 ,;,
c8f7f0cd-33fc-4488-a7cf-c23ee3b99b37,Home & Living,https://www.kmart.com.au/category/home-&-living/party-cards-&-wrap/tableware/398006#.plp-wrapper,Tableware,https://www.kmart.com.au/category/home-&-living/party-cards-&-wrap/tableware/398006#.plp-wrapper,4 Pack Snack Tray Set,https://www.kmart.com.au/product/4-pack-snack-tray-set/2597303,https://www.kmart.com.au/wcsstore/Kmart/images/ncatalog/sz/1/42737971-1-sz.jpg,4.50,-,5.0 ,1 ,;,
5d8735c1-5cf0-49aa-a15f-9d40b42b417b,Home & Living,https://www.kmart.com.au/category/home-&-living/party-cards-&-wrap/tableware/398006#.plp-wrapper,Tableware,https://www.kmart.com.au/category/home-&-living/party-cards-&-wrap/tableware/398006#.plp-wrapper,Black Metal Straws,https://www.kmart.com.au/product/black-metal-straws/2597315,https://www.kmart.com.au/wcsstore/Kmart/images/ncatalog/sz/8/42738558-1-sz.jpg,3.00,-,4.8 ,4 ,;,
0dc96297-2db0-4481-9e14-0283e7813637,Home & Living,https://www.kmart.com.au/category/home-&-living/party-cards-&-wrap/tableware/398006#.plp-wrapper,Tableware,https://www.kmart.com.au/category/home-&-living/party-cards-&-wrap/tableware/398006#.plp-wrapper,50 Pack Aqua Napkins,https://www.kmart.com.au/product/50-pack-aqua-napkins/2470301,https://www.kmart.com.au/wcsstore/Kmart/images/ncatalog/sz/4/42558774-1-sz.jpg,2.00,-,4.8 ,5 ,;,
3b07d851-1aa4-4846-9860-12d8fadfbae5,Home & Living,https://www.kmart.com.au/category/home-&-living/party-cards-&-wrap/tableware/398006#.plp-wrapper,Tableware,https://www.kmart.com.au/category/home-&-living/party-cards-&-wrap/tableware/398006#.plp-wrapper,45 Pack Black Cutlery Set,https://www.kmart.com.au/product/45-pack-black-cutlery-set/2473321,https://www.kmart.com.au/wcsstore/Kmart/images/ncatalog/sz/8/42717478-1-sz.jpg,5.00,-,4.0 ,2 ,;,
ac9709a3-2684-4682-9205-1733586cc45c,Home & Living,https://www.kmart.com.au/category/home-&-living/party-cards-&-wrap/tableware/398006#.plp-wrapper,Tableware,https://www.kmart.com.au/category/home-&-living/party-cards-&-wrap/tableware/398006#.plp-wrapper,4 Pack Glitter Candy Bowls - Assorted,https://www.kmart.com.au/product/4-pack-glitter-candy-bowls---assorted/2473801,https://www.kmart.com.au/wcsstore/Kmart/images/ncatalog/sz/7/42682097-1-sz.jpg,3.50						 ea,-,4.5 ,2 ,;,
78ca067f-7dda-4ca4-aec8-c365796b584a,Home & Living,https://www.kmart.com.au/category/home-&-living/party-cards-&-wrap/tableware/398006#.plp-wrapper,Tableware,https://www.kmart.com.au/category/home-&-living/party-cards-&-wrap/tableware/398006#.plp-wrapper,152 Pack Cutlery Set,https://www.kmart.com.au/product/152-pack-cutlery-set/2473820,https://www.kmart.com.au/wcsstore/Kmart/images/ncatalog/sz/2/42717492-1-sz.jpg,10.00,-,5.0 ,1 ,;,
ca95b290-baa0-46bb-8577-de179a560d4b,Home & Living,https://www.kmart.com.au/category/home-&-living/party-cards-&-wrap/tableware/398006#.plp-wrapper,Tableware,https://www.kmart.com.au/category/home-&-living/party-cards-&-wrap/tableware/398006#.plp-wrapper,16 Pack Unicorn Printed Plates,https://www.kmart.com.au/product/16-pack-unicorn-printed-plates/2454801,https://www.kmart.com.au/wcsstore/Kmart/images/ncatalog/sz/5/42700005-1-sz.jpg,3.00,-,5.0 ,2 ,;,
546188cc-eb2b-429f-bc34-68a6e342e1fa,Home & Living,https://www.kmart.com.au/category/home-&-living/party-cards-&-wrap/tableware/398006#.plp-wrapper,Tableware,https://www.kmart.com.au/category/home-&-living/party-cards-&-wrap/tableware/398006#.plp-wrapper,16 Pack Kraft Plates,https://www.kmart.com.au/product/16-pack-kraft-plates/2467302,https://www.kmart.com.au/wcsstore/Kmart/images/ncatalog/sz/7/42690757-1-sz.jpg,3.00,-,4.0 ,3 ,;,
d4755618-3ceb-4c89-bbea-ff302229c230,Home & Living,https://www.kmart.com.au/category/home-&-living/party-cards-&-wrap/tableware/398006#.plp-wrapper,Tableware,https://www.kmart.com.au/category/home-&-living/party-cards-&-wrap/tableware/398006#.plp-wrapper,25 Pack Dinosaur Cups,https://www.kmart.com.au/product/25-pack-dinosaur-cups/2467315,https://www.kmart.com.au/wcsstore/Kmart/images/ncatalog/sz/1/42696551-1-sz.jpg,3.00,-,4.9 ,9 ,;,
aa27af92-98e2-4b47-93db-b1a6c5fef4c3,Home & Living,https://www.kmart.com.au/category/home-&-living/party-cards-&-wrap/tableware/398006#.plp-wrapper,Tableware,https://www.kmart.com.au/category/home-&-living/party-cards-&-wrap/tableware/398006#.plp-wrapper,20 Pack Kraft Straws,https://www.kmart.com.au/product/20-pack-kraft-straws/2470324,https://www.kmart.com.au/wcsstore/Kmart/images/ncatalog/sz/8/42690498-1-sz.jpg,2.00,-,Not Rated,0,;,
782830cb-2a2e-4927-b00a-d96e1d6c9ce2,Home & Living,https://www.kmart.com.au/category/home-&-living/party-cards-&-wrap/tableware/398006#.plp-wrapper,Tableware,https://www.kmart.com.au/category/home-&-living/party-cards-&-wrap/tableware/398006#.plp-wrapper,20 Pack Rainbow Napkins,https://www.kmart.com.au/product/20-pack-rainbow-napkins/2381325,https://www.kmart.com.au/wcsstore/Kmart/images/ncatalog/sz/0/42722960-1-sz.jpg,2.00,-,5.0 ,3 ,;,
a238bdb9-1410-4535-afba-2960454f8881,Home & Living,https://www.kmart.com.au/category/home-&-living/party-cards-&-wrap/tableware/398006#.plp-wrapper,Tableware,https://www.kmart.com.au/category/home-&-living/party-cards-&-wrap/tableware/398006#.plp-wrapper,24 Pack Rose Gold Look Foil Cups,https://www.kmart.com.au/product/24-pack-rose-gold-look-foil-cups/2381317,https://www.kmart.com.au/wcsstore/Kmart/images/ncatalog/sz/7/42710387-1-sz.jpg,3.00,-,4.7 ,3 ,;,
6b5f29ea-dfa5-4ab7-b116-0b61a3882fe5,Home & Living,https://www.kmart.com.au/category/home-&-living/party-cards-&-wrap/tableware/398006#.plp-wrapper,Tableware,https://www.kmart.com.au/category/home-&-living/party-cards-&-wrap/tableware/398006#.plp-wrapper,Table Runner - Assorted,https://www.kmart.com.au/product/table-runner---assorted/2371810,https://www.kmart.com.au/wcsstore/Kmart/images/ncatalog/sz/7/42687467-1-sz.jpg,4.00						 ea,-,4.5 ,2 ,;,
f83be5ae-7a27-470e-8da8-a7f64d8bda49,Home & Living,https://www.kmart.com.au/category/home-&-living/party-cards-&-wrap/tableware/398006#.plp-wrapper,Tableware,https://www.kmart.com.au/category/home-&-living/party-cards-&-wrap/tableware/398006#.plp-wrapper,Yum Candy Jar,https://www.kmart.com.au/product/yum-candy-jar/2369301,https://www.kmart.com.au/wcsstore/Kmart/images/ncatalog/sz/0/42682080-1-sz.jpg,4.50,-,5.0 ,4 ,;,
fb9e68bb-f04e-41cc-8cee-05545580e97e,Home & Living,https://www.kmart.com.au/category/home-&-living/party-cards-&-wrap/tableware/398006#.plp-wrapper,Tableware,https://www.kmart.com.au/category/home-&-living/party-cards-&-wrap/tableware/398006#.plp-wrapper,Mini College Cups,https://www.kmart.com.au/product/mini-college-cups/2332327,https://www.kmart.com.au/wcsstore/Kmart/images/ncatalog/sz/7/42696667-1-sz.jpg,3.50,-,Not Rated,0,;,
703a3063-9101-4ff5-8dfe-8a62e45af85b,Home & Living,https://www.kmart.com.au/category/home-&-living/party-cards-&-wrap/tableware/398006#.plp-wrapper,Tableware,https://www.kmart.com.au/category/home-&-living/party-cards-&-wrap/tableware/398006#.plp-wrapper,16 Pack Dinosaur Print Plates,https://www.kmart.com.au/product/16-pack-dinosaur-print-plates/2332312,https://www.kmart.com.au/wcsstore/Kmart/images/ncatalog/sz/4/42682264-1-sz.jpg,3.00,-,4.9 ,8 ,;,
6f94a44c-42a3-457c-abee-d981406d5a5b,Home & Living,https://www.kmart.com.au/category/home-&-living/party-cards-&-wrap/tableware/398006#.plp-wrapper,Tableware,https://www.kmart.com.au/category/home-&-living/party-cards-&-wrap/tableware/398006#.plp-wrapper,4 Pieces Character Novelty Straws,https://www.kmart.com.au/product/4-pieces-character-novelty-straws/2332334,https://www.kmart.com.au/wcsstore/Kmart/images/ncatalog/sz/5/42698975-1-sz.jpg,2.00,-,Not Rated,0,;,
f6cb4c4a-b6f0-4e88-93bc-19ad3156ce4c,Home & Living,https://www.kmart.com.au/category/home-&-living/party-cards-&-wrap/tableware/398006#.plp-wrapper,Tableware,https://www.kmart.com.au/category/home-&-living/party-cards-&-wrap/tableware/398006#.plp-wrapper,4 Pack Iridescent Metal Straws,https://www.kmart.com.au/product/4-pack-iridescent-metal-straws/2238327,https://www.kmart.com.au/wcsstore/Kmart/images/ncatalog/sz/3/42709763-1-sz.jpg,3.00,-,5.0 ,8 ,;,
b21b4c33-b133-4898-beee-1f86d23d9f4a,Home & Living,https://www.kmart.com.au/category/home-&-living/party-cards-&-wrap/tableware/398006#.plp-wrapper,Tableware,https://www.kmart.com.au/category/home-&-living/party-cards-&-wrap/tableware/398006#.plp-wrapper,18 Pack Silver Look Cutlery Set,https://www.kmart.com.au/product/18-pack-silver-look-cutlery-set/2289817,https://www.kmart.com.au/wcsstore/Kmart/images/ncatalog/sz/3/42667223-1-sz.jpg,2.00,-,5.0 ,1 ,;,
2cbf7210-960a-4304-8129-4a0e48ed1e80,Home & Living,https://www.kmart.com.au/category/home-&-living/party-cards-&-wrap/tableware/398006#.plp-wrapper,Tableware,https://www.kmart.com.au/category/home-&-living/party-cards-&-wrap/tableware/398006#.plp-wrapper,50 Pack Blue Napkins,https://www.kmart.com.au/product/50-pack-blue-napkins/2167305,https://www.kmart.com.au/wcsstore/Kmart/images/ncatalog/sz/4/42608714-1-sz.jpg,2.00,-,5.0 ,1 ,;,
d698de6c-3b8c-44ed-85e2-b93ad7697310,Home & Living,https://www.kmart.com.au/category/home-&-living/party-cards-&-wrap/tableware/398006#.plp-wrapper,Tableware,https://www.kmart.com.au/category/home-&-living/party-cards-&-wrap/tableware/398006#.plp-wrapper,16 Pack Blue Plates,https://www.kmart.com.au/product/16-pack-blue-plates/2167304,https://www.kmart.com.au/wcsstore/Kmart/images/ncatalog/sz/2/42607212-1-sz.jpg,1.50,-,4.7 ,3 ,;,
0a9550b8-da01-4085-9ead-048e0629889f,Home & Living,https://www.kmart.com.au/category/home-&-living/party-cards-&-wrap/tableware/398006#.plp-wrapper,Tableware,https://www.kmart.com.au/category/home-&-living/party-cards-&-wrap/tableware/398006#.plp-wrapper,16 Pack Pink Plates,https://www.kmart.com.au/product/16-pack-pink-plates/2127812,https://www.kmart.com.au/wcsstore/Kmart/images/ncatalog/sz/4/42607274-1-sz.jpg,1.50,-,5.0 ,1 ,;,
8252cb62-b10c-464b-90bd-7f66cadbc838,Home & Living,https://www.kmart.com.au/category/home-&-living/party-cards-&-wrap/tableware/398006#.plp-wrapper,Tableware,https://www.kmart.com.au/category/home-&-living/party-cards-&-wrap/tableware/398006#.plp-wrapper,25 Pack Pink Cups,https://www.kmart.com.au/product/25-pack-pink-cups/2127813,https://www.kmart.com.au/wcsstore/Kmart/images/ncatalog/sz/7/42607557-1-sz.jpg,1.50,-,5.0 ,2 ,;,
18c561a5-4f2c-48dd-b851-98f63554cba9,Home & Living,https://www.kmart.com.au/category/home-&-living/party-cards-&-wrap/tableware/398006#.plp-wrapper,Tableware,https://www.kmart.com.au/category/home-&-living/party-cards-&-wrap/tableware/398006#.plp-wrapper,16 Pack Blue Bowls,https://www.kmart.com.au/product/16-pack-blue-bowls/2127816,https://www.kmart.com.au/wcsstore/Kmart/images/ncatalog/sz/4/42608684-1-sz.jpg,1.50,-,Not Rated,0,;,
1e3a0977-3d07-4895-99c4-fa824df3cc09,Home & Living,https://www.kmart.com.au/category/home-&-living/party-cards-&-wrap/tableware/398006#.plp-wrapper,Tableware,https://www.kmart.com.au/category/home-&-living/party-cards-&-wrap/tableware/398006#.plp-wrapper,4 Pack Safari Animal Straws,https://www.kmart.com.au/product/4-pack-safari-animal-straws/2087851,https://www.kmart.com.au/wcsstore/Kmart/images/ncatalog/sz/1/42652861-1-sz.jpg,2.00,-,Not Rated,0,;,
16ae59d0-6869-4603-a34b-21aff1bef39a,Home & Living,https://www.kmart.com.au/category/home-&-living/party-cards-&-wrap/tableware/398006#.plp-wrapper,Tableware,https://www.kmart.com.au/category/home-&-living/party-cards-&-wrap/tableware/398006#.plp-wrapper,4 Pack Sparkle Novelty Straws,https://www.kmart.com.au/product/4-pack-sparkle-novelty-straws/2087818,https://www.kmart.com.au/wcsstore/Kmart/images/ncatalog/sz/3/42608653-1-sz.jpg,2.00,-,5.0 ,2 ,;,
625f0539-c634-41e1-b6c7-dbcfd5f278ba,Home & Living,https://www.kmart.com.au/category/home-&-living/party-cards-&-wrap/tableware/398006#.plp-wrapper,Tableware,https://www.kmart.com.au/category/home-&-living/party-cards-&-wrap/tableware/398006#.plp-wrapper,Candy Bowl with Lid and Tongs,https://www.kmart.com.au/product/candy-bowl-with-lid-and-tongs/2119338,https://www.kmart.com.au/wcsstore/Kmart/images/ncatalog/sz/7/42609537-1-sz.jpg,4.50,-,5.0 ,5 ,;,
7c2c6eed-a646-4da6-b896-e9df2269fe55,Home & Living,https://www.kmart.com.au/category/home-&-living/party-cards-&-wrap/tableware/398006#.plp-wrapper,Tableware,https://www.kmart.com.au/category/home-&-living/party-cards-&-wrap/tableware/398006#.plp-wrapper,50 Pack Pink Napkins,https://www.kmart.com.au/product/50-pack-pink-napkins/2087820,https://www.kmart.com.au/wcsstore/Kmart/images/ncatalog/sz/5/42608745-1-sz.jpg,2.00,-,5.0 ,3 ,;,
b8702e4a-0658-4449-b696-6b8e9c0d5209,Home & Living,https://www.kmart.com.au/category/home-&-living/party-cards-&-wrap/tableware/398006#.plp-wrapper,Tableware,https://www.kmart.com.au/category/home-&-living/party-cards-&-wrap/tableware/398006#.plp-wrapper,Cake Board,https://www.kmart.com.au/product/cake-board/2119334,https://www.kmart.com.au/wcsstore/Kmart/images/ncatalog/sz/6/42609766-1-sz.jpg,2.25,-,4.8 ,4 ,;,
69a29974-75ce-4b18-a938-fa96f61ce620,Home & Living,https://www.kmart.com.au/category/home-&-living/party-cards-&-wrap/tableware/398006#.plp-wrapper,Tableware,https://www.kmart.com.au/category/home-&-living/party-cards-&-wrap/tableware/398006#.plp-wrapper,4 Pack Chalkboard Signs,https://www.kmart.com.au/product/4-pack-chalkboard-signs/2062308,https://www.kmart.com.au/wcsstore/Kmart/images/ncatalog/sz/6/42608806-1-sz.jpg,2.25,-,5.0 ,3 ,;,
42f8502b-0d55-480a-b342-c49abf9483ea,Home & Living,https://www.kmart.com.au/category/home-&-living/party-cards-&-wrap/tableware/398006#.plp-wrapper,Tableware,https://www.kmart.com.au/category/home-&-living/party-cards-&-wrap/tableware/398006#.plp-wrapper,4 Pack Candy Jars,https://www.kmart.com.au/product/4-pack-candy-jars/2064307,https://www.kmart.com.au/wcsstore/Kmart/images/ncatalog/sz/0/42609490-1-sz.jpg,3.50,-,4.9 ,12 ,;,
c35ca1c5-dabe-4ff1-9e86-f0367a279bf4,Home & Living,https://www.kmart.com.au/category/home-&-living/party-cards-&-wrap/tableware/398006#.plp-wrapper,Tableware,https://www.kmart.com.au/category/home-&-living/party-cards-&-wrap/tableware/398006#.plp-wrapper,Candy Jar with Lid and Tongs,https://www.kmart.com.au/product/candy-jar-with-lid-and-tongs/2066805,https://www.kmart.com.au/wcsstore/Kmart/images/ncatalog/sz/8/42609568-1-sz.jpg,4.50,-,4.8 ,21 ,;,
b7c01214-96a6-419a-b895-1ebe3c85988a,Home & Living,https://www.kmart.com.au/category/home-&-living/party-cards-&-wrap/tableware/398006#.plp-wrapper,Tableware,https://www.kmart.com.au/category/home-&-living/party-cards-&-wrap/tableware/398006#.plp-wrapper,4 Pack Serving Baskets,https://www.kmart.com.au/product/4-pack-serving-baskets/2066807,https://www.kmart.com.au/wcsstore/Kmart/images/ncatalog/sz/2/42609612-1-sz.jpg,3.50,-,4.3 ,4 ,;,
e97d6461-7361-4cd1-8f98-cbb81a8c9f48,Home & Living,https://www.kmart.com.au/category/home-&-living/party-cards-&-wrap/tableware/398006#.plp-wrapper,Tableware,https://www.kmart.com.au/category/home-&-living/party-cards-&-wrap/tableware/398006#.plp-wrapper,6 Pack Gold Look Rim Clear Plates,https://www.kmart.com.au/product/6-pack-gold-look-rim-clear-plates/2068306,https://www.kmart.com.au/wcsstore/Kmart/images/ncatalog/sz/6/42607366-1-sz.jpg,4.00,-,5.0 ,2 ,;,
56919af6-3629-465b-97c5-fe4f7f443f3a,Home & Living,https://www.kmart.com.au/category/home-&-living/party-cards-&-wrap/tableware/398006#.plp-wrapper,Tableware,https://www.kmart.com.au/category/home-&-living/party-cards-&-wrap/tableware/398006#.plp-wrapper,Metallic Silver Look Tablecover,https://www.kmart.com.au/product/metallic-silver-look-tablecover/2075301,https://www.kmart.com.au/wcsstore/Kmart/images/ncatalog/sz/5/42607465-1-sz.jpg,2.00,-,Not Rated,0,;,
02b6db3e-60b9-4f6a-af95-a8b7426a6aeb,Home & Living,https://www.kmart.com.au/category/home-&-living/party-cards-&-wrap/tableware/398006#.plp-wrapper,Tableware,https://www.kmart.com.au/category/home-&-living/party-cards-&-wrap/tableware/398006#.plp-wrapper,Metallic Star Tablecover,https://www.kmart.com.au/product/metallic-star-tablecover/2055804,https://www.kmart.com.au/wcsstore/Kmart/images/ncatalog/sz/5/42611615-1-sz.jpg,2.00,-,5.0 ,2 ,;,
7435771a-3132-4ccf-aea4-579c060088df,Home & Living,https://www.kmart.com.au/category/home-&-living/party-cards-&-wrap/tableware/398006#.plp-wrapper,Tableware,https://www.kmart.com.au/category/home-&-living/party-cards-&-wrap/tableware/398006#.plp-wrapper,Aqua Tablecover,https://www.kmart.com.au/product/aqua-tablecover/2059818,https://www.kmart.com.au/wcsstore/Kmart/images/ncatalog/sz/9/42611899-1-sz.jpg,1.50,-,4.3 ,3 ,;,
fb73099a-38e4-4167-a4a9-6fc9196d9266,Home & Living,https://www.kmart.com.au/category/home-&-living/party-cards-&-wrap/tableware/398006#.plp-wrapper,Tableware,https://www.kmart.com.au/category/home-&-living/party-cards-&-wrap/tableware/398006#.plp-wrapper,Pink Tablecover,https://www.kmart.com.au/product/pink-tablecover/2059820,https://www.kmart.com.au/wcsstore/Kmart/images/ncatalog/sz/2/42611622-1-sz.jpg,1.50,-,4.0 ,3 ,;,
fcf61749-2dc1-47de-be9f-4797d70b4571,Home & Living,https://www.kmart.com.au/category/home-&-living/party-cards-&-wrap/tableware/398006#.plp-wrapper,Tableware,https://www.kmart.com.au/category/home-&-living/party-cards-&-wrap/tableware/398006#.plp-wrapper,Blue Tablecover,https://www.kmart.com.au/product/blue-tablecover/2059821,https://www.kmart.com.au/wcsstore/Kmart/images/ncatalog/sz/7/42611677-1-sz.jpg,1.50,-,Not Rated,0,;,
2dcc3da2-e6f6-43fb-aba4-b609ba8a3fc0,Home & Living,https://www.kmart.com.au/category/home-&-living/party-cards-&-wrap/tableware/398006#.plp-wrapper,Tableware,https://www.kmart.com.au/category/home-&-living/party-cards-&-wrap/tableware/398006#.plp-wrapper,16 Pack Pink Bowls,https://www.kmart.com.au/product/16-pack-pink-bowls/2063303,https://www.kmart.com.au/wcsstore/Kmart/images/ncatalog/sz/1/42608691-1-sz.jpg,1.50,-,Not Rated,0,;,
3f4247b1-43d4-4599-9ec7-e8e2c070141c,Home & Living,https://www.kmart.com.au/category/home-&-living/party-cards-&-wrap/tableware/398006#.plp-wrapper,Tableware,https://www.kmart.com.au/category/home-&-living/party-cards-&-wrap/tableware/398006#.plp-wrapper,25 Pack Blue Cups,https://www.kmart.com.au/product/25-pack-blue-cups/2068307,https://www.kmart.com.au/wcsstore/Kmart/images/ncatalog/sz/6/42607496-1-sz.jpg,1.50,-,Not Rated,0,;,
002721c1-343d-4817-940f-c8c24ee8e850,Home & Living,https://www.kmart.com.au/category/home-&-living/party-cards-&-wrap/tableware/398006#.plp-wrapper,Tableware,https://www.kmart.com.au/category/home-&-living/party-cards-&-wrap/tableware/398006#.plp-wrapper,6 Pack Gold Look Polka Dot Food Trays,https://www.kmart.com.au/product/6-pack-gold-look-polka-dot-food-trays/2062310,https://www.kmart.com.au/wcsstore/Kmart/images/ncatalog/sz/9/42610229-1-sz.jpg,2.00,-,5.0 ,6 ,;,
0b68c06b-78fb-4cf0-b121-3d6adda59ee2,Home & Living,https://www.kmart.com.au/category/home-&-living/party-cards-&-wrap/tableware/398006#.plp-wrapper,Tableware,https://www.kmart.com.au/category/home-&-living/party-cards-&-wrap/tableware/398006#.plp-wrapper,16 Pack Rose Gold Look Foil Plates,https://www.kmart.com.au/product/16-pack-rose-gold-look-foil-plates/1959406,https://www.kmart.com.au/wcsstore/Kmart/images/ncatalog/sz/2/42607342-1-sz.jpg,3.00,-,3.0 ,1 ,;,
b656e5d9-636f-48b2-9ed1-1725d20b795c,Home & Living,https://www.kmart.com.au/category/home-&-living/party-cards-&-wrap/tableware/398006#.plp-wrapper,Tableware,https://www.kmart.com.au/category/home-&-living/party-cards-&-wrap/tableware/398006#.plp-wrapper,16 Pack Aqua Plates,https://www.kmart.com.au/product/16-pack-aqua-plates/2010302,https://www.kmart.com.au/wcsstore/Kmart/images/ncatalog/sz/3/42549963-1-sz.jpg,1.50,-,5.0 ,1 ,;,
65d65cea-87d0-4e7b-9dc6-c00c9adf1577,Home & Living,https://www.kmart.com.au/category/home-&-living/party-cards-&-wrap/tableware/398006#.plp-wrapper,Tableware,https://www.kmart.com.au/category/home-&-living/party-cards-&-wrap/tableware/398006#.plp-wrapper,25 Pack Aqua Cups,https://www.kmart.com.au/product/25-pack-aqua-cups/2017301,https://www.kmart.com.au/wcsstore/Kmart/images/ncatalog/sz/0/42549970-1-sz.jpg,1.50,-,3.0 ,1 ,;,
88286f6f-ec15-4fee-8120-56a636336be9,Home & Living,https://www.kmart.com.au/category/home-&-living/party-cards-&-wrap/tableware/398006#.plp-wrapper,Tableware,https://www.kmart.com.au/category/home-&-living/party-cards-&-wrap/tableware/398006#.plp-wrapper,18 Pack Gold Look Cutlery Set,https://www.kmart.com.au/product/18-pack-gold-look-cutlery-set/2014804,https://www.kmart.com.au/wcsstore/Kmart/images/ncatalog/sz/3/42529613-1-sz.jpg,2.00,-,4.8 ,5 ,;,
95d29d89-a0ea-4b71-958c-7151945d02b8,Home & Living,https://www.kmart.com.au/category/home-&-living/party-cards-&-wrap/tableware/398006#.plp-wrapper,Tableware,https://www.kmart.com.au/category/home-&-living/party-cards-&-wrap/tableware/398006#.plp-wrapper,Ice Bucket,https://www.kmart.com.au/product/ice-bucket/2010324,https://www.kmart.com.au/wcsstore/Kmart/images/ncatalog/sz/5/42601265-1-sz.jpg,4.50,-,3.5 ,2 ,;,
36852a47-7de1-41f1-8b44-39d8819642cf,Home & Living,https://www.kmart.com.au/category/home-&-living/party-cards-&-wrap/tableware/398006#.plp-wrapper,Tableware,https://www.kmart.com.au/category/home-&-living/party-cards-&-wrap/tableware/398006#.plp-wrapper,Rainbow Tablecover,https://www.kmart.com.au/product/rainbow-tablecover/2023826,https://www.kmart.com.au/wcsstore/Kmart/images/ncatalog/sz/2/42566472-1-sz.jpg,2.00,-,4.7 ,3 ,;,
7d304cc4-248e-42cc-aab2-318af4521f02,Home & Living,https://www.kmart.com.au/category/home-&-living/party-cards-&-wrap/tableware/398006#.plp-wrapper,Tableware,https://www.kmart.com.au/category/home-&-living/party-cards-&-wrap/tableware/398006#.plp-wrapper,Confetti Tablecover,https://www.kmart.com.au/product/confetti-tablecover/2023827,https://www.kmart.com.au/wcsstore/Kmart/images/ncatalog/sz/9/42566489-1-sz.jpg,2.00,-,5.0 ,4 ,;,
f6cbc9f5-a568-4576-83f3-c49ab302d389,Home & Living,https://www.kmart.com.au/category/home-&-living/party-cards-&-wrap/tableware/398006#.plp-wrapper,Tableware,https://www.kmart.com.au/category/home-&-living/party-cards-&-wrap/tableware/398006#.plp-wrapper,16 Pack Pastel Rainbow Plates,https://www.kmart.com.au/product/16-pack-pastel-rainbow-plates/1959303,https://www.kmart.com.au/wcsstore/Kmart/images/ncatalog/sz/1/42546931-1-sz.jpg,3.00,-,5.0 ,2 ,;,
9d74aa9c-35c6-4a2d-9cbd-50306545f1fd,Home & Living,https://www.kmart.com.au/category/home-&-living/party-cards-&-wrap/tableware/398006#.plp-wrapper,Tableware,https://www.kmart.com.au/category/home-&-living/party-cards-&-wrap/tableware/398006#.plp-wrapper,24 Pack Yay Cups - Pink,https://www.kmart.com.au/product/24-pack-yay-cups---pink/1959306,https://www.kmart.com.au/wcsstore/Kmart/images/ncatalog/sz/7/42549987-1-sz.jpg,2.50,-,4.6 ,5 ,;,
269b2fa1-1440-42ee-8b39-3ed0b7df359b,Home & Living,https://www.kmart.com.au/category/home-&-living/party-cards-&-wrap/tableware/398006#.plp-wrapper,Tableware,https://www.kmart.com.au/category/home-&-living/party-cards-&-wrap/tableware/398006#.plp-wrapper,20 Pack Gold Look Polka Dot Napkins,https://www.kmart.com.au/product/20-pack-gold-look-polka-dot-napkins/1959308,https://www.kmart.com.au/wcsstore/Kmart/images/ncatalog/sz/1/42550211-1-sz.jpg,2.00,-,Not Rated,0,;,
84f6b670-0e6e-4cc4-b4fb-20cbae4676fa,Home & Living,https://www.kmart.com.au/category/home-&-living/party-cards-&-wrap/tableware/398006#.plp-wrapper,Tableware,https://www.kmart.com.au/category/home-&-living/party-cards-&-wrap/tableware/398006#.plp-wrapper,12 Pack Gold Look Foil Cups,https://www.kmart.com.au/product/12-pack-gold-look-foil-cups/1959313,https://www.kmart.com.au/wcsstore/Kmart/images/ncatalog/sz/4/42561774-1-sz.jpg,3.00,-,4.0 ,2 ,;,
362b7679-2081-4e65-99af-27d1a1ca60d8,Home & Living,https://www.kmart.com.au/category/home-&-living/party-cards-&-wrap/tableware/398006#.plp-wrapper,Tableware,https://www.kmart.com.au/category/home-&-living/party-cards-&-wrap/tableware/398006#.plp-wrapper,16 Pack Foil Dessert Bowls,https://www.kmart.com.au/product/16-pack-foil-dessert-bowls/1970816,https://www.kmart.com.au/wcsstore/Kmart/images/ncatalog/sz/4/42580904-1-sz.jpg,2.00,-,5.0 ,4 ,;,
4fb6ef10-08ce-40e2-a70f-a0cfc4b313c3,Home & Living,https://www.kmart.com.au/category/home-&-living/party-cards-&-wrap/tableware/398006#.plp-wrapper,Tableware,https://www.kmart.com.au/category/home-&-living/party-cards-&-wrap/tableware/398006#.plp-wrapper,4 Pack Mini Blackboards,https://www.kmart.com.au/product/4-pack-mini-blackboards/1909810,https://www.kmart.com.au/wcsstore/Kmart/images/ncatalog/sz/0/42547990-1-sz.jpg,2.25,-,4.4 ,5 ,;,
477d50d2-e5e2-439d-adf1-b37c4eac91b7,Home & Living,https://www.kmart.com.au/category/home-&-living/party-cards-&-wrap/tableware/398006#.plp-wrapper,Tableware,https://www.kmart.com.au/category/home-&-living/party-cards-&-wrap/tableware/398006#.plp-wrapper,6 Pack Glitter Plates,https://www.kmart.com.au/product/6-pack-glitter-plates/1910002,https://www.kmart.com.au/wcsstore/Kmart/images/ncatalog/sz/5/42584025-1-sz.jpg,4.00,-,5.0 ,4 ,;,
8cbdae2e-1c81-4e7b-bff6-444ab67d2341,Home & Living,https://www.kmart.com.au/category/home-&-living/party-cards-&-wrap/tableware/398006#.plp-wrapper,Tableware,https://www.kmart.com.au/category/home-&-living/party-cards-&-wrap/tableware/398006#.plp-wrapper,Printed Candy Bowl,https://www.kmart.com.au/product/printed-candy-bowl/1908352,https://www.kmart.com.au/wcsstore/Kmart/images/ncatalog/sz/5/42547365-1-sz.jpg,3.50,-,Not Rated,0,;,
2bc50572-dd1c-4932-8250-f7ff9dfe2d2a,Home & Living,https://www.kmart.com.au/category/home-&-living/party-cards-&-wrap/tableware/398006#.plp-wrapper,Tableware,https://www.kmart.com.au/category/home-&-living/party-cards-&-wrap/tableware/398006#.plp-wrapper,12 Pack Glitter Cups,https://www.kmart.com.au/product/12-pack-glitter-cups/1908354,https://www.kmart.com.au/wcsstore/Kmart/images/ncatalog/sz/3/42547143-1-sz.jpg,3.00,-,4.0 ,2 ,;,
aaeedece-96c8-4e25-b216-6c67c8ac0f62,Home & Living,https://www.kmart.com.au/category/home-&-living/party-cards-&-wrap/tableware/398006#.plp-wrapper,Tableware,https://www.kmart.com.au/category/home-&-living/party-cards-&-wrap/tableware/398006#.plp-wrapper,6 Pack Glitter Dessert Plates,https://www.kmart.com.au/product/6-pack-glitter-dessert-plates/1910001,https://www.kmart.com.au/wcsstore/Kmart/images/ncatalog/sz/8/42584018-1-sz.jpg,3.00,-,Not Rated,0,;,
045c8939-b1f1-4a00-b856-b26dd66177d7,Home & Living,https://www.kmart.com.au/category/home-&-living/party-cards-&-wrap/tableware/398006#.plp-wrapper,Tableware,https://www.kmart.com.au/category/home-&-living/party-cards-&-wrap/tableware/398006#.plp-wrapper,200 Pack Toothpicks,https://www.kmart.com.au/product/200-pack-toothpicks/1908372,https://www.kmart.com.au/wcsstore/Kmart/images/ncatalog/sz/7/42556527-1-sz.jpg,2.00,-,3.5 ,2 ,;,
f11ab19a-f9ab-4532-9184-3c3bb1862bff,Home & Living,https://www.kmart.com.au/category/home-&-living/party-cards-&-wrap/tableware/398006#.plp-wrapper,Tableware,https://www.kmart.com.au/category/home-&-living/party-cards-&-wrap/tableware/398006#.plp-wrapper,20 Pack Eat Drink Enjoy Napkins,https://www.kmart.com.au/product/20-pack-eat-drink-enjoy-napkins/1692324,https://www.kmart.com.au/wcsstore/Kmart/images/ncatalog/sz/6/42524526-1-sz.jpg,2.00,-,4.6 ,5 ,;,
5bcf68d7-07c4-472b-8bb9-c1535a71a1dd,Home & Living,https://www.kmart.com.au/category/home-&-living/party-cards-&-wrap/tableware/398006#.plp-wrapper,Tableware,https://www.kmart.com.au/category/home-&-living/party-cards-&-wrap/tableware/398006#.plp-wrapper,16 Pack Gold Look Foil Dessert Plates,https://www.kmart.com.au/product/16-pack-gold-look-foil-dessert-plates/1692331,https://www.kmart.com.au/wcsstore/Kmart/images/ncatalog/sz/4/42524694-1-sz.jpg,2.00,-,5.0 ,4 ,;,
f02f1e2c-0d36-4acb-979c-5f180718dd9d,Home & Living,https://www.kmart.com.au/category/home-&-living/party-cards-&-wrap/tableware/398006#.plp-wrapper,Tableware,https://www.kmart.com.au/category/home-&-living/party-cards-&-wrap/tableware/398006#.plp-wrapper,24 Pack Craft Cups,https://www.kmart.com.au/product/24-pack-craft-cups/1692332,https://www.kmart.com.au/wcsstore/Kmart/images/ncatalog/sz/1/42524731-1-sz.jpg,3.00,-,5.0 ,3 ,;,
601cceb5-fbc3-4068-bee5-8e30af9a734f,Home & Living,https://www.kmart.com.au/category/home-&-living/party-cards-&-wrap/tableware/398006#.plp-wrapper,Tableware,https://www.kmart.com.au/category/home-&-living/party-cards-&-wrap/tableware/398006#.plp-wrapper,Glitter Cup with Straw,https://www.kmart.com.au/product/glitter-cup-with-straw/1604816,https://www.kmart.com.au/wcsstore/Kmart/images/ncatalog/sz/7/42497387-1-sz.jpg,3.00,-,4.8 ,14 ,;,
c1da5252-135c-426e-a224-aea90a358d71,Home & Living,https://www.kmart.com.au/category/home-&-living/party-cards-&-wrap/tableware/398006#.plp-wrapper,Tableware,https://www.kmart.com.au/category/home-&-living/party-cards-&-wrap/tableware/398006#.plp-wrapper,10 Pack Plastic Takeaway Containers,https://www.kmart.com.au/product/10-pack-plastic-takeaway-containers/1552802,https://www.kmart.com.au/wcsstore/Kmart/images/ncatalog/sz/1/42483021-1-sz.jpg,2.25,-,5.0 ,5 ,;,
ab6b583a-267d-451b-a578-d570cb9ddd41,Home & Living,https://www.kmart.com.au/category/home-&-living/party-cards-&-wrap/tableware/398006#.plp-wrapper,Tableware,https://www.kmart.com.au/category/home-&-living/party-cards-&-wrap/tableware/398006#.plp-wrapper,1.5L Plastic Jug,https://www.kmart.com.au/product/1.5l-plastic-jug/1552803,https://www.kmart.com.au/wcsstore/Kmart/images/ncatalog/sz/5/42483045-1-sz.jpg,2.25,-,4.0 ,4 ,;,
80743b2e-72a7-4587-ae87-fbd278ad68de,Home & Living,https://www.kmart.com.au/category/home-&-living/party-cards-&-wrap/tableware/398006#.plp-wrapper,Tableware,https://www.kmart.com.au/category/home-&-living/party-cards-&-wrap/tableware/398006#.plp-wrapper,24 Pack Cups - Silver Look,https://www.kmart.com.au/product/24-pack-cups---silver-look/1434316,https://www.kmart.com.au/wcsstore/Kmart/images/ncatalog/sz/9/42482949-1-sz.jpg,3.00,-,4.0 ,3 ,;,
1e20e2ca-8911-4e8c-8b6c-0b9c722fc3f7,Home & Living,https://www.kmart.com.au/category/home-&-living/party-cards-&-wrap/tableware/398006#.plp-wrapper,Tableware,https://www.kmart.com.au/category/home-&-living/party-cards-&-wrap/tableware/398006#.plp-wrapper,12 Pack Cupcake Set,https://www.kmart.com.au/product/12-pack-cupcake-set/1461821,https://www.kmart.com.au/wcsstore/Kmart/images/ncatalog/sz/7/42483007-1-sz.jpg,2.25,-,Not Rated,0,;Back online soon,
67347f08-6386-4b4d-8014-db02201471df,Home & Living,https://www.kmart.com.au/category/home-&-living/party-cards-&-wrap/tableware/398006#.plp-wrapper,Tableware,https://www.kmart.com.au/category/home-&-living/party-cards-&-wrap/tableware/398006#.plp-wrapper,Plastic Dessert Stand,https://www.kmart.com.au/product/plastic-dessert-stand/1474814,https://www.kmart.com.au/wcsstore/Kmart/images/ncatalog/sz/4/42482994-1-sz.jpg,3.50,-,5.0 ,7 ,;,
81ad3c88-f95a-4549-b444-5696fab7c235,Home & Living,https://www.kmart.com.au/category/home-&-living/party-cards-&-wrap/tableware/398006#.plp-wrapper,Tableware,https://www.kmart.com.au/category/home-&-living/party-cards-&-wrap/tableware/398006#.plp-wrapper,18 Pack Gold Look Glittery Cutlery,https://www.kmart.com.au/product/18-pack-gold-look-glittery-cutlery/1509806,https://www.kmart.com.au/wcsstore/Kmart/images/ncatalog/sz/8/42482888-1-sz.jpg,2.00,-,5.0 ,2 ,;,
46d842df-bc24-41a2-8bb7-f70b48713fd7,Home & Living,https://www.kmart.com.au/category/home-&-living/party-cards-&-wrap/tableware/398006#.plp-wrapper,Tableware,https://www.kmart.com.au/category/home-&-living/party-cards-&-wrap/tableware/398006#.plp-wrapper,12 Pack Wine Glasses,https://www.kmart.com.au/product/12-pack-wine-glasses/1509807,https://www.kmart.com.au/wcsstore/Kmart/images/ncatalog/sz/8/42482918-1-sz.jpg,5.00,-,Not Rated,0,;,
7d43207f-9cd8-4af3-8b93-e2f0ff860027,Home & Living,https://www.kmart.com.au/category/home-&-living/party-cards-&-wrap/tableware/398006#.plp-wrapper,Tableware,https://www.kmart.com.au/category/home-&-living/party-cards-&-wrap/tableware/398006#.plp-wrapper,25 Pack Hot Cups,https://www.kmart.com.au/product/25-pack-hot-cups/1166804,https://www.kmart.com.au/wcsstore/Kmart/images/ncatalog/sz/5/42411505-1-sz.jpg,5.00,-,5.0 ,5 ,;,
431bd11e-20bd-4267-ab84-3879414452b3,Home & Living,https://www.kmart.com.au/category/home-&-living/party-cards-&-wrap/tableware/398006#.plp-wrapper,Tableware,https://www.kmart.com.au/category/home-&-living/party-cards-&-wrap/tableware/398006#.plp-wrapper,White Rectangle Food Tray,https://www.kmart.com.au/product/white-rectangle-food-tray/1166811,https://www.kmart.com.au/wcsstore/Kmart/images/ncatalog/sz/1/42416371-1-sz.jpg,2.00,-,5.0 ,1 ,;,
5e7f41e7-8936-46ed-ab74-92617cbcc173,Home & Living,https://www.kmart.com.au/category/home-&-living/party-cards-&-wrap/tableware/398006#.plp-wrapper,Tableware,https://www.kmart.com.au/category/home-&-living/party-cards-&-wrap/tableware/398006#.plp-wrapper,White Tablecover,https://www.kmart.com.au/product/white-tablecover/1168301,https://www.kmart.com.au/wcsstore/Kmart/images/ncatalog/sz/7/42413417-1-sz.jpg,1.00,-,4.0 ,3 ,;,
71965fd7-4940-456a-88fc-faf514c0e13a,Home & Living,https://www.kmart.com.au/category/home-&-living/party-cards-&-wrap/tableware/398006#.plp-wrapper,Tableware,https://www.kmart.com.au/category/home-&-living/party-cards-&-wrap/tableware/398006#.plp-wrapper,18 Pack Cutlery,https://www.kmart.com.au/product/18-pack-cutlery/1025810,https://www.kmart.com.au/wcsstore/Kmart/images/ncatalog/sz/5/42417125-1-sz.jpg,2.00,-,4.6 ,5 ,;,
0372a3b8-da24-4343-b10a-6a3952c9291e,Home & Living,https://www.kmart.com.au/category/home-&-living/party-cards-&-wrap/tableware/398006#.plp-wrapper,Tableware,https://www.kmart.com.au/category/home-&-living/party-cards-&-wrap/tableware/398006#.plp-wrapper,12 Pack Wooden Plates,https://www.kmart.com.au/product/12-pack-wooden-plates/1078449,https://www.kmart.com.au/wcsstore/Kmart/images/ncatalog/sz/6/42416456-1-sz.jpg,3.00,-,4.8 ,14 ,;,
7ca3e6ff-6350-4a9c-9b78-806a26fb8f5b,Home & Living,https://www.kmart.com.au/category/home-&-living/party-cards-&-wrap/tableware/398006#.plp-wrapper,Tableware,https://www.kmart.com.au/category/home-&-living/party-cards-&-wrap/tableware/398006#.plp-wrapper,White Cotton Tablecloth,https://www.kmart.com.au/product/white-cotton-tablecloth/1068314,https://www.kmart.com.au/wcsstore/Kmart/images/ncatalog/sz/4/42371694-1-sz.jpg,12.00,-,4.3 ,16 ,;,
7b4d821c-a7a1-4b92-93a5-89d2398b5082,Home & Living,https://www.kmart.com.au/category/home-&-living/party-cards-&-wrap/tableware/398006#.plp-wrapper,Tableware,https://www.kmart.com.au/category/home-&-living/party-cards-&-wrap/tableware/398006#.plp-wrapper,50 Pack Heavy Duty Paper Plates,https://www.kmart.com.au/product/50-pack-heavy-duty-paper-plates/1032319,https://www.kmart.com.au/wcsstore/Kmart/images/ncatalog/sz/7/42384267-1-sz.jpg,12.00,-,5.0 ,9 ,;,
fe1a6111-df2d-45a3-a173-31870053b6c9,Home & Living,https://www.kmart.com.au/category/home-&-living/party-cards-&-wrap/tableware/398006#.plp-wrapper,Tableware,https://www.kmart.com.au/category/home-&-living/party-cards-&-wrap/tableware/398006#.plp-wrapper,100 Pack White Napkins,https://www.kmart.com.au/product/100-pack-white-napkins/986830,https://www.kmart.com.au/wcsstore/Kmart/images/ncatalog/sz/7/42388487-1-sz.jpg,5.00,-,4.7 ,3 ,;,
b221d4e1-51c0-4c49-b3a3-ae24acc4589e,Home & Living,https://www.kmart.com.au/category/home-&-living/party-cards-&-wrap/tableware/398006#.plp-wrapper,Tableware,https://www.kmart.com.au/category/home-&-living/party-cards-&-wrap/tableware/398006#.plp-wrapper,8 Pack Clear Plastic Bowls,https://www.kmart.com.au/product/8-pack-clear-plastic-bowls/1011306,https://www.kmart.com.au/wcsstore/Kmart/images/ncatalog/sz/5/42382645-1-sz.jpg,3.50,-,5.0 ,1 ,;,
9bc3f9b3-e7fb-4e7f-bd87-d0bdcd8097b1,Home & Living,https://www.kmart.com.au/category/home-&-living/party-cards-&-wrap/tableware/398006#.plp-wrapper,Tableware,https://www.kmart.com.au/category/home-&-living/party-cards-&-wrap/tableware/398006#.plp-wrapper,30 Pack Plastic Glasses,https://www.kmart.com.au/product/30-pack-plastic-glasses/1011308,https://www.kmart.com.au/wcsstore/Kmart/images/ncatalog/sz/2/42385592-1-sz.jpg,3.00,-,4.0 ,2 ,;,
3dec32c4-e806-44f4-aa44-3743b0f5f673,Home & Living,https://www.kmart.com.au/category/home-&-living/party-cards-&-wrap/tableware/398006#.plp-wrapper,Tableware,https://www.kmart.com.au/category/home-&-living/party-cards-&-wrap/tableware/398006#.plp-wrapper,Scallop-Edged Container,https://www.kmart.com.au/product/scallop-edged-container/946811,https://www.kmart.com.au/wcsstore/Kmart/images/ncatalog/sz/9/42347729-1-sz.jpg,2.25,-,Not Rated,0,;,
1294b9c2-4764-4f5b-8564-06a227f03c54,Home & Living,https://www.kmart.com.au/category/home-&-living/party-cards-&-wrap/tableware/398006#.plp-wrapper,Tableware,https://www.kmart.com.au/category/home-&-living/party-cards-&-wrap/tableware/398006#.plp-wrapper,Clear Candy Bowl,https://www.kmart.com.au/product/clear-candy-bowl/946813,https://www.kmart.com.au/wcsstore/Kmart/images/ncatalog/sz/3/42347743-1-sz.jpg,2.25,-,Not Rated,0,;,
365f8efa-9cb8-4d2e-aaf1-b9d4f7dd1a6c,Home & Living,https://www.kmart.com.au/category/home-&-living/party-cards-&-wrap/tableware/398006#.plp-wrapper,Tableware,https://www.kmart.com.au/category/home-&-living/party-cards-&-wrap/tableware/398006#.plp-wrapper,3 Section Mix Tray,https://www.kmart.com.au/product/3-section-mix-tray/946817,https://www.kmart.com.au/wcsstore/Kmart/images/ncatalog/sz/7/42347767-1-sz.jpg,2.00,-,2.5 ,2 ,;,
d80ac9cc-ecfb-4183-bd38-3d11d4ea92b9,Home & Living,https://www.kmart.com.au/category/home-&-living/party-cards-&-wrap/tableware/398006#.plp-wrapper,Tableware,https://www.kmart.com.au/category/home-&-living/party-cards-&-wrap/tableware/398006#.plp-wrapper,Plastic Food Platter,https://www.kmart.com.au/product/plastic-food-platter/946835,https://www.kmart.com.au/wcsstore/Kmart/images/ncatalog/sz/2/42369912-1-sz.jpg,2.00,-,5.0 ,2 ,;,
a0f96a54-378b-4d38-ac44-53bc0ed41dd8,Home & Living,https://www.kmart.com.au/category/home-&-living/party-cards-&-wrap/tableware/398006#.plp-wrapper,Tableware,https://www.kmart.com.au/category/home-&-living/party-cards-&-wrap/tableware/398006#.plp-wrapper,30 Pack 2 Ply Napkins - White,https://www.kmart.com.au/product/30-pack-2-ply-napkins---white/946837,https://www.kmart.com.au/wcsstore/Kmart/images/ncatalog/sz/0/42373650-1-sz.jpg,1.00,-,5.0 ,4 ,;,
d31406b2-1d46-495c-a802-a1b6913ba18b,Home & Living,https://www.kmart.com.au/category/home-&-living/party-cards-&-wrap/tableware/398006#.plp-wrapper,Tableware,https://www.kmart.com.au/category/home-&-living/party-cards-&-wrap/tableware/398006#.plp-wrapper,18 Pack Clear Cutlery Set,https://www.kmart.com.au/product/18-pack-clear-cutlery-set/946911,https://www.kmart.com.au/wcsstore/Kmart/images/ncatalog/sz/6/42382416-1-sz.jpg,2.00,-,Not Rated,0,;,
b72d16a2-d0e8-48f0-a267-e34cd2b9f1ef,Home & Living,https://www.kmart.com.au/category/home-&-living/party-cards-&-wrap/tableware/398006#.plp-wrapper,Tableware,https://www.kmart.com.au/category/home-&-living/party-cards-&-wrap/tableware/398006#.plp-wrapper,30 Pack Clear Shot Plastic Glasses,https://www.kmart.com.au/product/30-pack-clear-shot-plastic-glasses/919823,https://www.kmart.com.au/wcsstore/Kmart/images/ncatalog/sz/5/42352655-1-sz.jpg,3.00,-,5.0 ,1 ,;,
1a7fc82d-a5dc-4201-96c3-ad403153753a,Home & Living,https://www.kmart.com.au/category/home-&-living/party-cards-&-wrap/tableware/398006#.plp-wrapper,Tableware,https://www.kmart.com.au/category/home-&-living/party-cards-&-wrap/tableware/398006#.plp-wrapper,Chip & Dip Tray,https://www.kmart.com.au/product/chip--dip-tray/867911,https://www.kmart.com.au/wcsstore/Kmart/images/ncatalog/sz/9/42216179-1-sz.jpg,2.00,-,5.0 ,1 ,;,
d2950622-e2fd-465c-b002-1f5b78db84d5,Home & Living,https://www.kmart.com.au/category/home-&-living/party-cards-&-wrap/tableware/398006#.plp-wrapper,Tableware,https://www.kmart.com.au/category/home-&-living/party-cards-&-wrap/tableware/398006#.plp-wrapper,50 Pack Black Napkins,https://www.kmart.com.au/product/50-pack-black-napkins/844811,https://www.kmart.com.au/wcsstore/Kmart/images/ncatalog/sz/9/42283959-1-sz.jpg,2.00,-,5.0 ,4 ,;,
0746f99c-b443-42ea-ba2b-25277305e0e5,Home & Living,https://www.kmart.com.au/category/home-&-living/party-cards-&-wrap/tableware/398006#.plp-wrapper,Tableware,https://www.kmart.com.au/category/home-&-living/party-cards-&-wrap/tableware/398006#.plp-wrapper,6 Pack Tablecover Clips,https://www.kmart.com.au/product/6-pack-tablecover-clips/748113,https://www.kmart.com.au/wcsstore/Kmart/images/ncatalog/sz/3/42078883-1-sz.jpg,1.00,-,5.0 ,5 ,;,
bab728ba-9f6e-480c-8993-f33ea8b6c9cd,Home & Living,https://www.kmart.com.au/category/home-&-living/party-cards-&-wrap/tableware/398006#.plp-wrapper,Tableware,https://www.kmart.com.au/category/home-&-living/party-cards-&-wrap/tableware/398006#.plp-wrapper,24 Pack Plastic Cups - White,https://www.kmart.com.au/product/24-pack-plastic-cups---white/748351,https://www.kmart.com.au/wcsstore/Kmart/images/ncatalog/sz/3/42217213-1-sz.jpg,1.00,-,4.0 ,1 ,;,
a49dda0c-f89e-4e8e-9f66-935a11cf9977,Home & Living,https://www.kmart.com.au/category/home-&-living/party-cards-&-wrap/tableware/398006#.plp-wrapper,Tableware,https://www.kmart.com.au/category/home-&-living/party-cards-&-wrap/tableware/398006#.plp-wrapper,12 Pack 450ml Clear Plastic Cups,https://www.kmart.com.au/product/12-pack-450ml-clear-plastic-cups/725807,https://www.kmart.com.au/wcsstore/Kmart/images/ncatalog/sz/8/42217008-1-sz.jpg,2.00,-,Not Rated,0,;,
690f8c12-c800-4f7b-9d65-6ece856e30a2,Home & Living,https://www.kmart.com.au/category/home-&-living/party-cards-&-wrap/tableware/398006#.plp-wrapper,Tableware,https://www.kmart.com.au/category/home-&-living/party-cards-&-wrap/tableware/398006#.plp-wrapper,6 Pack 160ml Clear Plastic Wine Glasses,https://www.kmart.com.au/product/6-pack-160ml-clear-plastic-wine-glasses/725809,https://www.kmart.com.au/wcsstore/Kmart/images/ncatalog/sz/8/42217138-1-sz.jpg,2.00,-,Not Rated,0,;,
19291929-04b0-4084-b823-4857663274f9,Home & Living,https://www.kmart.com.au/category/home-&-living/party-cards-&-wrap/tableware/398006#.plp-wrapper,Tableware,https://www.kmart.com.au/category/home-&-living/party-cards-&-wrap/tableware/398006#.plp-wrapper,6 Pack 140ml Clear Plastic Champagne Glasses,https://www.kmart.com.au/product/6-pack-140ml-clear-plastic-champagne-glasses/725811,https://www.kmart.com.au/wcsstore/Kmart/images/ncatalog/sz/5/42217145-1-sz.jpg,2.00,-,Not Rated,0,;,
4ec1435d-3947-4135-8cca-95815812e031,Home & Living,https://www.kmart.com.au/category/home-&-living/party-cards-&-wrap/tableware/398006#.plp-wrapper,Tableware,https://www.kmart.com.au/category/home-&-living/party-cards-&-wrap/tableware/398006#.plp-wrapper,24 Pack White Plastic Spoons,https://www.kmart.com.au/product/24-pack-white-plastic-spoons/725821,https://www.kmart.com.au/wcsstore/Kmart/images/ncatalog/sz/4/42218524-1-sz.jpg,1.00,-,Not Rated,0,;,
ea2662fe-0e25-4fbc-84bd-fef22310b03f,Home & Living,https://www.kmart.com.au/category/home-&-living/party-cards-&-wrap/tableware/398006#.plp-wrapper,Tableware,https://www.kmart.com.au/category/home-&-living/party-cards-&-wrap/tableware/398006#.plp-wrapper,24 Pack White Plastic Forks,https://www.kmart.com.au/product/24-pack-white-plastic-forks/725823,https://www.kmart.com.au/wcsstore/Kmart/images/ncatalog/sz/6/42218616-1-sz.jpg,1.00,-,Not Rated,0,;,
6ac5ea14-4abf-4f5e-bb44-be8b186fa6cc,Home & Living,https://www.kmart.com.au/category/home-&-living/party-cards-&-wrap/tableware/398006#.plp-wrapper,Tableware,https://www.kmart.com.au/category/home-&-living/party-cards-&-wrap/tableware/398006#.plp-wrapper,24 Pack White Plastic Knives,https://www.kmart.com.au/product/24-pack-white-plastic-knives/725825,https://www.kmart.com.au/wcsstore/Kmart/images/ncatalog/sz/0/42218630-1-sz.jpg,1.00,-,Not Rated,0,;,
e0707f07-19bf-4a7d-a81d-fb2cdc53783b,Home & Living,https://www.kmart.com.au/category/home-&-living/party-cards-&-wrap/tableware/398006#.plp-wrapper,Tableware,https://www.kmart.com.au/category/home-&-living/party-cards-&-wrap/tableware/398006#.plp-wrapper,12 Pack White Plastic Bowls,https://www.kmart.com.au/product/12-pack-white-plastic-bowls/725831,https://www.kmart.com.au/wcsstore/Kmart/images/ncatalog/sz/7/42218807-1-sz.jpg,1.00,-,Not Rated,0,;,
b05ab748-a2d2-436e-9f79-3bbc96758b87,Home & Living,https://www.kmart.com.au/category/home-&-living/party-cards-&-wrap/tableware/398006#.plp-wrapper,Tableware,https://www.kmart.com.au/category/home-&-living/party-cards-&-wrap/tableware/398006#.plp-wrapper,12 Pack White Plastic Plates,https://www.kmart.com.au/product/12-pack-white-plastic-plates/725833,https://www.kmart.com.au/wcsstore/Kmart/images/ncatalog/sz/6/42218876-1-sz.jpg,1.00,-,Not Rated,0,;,
bb103bfa-57e9-4e94-8ae1-f8e6a936ca34,Home & Living,https://www.kmart.com.au/category/home-&-living/party-cards-&-wrap/tableware/398006#.plp-wrapper,Tableware,https://www.kmart.com.au/category/home-&-living/party-cards-&-wrap/tableware/398006#.plp-wrapper,12 Pack Small White Plastic Plates,https://www.kmart.com.au/product/12-pack-small-white-plastic-plates/725835,https://www.kmart.com.au/wcsstore/Kmart/images/ncatalog/sz/4/42218944-1-sz.jpg,1.00,-,Not Rated,0,;,
7d0fdf30-fc1e-4f58-b28c-d6441435b984,Home & Living,https://www.kmart.com.au/category/home-&-living/party-cards-&-wrap/tableware/398006#.plp-wrapper,Tableware,https://www.kmart.com.au/category/home-&-living/party-cards-&-wrap/tableware/398006#.plp-wrapper,Clear Plastic Bowl - 25cm,https://www.kmart.com.au/product/clear-plastic-bowl---25cm/724875,https://www.kmart.com.au/wcsstore/Kmart/images/ncatalog/sz/6/42216186-1-sz.jpg,3.50,-,Not Rated,0,;,
39da95ed-4223-487b-9601-7565ac56cdd7,Home & Living,https://www.kmart.com.au/category/home-&-living/party-cards-&-wrap/tableware/398006#.plp-wrapper,Tableware,https://www.kmart.com.au/category/home-&-living/party-cards-&-wrap/tableware/398006#.plp-wrapper,5 Pack Squiggle Loop Straws,https://www.kmart.com.au/product/5-pack-squiggle-loop-straws/692369,https://www.kmart.com.au/wcsstore/Kmart/images/ncatalog/sz/7/42058687-1-sz.jpg,2.00,-,Not Rated,0,;,
833c80f3-8d26-4ed0-b398-1b09f3d2e1c4,Home & Living,https://www.kmart.com.au/category/home-&-living/party-cards-&-wrap/tableware/398006#.plp-wrapper,Tableware,https://www.kmart.com.au/category/home-&-living/party-cards-&-wrap/tableware/398006#.plp-wrapper,20 Pack College Cups,https://www.kmart.com.au/product/20-pack-college-cups/692399,https://www.kmart.com.au/wcsstore/Kmart/images/ncatalog/sz/9/42078869-1-sz.jpg,3.50,-,Not Rated,0,;,
fe1be836-237c-4be4-84fc-d27ff046105a,Home & Living,https://www.kmart.com.au/category/home-&-living/party-cards-&-wrap/tableware/398006#.plp-wrapper,Tableware,https://www.kmart.com.au/category/home-&-living/party-cards-&-wrap/tableware/398006#.plp-wrapper,Silver Look Centrepiece,https://www.kmart.com.au/product/silver-look-centrepiece/679323,https://www.kmart.com.au/wcsstore/Kmart/images/ncatalog/sz/5/42058755-1-sz.jpg,2.00,-,Not Rated,0,;,
67eb63e9-b0b2-4127-aff1-70cf39df4fdf,Home & Living,https://www.kmart.com.au/category/home-&-living/party-cards-&-wrap/tableware/398006#.plp-wrapper,Tableware,https://www.kmart.com.au/category/home-&-living/party-cards-&-wrap/tableware/398006#.plp-wrapper,20L Metal Cooler Tub,https://www.kmart.com.au/product/20l-metal-cooler-tub/199319,https://www.kmart.com.au/wcsstore/Kmart/images/ncatalog/sz/6/42029946-1-sz.jpg,10.00,-,Not Rated,0,;,
7ba8a114-532b-40fe-883e-88cc676dcbbd,Home & Living,https://www.kmart.com.au/category/home-&-living/party-cards-&-wrap/tableware/398006#.plp-wrapper,Tableware,https://www.kmart.com.au/category/home-&-living/party-cards-&-wrap/tableware/398006#.plp-wrapper,6 Milk Bottles,https://www.kmart.com.au/product/6-milk-bottles/184305,https://www.kmart.com.au/wcsstore/Kmart/images/ncatalog/sz/4/42025924-1-sz.jpg,5.00,-,Not Rated,0,;,
75d371cb-f103-4493-a288-6e570ad7a0fa,Home & Living,https://www.kmart.com.au/category/home-&-living/party-cards-&-wrap/tableware/398006#.plp-wrapper,Tableware,https://www.kmart.com.au/category/home-&-living/party-cards-&-wrap/tableware/398006#.plp-wrapper,Drink Jar with Straw,https://www.kmart.com.au/product/drink-jar-with-straw/184307,https://www.kmart.com.au/wcsstore/Kmart/images/ncatalog/sz/5/42026785-1-sz.jpg,0.75,-,Not Rated,0,;,
