98dce00c-dbb0-433d-bda0-42db95fa29ee,Sports,https://www.kmart.com.au/category/sports/shop-by-category/pools-&-water-toys/463519#.plp-wrapper,Pools & Water Toys,https://www.kmart.com.au/category/sports/shop-by-category/pools-&-water-toys/463519#.plp-wrapper,River Twister,https://www.kmart.com.au/product/river-twister/3163306,https://www.kmart.com.au/wcsstore/Kmart/images/ncatalog/sz/6/42913856-1-sz.jpg,8.00,-,Not Rated,0,Just Landed ; ,
3788d9bc-1a34-4e15-ac3a-de1cfec19849,Sports,https://www.kmart.com.au/category/sports/shop-by-category/pools-&-water-toys/463519#.plp-wrapper,Pools & Water Toys,https://www.kmart.com.au/category/sports/shop-by-category/pools-&-water-toys/463519#.plp-wrapper,Catch Ball Set - Blue,https://www.kmart.com.au/product/catch-ball-set---blue/3168805,https://www.kmart.com.au/wcsstore/Kmart/images/ncatalog/sz/2/42914662-1-sz.jpg,10.00,-,Not Rated,0,Just Landed ; ,
3ea3b24f-7d78-443e-9a75-f8d4338dc1ee,Sports,https://www.kmart.com.au/category/sports/shop-by-category/pools-&-water-toys/463519#.plp-wrapper,Pools & Water Toys,https://www.kmart.com.au/category/sports/shop-by-category/pools-&-water-toys/463519#.plp-wrapper,Beach Towel - Blue Stripe,https://www.kmart.com.au/product/beach-towel---blue-stripe/3093306,https://www.kmart.com.au/wcsstore/Kmart/images/ncatalog/sz/6/42893776-1-sz.jpg,15.00,-,Not Rated,0,Just Landed ; ,
a7549e4e-8931-4d08-8b59-c57b05dff39c,Sports,https://www.kmart.com.au/category/sports/shop-by-category/pools-&-water-toys/463519#.plp-wrapper,Pools & Water Toys,https://www.kmart.com.au/category/sports/shop-by-category/pools-&-water-toys/463519#.plp-wrapper,Hooded Beach Towel - Blue,https://www.kmart.com.au/product/hooded-beach-towel---blue/3105303,https://www.kmart.com.au/wcsstore/Kmart/images/ncatalog/sz/4/42894414-1-sz.jpg,12.00,-,Not Rated,0,Just Landed ; ,
d43f9a22-3ccb-44e0-b0c1-51afe5fe3b35,Sports,https://www.kmart.com.au/category/sports/shop-by-category/pools-&-water-toys/463519#.plp-wrapper,Pools & Water Toys,https://www.kmart.com.au/category/sports/shop-by-category/pools-&-water-toys/463519#.plp-wrapper,Hooded Beach Towel - Pink,https://www.kmart.com.au/product/hooded-beach-towel---pink/3105304,https://www.kmart.com.au/wcsstore/Kmart/images/ncatalog/sz/8/42894438-1-sz.jpg,12.00,-,Not Rated,0,Just Landed ; Coming soon,
72b91c63-faac-4372-a6e8-32ff19f7b6dc,Sports,https://www.kmart.com.au/category/sports/shop-by-category/pools-&-water-toys/463519#.plp-wrapper,Pools & Water Toys,https://www.kmart.com.au/category/sports/shop-by-category/pools-&-water-toys/463519#.plp-wrapper,Hooded Beach Towel - Charcoal,https://www.kmart.com.au/product/hooded-beach-towel---charcoal/3105305,https://www.kmart.com.au/wcsstore/Kmart/images/ncatalog/sz/6/42895756-1-sz.jpg,15.00,-,Not Rated,0,Just Landed ; Coming soon,
c5a59359-e224-4100-849e-49423ad49665,Sports,https://www.kmart.com.au/category/sports/shop-by-category/pools-&-water-toys/463519#.plp-wrapper,Pools & Water Toys,https://www.kmart.com.au/category/sports/shop-by-category/pools-&-water-toys/463519#.plp-wrapper,Beach Towel - Pink & Grey Stripes,https://www.kmart.com.au/product/beach-towel---pink--grey-stripes/3120304,https://www.kmart.com.au/wcsstore/Kmart/images/ncatalog/sz/2/42893752-1-sz.jpg,15.00,-,Not Rated,0,Just Landed ; ,
b838ca85-38e6-446e-b71b-7e9fb0d8bf1b,Sports,https://www.kmart.com.au/category/sports/shop-by-category/pools-&-water-toys/463519#.plp-wrapper,Pools & Water Toys,https://www.kmart.com.au/category/sports/shop-by-category/pools-&-water-toys/463519#.plp-wrapper,Inflatable Naughts and Crosses,https://www.kmart.com.au/product/inflatable-naughts-and-crosses/3153818,https://www.kmart.com.au/wcsstore/Kmart/images/ncatalog/sz/4/42912224-1-sz.jpg,15.00,-,Not Rated,0,Just Landed ; ,
752dc179-8353-499d-a286-88a276f81129,Sports,https://www.kmart.com.au/category/sports/shop-by-category/pools-&-water-toys/463519#.plp-wrapper,Pools & Water Toys,https://www.kmart.com.au/category/sports/shop-by-category/pools-&-water-toys/463519#.plp-wrapper,Beach Towel - Seahorse,https://www.kmart.com.au/product/beach-towel---seahorse/3123329,https://www.kmart.com.au/wcsstore/Kmart/images/ncatalog/sz/0/42894810-1-sz.jpg,5.00,-,Not Rated,0,Just Landed ; ,
22444ed3-2ff3-4448-b4e2-3e1ecf61a78f,Sports,https://www.kmart.com.au/category/sports/shop-by-category/pools-&-water-toys/463519#.plp-wrapper,Pools & Water Toys,https://www.kmart.com.au/category/sports/shop-by-category/pools-&-water-toys/463519#.plp-wrapper,Super Splashers Splash Balls - Assorted,https://www.kmart.com.au/product/super-splashers-splash-balls---assorted/3152329,https://www.kmart.com.au/wcsstore/Kmart/images/ncatalog/sz/5/42913245-1-sz.jpg,8.00						 ea,-,Not Rated,0,Just Landed ; ,
696c8696-20c3-4196-8692-cdac4f3a80b0,Sports,https://www.kmart.com.au/category/sports/shop-by-category/pools-&-water-toys/463519#.plp-wrapper,Pools & Water Toys,https://www.kmart.com.au/category/sports/shop-by-category/pools-&-water-toys/463519#.plp-wrapper,103cm Bodyboard - Assorted,https://www.kmart.com.au/product/103cm-bodyboard---assorted/3152333,https://www.kmart.com.au/wcsstore/Kmart/images/ncatalog/sz/5/42915515-1-sz.jpg,29.00						 ea,-,Not Rated,0,Just Landed ; ,
63bdee91-c7f0-4d7e-a740-119ff653b805,Sports,https://www.kmart.com.au/category/sports/shop-by-category/pools-&-water-toys/463519#.plp-wrapper,Pools & Water Toys,https://www.kmart.com.au/category/sports/shop-by-category/pools-&-water-toys/463519#.plp-wrapper,Junior Snorkel Set - Assorted,https://www.kmart.com.au/product/junior-snorkel-set---assorted/3153819,https://www.kmart.com.au/wcsstore/Kmart/images/ncatalog/sz/0/42912460-1-sz.jpg,20.00						 ea,-,Not Rated,0,Just Landed ; ,
c5f445b9-3216-4192-bd07-c0536a7d7287,Sports,https://www.kmart.com.au/category/sports/shop-by-category/pools-&-water-toys/463519#.plp-wrapper,Pools & Water Toys,https://www.kmart.com.au/category/sports/shop-by-category/pools-&-water-toys/463519#.plp-wrapper,Sharkpedo Underwater Glider,https://www.kmart.com.au/product/sharkpedo-underwater-glider/3153820,https://www.kmart.com.au/wcsstore/Kmart/images/ncatalog/sz/8/42913238-1-sz.jpg,10.00,-,Not Rated,0,Just Landed ; ,
0548df9e-3bf6-4262-bffc-5e1113c2a24b,Sports,https://www.kmart.com.au/category/sports/shop-by-category/pools-&-water-toys/463519#.plp-wrapper,Pools & Water Toys,https://www.kmart.com.au/category/sports/shop-by-category/pools-&-water-toys/463519#.plp-wrapper,The Original Max Liquidator Eliminator - Assorted,https://www.kmart.com.au/product/the-original-max-liquidator-eliminator---assorted/3153821,https://www.kmart.com.au/wcsstore/Kmart/images/ncatalog/sz/0/42913160-1-sz.jpg,6.00						 ea,-,Not Rated,0,Just Landed ; ,
455ed156-2307-48f5-b634-dbeee8684ace,Sports,https://www.kmart.com.au/category/sports/shop-by-category/pools-&-water-toys/463519#.plp-wrapper,Pools & Water Toys,https://www.kmart.com.au/category/sports/shop-by-category/pools-&-water-toys/463519#.plp-wrapper,The Original Max Liquidator Critter Blaster - Assorted,https://www.kmart.com.au/product/the-original-max-liquidator-critter-blaster---assorted/3153822,https://www.kmart.com.au/wcsstore/Kmart/images/ncatalog/sz/7/42913207-1-sz.jpg,10.00						 ea,-,Not Rated,0,Just Landed ; ,
9dc3f725-f4fa-4305-81cf-2e0cce3ba261,Sports,https://www.kmart.com.au/category/sports/shop-by-category/pools-&-water-toys/463519#.plp-wrapper,Pools & Water Toys,https://www.kmart.com.au/category/sports/shop-by-category/pools-&-water-toys/463519#.plp-wrapper,The Original Splash Bombs Treasure Hunter Dive Pack Set,https://www.kmart.com.au/product/the-original-splash-bombs-treasure-hunter-dive-pack-set/3153825,https://www.kmart.com.au/wcsstore/Kmart/images/ncatalog/sz/1/42914181-1-sz.jpg,12.00,-,Not Rated,0,Just Landed ; ,
a565a8c1-43d1-42f1-9913-4179b261a660,Sports,https://www.kmart.com.au/category/sports/shop-by-category/pools-&-water-toys/463519#.plp-wrapper,Pools & Water Toys,https://www.kmart.com.au/category/sports/shop-by-category/pools-&-water-toys/463519#.plp-wrapper,Surfboard,https://www.kmart.com.au/product/surfboard/3165807,https://www.kmart.com.au/wcsstore/Kmart/images/ncatalog/sz/2/42915522-1-sz.jpg,59.00,-,Not Rated,0,Just Landed ; Coming soon,
805bc588-0e5f-4d79-ae60-dab76b7fdb62,Sports,https://www.kmart.com.au/category/sports/shop-by-category/pools-&-water-toys/463519#.plp-wrapper,Pools & Water Toys,https://www.kmart.com.au/category/sports/shop-by-category/pools-&-water-toys/463519#.plp-wrapper,Beach Blanket - Palm Tree,https://www.kmart.com.au/product/beach-blanket---palm-tree/3123318,https://www.kmart.com.au/wcsstore/Kmart/images/ncatalog/sz/0/42893790-1-sz.jpg,26.00,-,Not Rated,0,Just Landed ; ,
e30916e7-0191-46a6-97bc-2e98e062a3e6,Sports,https://www.kmart.com.au/category/sports/shop-by-category/pools-&-water-toys/463519#.plp-wrapper,Pools & Water Toys,https://www.kmart.com.au/category/sports/shop-by-category/pools-&-water-toys/463519#.plp-wrapper,Beach Towel - Ice Cream,https://www.kmart.com.au/product/beach-towel---ice-cream/3123319,https://www.kmart.com.au/wcsstore/Kmart/images/ncatalog/sz/3/42893653-1-sz.jpg,7.00,-,Not Rated,0,Just Landed ; ,
7335182d-44c8-4782-9569-cfad5ba89aa2,Sports,https://www.kmart.com.au/category/sports/shop-by-category/pools-&-water-toys/463519#.plp-wrapper,Pools & Water Toys,https://www.kmart.com.au/category/sports/shop-by-category/pools-&-water-toys/463519#.plp-wrapper,Beach Towel - Lobster,https://www.kmart.com.au/product/beach-towel---lobster/3123320,https://www.kmart.com.au/wcsstore/Kmart/images/ncatalog/sz/0/42893660-1-sz.jpg,7.00,-,Not Rated,0,Just Landed ; ,
2ab227f9-5903-4162-8ce2-85b76dc9065e,Sports,https://www.kmart.com.au/category/sports/shop-by-category/pools-&-water-toys/463519#.plp-wrapper,Pools & Water Toys,https://www.kmart.com.au/category/sports/shop-by-category/pools-&-water-toys/463519#.plp-wrapper,Round Beach Towel - Shibori Mandala,https://www.kmart.com.au/product/round-beach-towel---shibori-mandala/3123321,https://www.kmart.com.au/wcsstore/Kmart/images/ncatalog/sz/3/42893813-1-sz.jpg,22.00,-,Not Rated,0,Just Landed ; ,
8364f796-7b57-4a67-bd48-c524355dd64b,Sports,https://www.kmart.com.au/category/sports/shop-by-category/pools-&-water-toys/463519#.plp-wrapper,Pools & Water Toys,https://www.kmart.com.au/category/sports/shop-by-category/pools-&-water-toys/463519#.plp-wrapper,Beach Towel - Llama,https://www.kmart.com.au/product/beach-towel---llama/3123322,https://www.kmart.com.au/wcsstore/Kmart/images/ncatalog/sz/1/42893691-1-sz.jpg,7.00,-,Not Rated,0,Just Landed ; ,
99c80822-3d9f-4022-8877-0fd6e466dd12,Sports,https://www.kmart.com.au/category/sports/shop-by-category/pools-&-water-toys/463519#.plp-wrapper,Pools & Water Toys,https://www.kmart.com.au/category/sports/shop-by-category/pools-&-water-toys/463519#.plp-wrapper,Beach Towel - Sloth,https://www.kmart.com.au/product/beach-towel---sloth/3123323,https://www.kmart.com.au/wcsstore/Kmart/images/ncatalog/sz/7/42893707-1-sz.jpg,7.00,-,Not Rated,0,Just Landed ; ,
57aa34d9-5673-4b57-b60e-38512b231d94,Sports,https://www.kmart.com.au/category/sports/shop-by-category/pools-&-water-toys/463519#.plp-wrapper,Pools & Water Toys,https://www.kmart.com.au/category/sports/shop-by-category/pools-&-water-toys/463519#.plp-wrapper,Round Beach Towel - Tropical,https://www.kmart.com.au/product/round-beach-towel---tropical/3123324,https://www.kmart.com.au/wcsstore/Kmart/images/ncatalog/sz/4/42893844-1-sz.jpg,22.00,-,Not Rated,0,Just Landed ; ,
170dec23-b3da-42bb-a7ab-b8029ba66889,Sports,https://www.kmart.com.au/category/sports/shop-by-category/pools-&-water-toys/463519#.plp-wrapper,Pools & Water Toys,https://www.kmart.com.au/category/sports/shop-by-category/pools-&-water-toys/463519#.plp-wrapper,Beach Towel - Beaches,https://www.kmart.com.au/product/beach-towel---beaches/3123325,https://www.kmart.com.au/wcsstore/Kmart/images/ncatalog/sz/9/42893769-1-sz.jpg,15.00,-,Not Rated,0,Just Landed ; ,
fe2851a8-beb6-463c-8473-12eca35725a5,Sports,https://www.kmart.com.au/category/sports/shop-by-category/pools-&-water-toys/463519#.plp-wrapper,Pools & Water Toys,https://www.kmart.com.au/category/sports/shop-by-category/pools-&-water-toys/463519#.plp-wrapper,Beach Towel - Flamingo,https://www.kmart.com.au/product/beach-towel---flamingo/3123326,https://www.kmart.com.au/wcsstore/Kmart/images/ncatalog/sz/1/42893561-1-sz.jpg,12.00,-,Not Rated,0,Just Landed ; ,
e55e9795-df6f-4f46-a29f-3f7be2f7e7a6,Sports,https://www.kmart.com.au/category/sports/shop-by-category/pools-&-water-toys/463519#.plp-wrapper,Pools & Water Toys,https://www.kmart.com.au/category/sports/shop-by-category/pools-&-water-toys/463519#.plp-wrapper,Round Beach Towel - Rainbow,https://www.kmart.com.au/product/round-beach-towel---rainbow/3123327,https://www.kmart.com.au/wcsstore/Kmart/images/ncatalog/sz/1/42893851-1-sz.jpg,15.00,-,Not Rated,0,Just Landed ; ,
ed9e841a-a2f6-4dd4-abdb-2f1ae682e01f,Sports,https://www.kmart.com.au/category/sports/shop-by-category/pools-&-water-toys/463519#.plp-wrapper,Pools & Water Toys,https://www.kmart.com.au/category/sports/shop-by-category/pools-&-water-toys/463519#.plp-wrapper,Beach Towel - Octopus,https://www.kmart.com.au/product/beach-towel---octopus/3123328,https://www.kmart.com.au/wcsstore/Kmart/images/ncatalog/sz/6/42894766-1-sz.jpg,5.00,-,Not Rated,0,Just Landed ; ,
0a227ab8-5e88-41a5-a588-888fffa19030,Sports,https://www.kmart.com.au/category/sports/shop-by-category/pools-&-water-toys/463519#.plp-wrapper,Pools & Water Toys,https://www.kmart.com.au/category/sports/shop-by-category/pools-&-water-toys/463519#.plp-wrapper,Round Beach Towel - Watermelon,https://www.kmart.com.au/product/round-beach-towel---watermelon/3123330,https://www.kmart.com.au/wcsstore/Kmart/images/ncatalog/sz/6/42894186-1-sz.jpg,15.00,-,Not Rated,0,Just Landed ; ,
98a7bd76-b438-49df-bf8b-9ec6b2373b98,Sports,https://www.kmart.com.au/category/sports/shop-by-category/pools-&-water-toys/463519#.plp-wrapper,Pools & Water Toys,https://www.kmart.com.au/category/sports/shop-by-category/pools-&-water-toys/463519#.plp-wrapper,Hooded Beach Towel - Dino,https://www.kmart.com.au/product/hooded-beach-towel---dino/3123331,https://www.kmart.com.au/wcsstore/Kmart/images/ncatalog/sz/4/42895114-1-sz.jpg,9.00,-,Not Rated,0,Just Landed ; ,
466ae919-9505-4d50-adf9-cc9573b7d506,Sports,https://www.kmart.com.au/category/sports/shop-by-category/pools-&-water-toys/463519#.plp-wrapper,Pools & Water Toys,https://www.kmart.com.au/category/sports/shop-by-category/pools-&-water-toys/463519#.plp-wrapper,Hooded Beach Towel - Fruits,https://www.kmart.com.au/product/hooded-beach-towel---fruits/3123332,https://www.kmart.com.au/wcsstore/Kmart/images/ncatalog/sz/1/42895121-1-sz.jpg,9.00,-,Not Rated,0,Just Landed ; ,
9da7e179-e933-4b31-b106-d9c9ce9f1d6d,Sports,https://www.kmart.com.au/category/sports/shop-by-category/pools-&-water-toys/463519#.plp-wrapper,Pools & Water Toys,https://www.kmart.com.au/category/sports/shop-by-category/pools-&-water-toys/463519#.plp-wrapper,Hooded Beach Towel - Floral,https://www.kmart.com.au/product/hooded-beach-towel---floral/3123335,https://www.kmart.com.au/wcsstore/Kmart/images/ncatalog/sz/7/42895787-1-sz.jpg,19.00,-,Not Rated,0,Just Landed ; Coming soon,
c86aac2a-5c27-4c64-82e6-c2e98f4237ad,Sports,https://www.kmart.com.au/category/sports/shop-by-category/pools-&-water-toys/463519#.plp-wrapper,Pools & Water Toys,https://www.kmart.com.au/category/sports/shop-by-category/pools-&-water-toys/463519#.plp-wrapper,Beach Towel,https://www.kmart.com.au/product/beach-towel/3153806,https://www.kmart.com.au/wcsstore/Kmart/images/ncatalog/sz/2/42893592-1-sz.jpg,12.00,-,Not Rated,0,Just Landed ; ,
62622c2e-f92c-420e-864d-92d361f0d4f9,Sports,https://www.kmart.com.au/category/sports/shop-by-category/pools-&-water-toys/463519#.plp-wrapper,Pools & Water Toys,https://www.kmart.com.au/category/sports/shop-by-category/pools-&-water-toys/463519#.plp-wrapper,Floating Animal - Assorted,https://www.kmart.com.au/product/floating-animal---assorted/3148809,https://www.kmart.com.au/wcsstore/Kmart/images/ncatalog/sz/6/42913306-1-sz.jpg,5.00						 ea,-,Not Rated,0,Just Landed ; ,
4080c0e4-171d-4d6f-8d8e-2c5dba523334,Sports,https://www.kmart.com.au/category/sports/shop-by-category/pools-&-water-toys/463519#.plp-wrapper,Pools & Water Toys,https://www.kmart.com.au/category/sports/shop-by-category/pools-&-water-toys/463519#.plp-wrapper,Inflatable Dog Float,https://www.kmart.com.au/product/inflatable-dog-float/3143819,https://www.kmart.com.au/wcsstore/Kmart/images/ncatalog/sz/4/42911814-1-sz.jpg,25.00,-,Not Rated,0,Just Landed ; Coming soon,
b9b8b9ad-7391-41b1-81b7-02b010f5e330,Sports,https://www.kmart.com.au/category/sports/shop-by-category/pools-&-water-toys/463519#.plp-wrapper,Pools & Water Toys,https://www.kmart.com.au/category/sports/shop-by-category/pools-&-water-toys/463519#.plp-wrapper,Inflatable Leopard Print Ring,https://www.kmart.com.au/product/inflatable-leopard-print-ring/3143820,https://www.kmart.com.au/wcsstore/Kmart/images/ncatalog/sz/2/42912392-1-sz.jpg,10.00,-,Not Rated,0,Just Landed ; ,
ac0e5147-8b7e-4407-83eb-7f23491c09d9,Sports,https://www.kmart.com.au/category/sports/shop-by-category/pools-&-water-toys/463519#.plp-wrapper,Pools & Water Toys,https://www.kmart.com.au/category/sports/shop-by-category/pools-&-water-toys/463519#.plp-wrapper,Splash Mat,https://www.kmart.com.au/product/splash-mat/3143824,https://www.kmart.com.au/wcsstore/Kmart/images/ncatalog/sz/5/42913955-1-sz.jpg,15.00,-,Not Rated,0,Just Landed ; ,
98c56cdf-1c9b-4534-9c26-ae80d73524f9,Sports,https://www.kmart.com.au/category/sports/shop-by-category/pools-&-water-toys/463519#.plp-wrapper,Pools & Water Toys,https://www.kmart.com.au/category/sports/shop-by-category/pools-&-water-toys/463519#.plp-wrapper,Hydro-Swim SeaClear Vista Snorkelling Mask - Small to Medium,https://www.kmart.com.au/product/hydro-swim-seaclear-vista-snorkelling-mask---small-to-medium/3125815,https://www.kmart.com.au/wcsstore/Kmart/images/ncatalog/sz/6/42914136-1-sz.jpg,29.00,-,Not Rated,0,;,
3b631074-c341-4951-ac64-7ba187c08d8b,Sports,https://www.kmart.com.au/category/sports/shop-by-category/pools-&-water-toys/463519#.plp-wrapper,Pools & Water Toys,https://www.kmart.com.au/category/sports/shop-by-category/pools-&-water-toys/463519#.plp-wrapper,Floating Cooler,https://www.kmart.com.au/product/floating-cooler/3136319,https://www.kmart.com.au/wcsstore/Kmart/images/ncatalog/sz/1/42919841-1-sz.jpg,15.00,-,Not Rated,0,Just Landed ; ,
a29b87c8-afd5-408b-9eea-0e2a9586e5cf,Sports,https://www.kmart.com.au/category/sports/shop-by-category/pools-&-water-toys/463519#.plp-wrapper,Pools & Water Toys,https://www.kmart.com.au/category/sports/shop-by-category/pools-&-water-toys/463519#.plp-wrapper,Raft Boat Set,https://www.kmart.com.au/product/raft-boat-set/3143821,https://www.kmart.com.au/wcsstore/Kmart/images/ncatalog/sz/1/42913931-1-sz.jpg,16.00,-,Not Rated,0,Just Landed ; Coming soon,
a84bb956-38ea-4c1d-9da4-3ea181af713d,Sports,https://www.kmart.com.au/category/sports/shop-by-category/pools-&-water-toys/463519#.plp-wrapper,Pools & Water Toys,https://www.kmart.com.au/category/sports/shop-by-category/pools-&-water-toys/463519#.plp-wrapper,Hydro Swim SeaClear Vista Snorkeling Mask - Smal to Medium Unisex,https://www.kmart.com.au/product/hydro-swim-seaclear-vista-snorkeling-mask---smal-to-medium-unisex/3160313,https://www.kmart.com.au/wcsstore/Kmart/images/ncatalog/sz/9/42914129-1-sz.jpg,29.00,-,Not Rated,0,Just Landed ; ,
7c55ff5c-9148-4d6a-a414-8c1f91512097,Sports,https://www.kmart.com.au/category/sports/shop-by-category/pools-&-water-toys/463519#.plp-wrapper,Pools & Water Toys,https://www.kmart.com.au/category/sports/shop-by-category/pools-&-water-toys/463519#.plp-wrapper,Flip Pillow Chair,https://www.kmart.com.au/product/flip-pillow-chair/3123351,https://www.kmart.com.au/wcsstore/Kmart/images/ncatalog/sz/7/42914037-1-sz.jpg,10.00,-,Not Rated,0,Just Landed ; ,
dba7b8b8-7a34-4f6f-948b-cf5738db45ca,Sports,https://www.kmart.com.au/category/sports/shop-by-category/pools-&-water-toys/463519#.plp-wrapper,Pools & Water Toys,https://www.kmart.com.au/category/sports/shop-by-category/pools-&-water-toys/463519#.plp-wrapper,Play Pool,https://www.kmart.com.au/product/play-pool/3125814,https://www.kmart.com.au/wcsstore/Kmart/images/ncatalog/sz/3/42913733-1-sz.jpg,19.00,-,Not Rated,0,Just Landed ; ,
8f89a724-4d9b-4d49-8623-8c95fa239752,Sports,https://www.kmart.com.au/category/sports/shop-by-category/pools-&-water-toys/463519#.plp-wrapper,Pools & Water Toys,https://www.kmart.com.au/category/sports/shop-by-category/pools-&-water-toys/463519#.plp-wrapper,Luxury Lounger,https://www.kmart.com.au/product/luxury-lounger/3125820,https://www.kmart.com.au/wcsstore/Kmart/images/ncatalog/sz/3/42919803-1-sz.jpg,29.00,-,Not Rated,0,Just Landed ; ,
29f2d056-9c4d-4ba2-a446-a1687c06e001,Sports,https://www.kmart.com.au/category/sports/shop-by-category/pools-&-water-toys/463519#.plp-wrapper,Pools & Water Toys,https://www.kmart.com.au/category/sports/shop-by-category/pools-&-water-toys/463519#.plp-wrapper,Fill 'N Fun Sea Pool,https://www.kmart.com.au/product/fill-n-fun-sea-pool/3134312,https://www.kmart.com.au/wcsstore/Kmart/images/ncatalog/sz/6/42913726-1-sz.jpg,10.00,-,Not Rated,0,Just Landed ; ,
9f262e21-602a-4e0a-9fd1-b652953f4f46,Sports,https://www.kmart.com.au/category/sports/shop-by-category/pools-&-water-toys/463519#.plp-wrapper,Pools & Water Toys,https://www.kmart.com.au/category/sports/shop-by-category/pools-&-water-toys/463519#.plp-wrapper,Raft Boat Set,https://www.kmart.com.au/product/raft-boat-set/3143822,https://www.kmart.com.au/wcsstore/Kmart/images/ncatalog/sz/8/42913948-1-sz.jpg,25.00,-,Not Rated,0,Just Landed ; Coming soon,
d727fb21-5482-4900-9342-e55ecf30ea7c,Sports,https://www.kmart.com.au/category/sports/shop-by-category/pools-&-water-toys/463519#.plp-wrapper,Pools & Water Toys,https://www.kmart.com.au/category/sports/shop-by-category/pools-&-water-toys/463519#.plp-wrapper,Junior Frame Pool,https://www.kmart.com.au/product/junior-frame-pool/3143823,https://www.kmart.com.au/wcsstore/Kmart/images/ncatalog/sz/0/42913740-1-sz.jpg,29.00,-,Not Rated,0,Just Landed ; ,
0812b96d-f7c1-45d3-9360-b9df7b646b27,Sports,https://www.kmart.com.au/category/sports/shop-by-category/pools-&-water-toys/463519#.plp-wrapper,Pools & Water Toys,https://www.kmart.com.au/category/sports/shop-by-category/pools-&-water-toys/463519#.plp-wrapper,Air Lounger - Assorted,https://www.kmart.com.au/product/air-lounger---assorted/3143825,https://www.kmart.com.au/wcsstore/Kmart/images/ncatalog/sz/3/42914013-1-sz.jpg,10.00						 ea,-,Not Rated,0,Just Landed ; ,
c715665a-dd7c-4f00-b563-7ebc671f9021,Sports,https://www.kmart.com.au/category/sports/shop-by-category/pools-&-water-toys/463519#.plp-wrapper,Pools & Water Toys,https://www.kmart.com.au/category/sports/shop-by-category/pools-&-water-toys/463519#.plp-wrapper,Deluxe Air Mattress,https://www.kmart.com.au/product/deluxe-air-mattress/3143826,https://www.kmart.com.au/wcsstore/Kmart/images/ncatalog/sz/0/42914020-1-sz.jpg,16.00,-,Not Rated,0,Just Landed ; ,
21d6bdfc-edf8-4623-85f1-b77b52caf38a,Sports,https://www.kmart.com.au/category/sports/shop-by-category/pools-&-water-toys/463519#.plp-wrapper,Pools & Water Toys,https://www.kmart.com.au/category/sports/shop-by-category/pools-&-water-toys/463519#.plp-wrapper,Zuru Bunch O Balloons Water Filler Soaker,https://www.kmart.com.au/product/zuru-bunch-o-balloons-water-filler-soaker/3145301,https://www.kmart.com.au/wcsstore/Kmart/images/ncatalog/sz/9/42928959-1-sz.jpg,19.00,-,Not Rated,0,Just Landed ; ,
f6500998-4f21-48d8-9d83-fa01ea6e2299,Sports,https://www.kmart.com.au/category/sports/shop-by-category/pools-&-water-toys/463519#.plp-wrapper,Pools & Water Toys,https://www.kmart.com.au/category/sports/shop-by-category/pools-&-water-toys/463519#.plp-wrapper,Zuru Bunch O Balloons Water Warfare Block Party,https://www.kmart.com.au/product/zuru-bunch-o-balloons-water-warfare-block-party/3146328,https://www.kmart.com.au/wcsstore/Kmart/images/ncatalog/sz/8/42928928-1-sz.jpg,59.00,-,Not Rated,0,Just Landed ; ,
88ea29e5-789c-4a82-8466-60ff3cbb5172,Sports,https://www.kmart.com.au/category/sports/shop-by-category/pools-&-water-toys/463519#.plp-wrapper,Pools & Water Toys,https://www.kmart.com.au/category/sports/shop-by-category/pools-&-water-toys/463519#.plp-wrapper,Zuru Bunch O Balloons Fast-Filling Self-Sealing Water Balloons Pack,https://www.kmart.com.au/product/zuru-bunch-o-balloons-fast-filling-self-sealing-water-balloons-pack/3146329,https://www.kmart.com.au/wcsstore/Kmart/images/ncatalog/sz/3/42928133-1-sz.jpg,35.00,-,Not Rated,0,Just Landed ; ,
15e6ee2a-da22-48b0-9182-5717fe2771d1,Sports,https://www.kmart.com.au/category/sports/shop-by-category/pools-&-water-toys/463519#.plp-wrapper,Pools & Water Toys,https://www.kmart.com.au/category/sports/shop-by-category/pools-&-water-toys/463519#.plp-wrapper,Battle Pole Sticks,https://www.kmart.com.au/product/battle-pole-sticks/3085828,https://www.kmart.com.au/wcsstore/Kmart/images/ncatalog/sz/1/42919001-1-sz.jpg,15.00,-,Not Rated,0,;,
2fe877df-2055-416f-8436-1d52f15cb9dc,Sports,https://www.kmart.com.au/category/sports/shop-by-category/pools-&-water-toys/463519#.plp-wrapper,Pools & Water Toys,https://www.kmart.com.au/category/sports/shop-by-category/pools-&-water-toys/463519#.plp-wrapper,92cm Towable Bodyboard,https://www.kmart.com.au/product/92cm-towable-bodyboard/3123353,https://www.kmart.com.au/wcsstore/Kmart/images/ncatalog/sz/1/42914761-1-sz.jpg,25.00,-,Not Rated,0,;,
c79abf65-f58b-4d1f-b129-8d4cd2bd4f9e,Sports,https://www.kmart.com.au/category/sports/shop-by-category/pools-&-water-toys/463519#.plp-wrapper,Pools & Water Toys,https://www.kmart.com.au/category/sports/shop-by-category/pools-&-water-toys/463519#.plp-wrapper,83cm EPS Bodyboard - Assorted,https://www.kmart.com.au/product/83cm-eps-bodyboard---assorted/3123354,https://www.kmart.com.au/wcsstore/Kmart/images/ncatalog/sz/0/42914730-1-sz.jpg,12.00						 ea,-,Not Rated,0,;,
d25feed5-baf3-4d62-a90b-d754799d5b8d,Sports,https://www.kmart.com.au/category/sports/shop-by-category/pools-&-water-toys/463519#.plp-wrapper,Pools & Water Toys,https://www.kmart.com.au/category/sports/shop-by-category/pools-&-water-toys/463519#.plp-wrapper,92cm Bodyboard - Assorted,https://www.kmart.com.au/product/92cm-bodyboard---assorted/3123355,https://www.kmart.com.au/wcsstore/Kmart/images/ncatalog/sz/8/42915508-1-sz.jpg,25.00						 ea,-,Not Rated,0,;,
b6d672bf-cb6f-4afd-bd51-c7dcf1c4103d,Sports,https://www.kmart.com.au/category/sports/shop-by-category/pools-&-water-toys/463519#.plp-wrapper,Pools & Water Toys,https://www.kmart.com.au/category/sports/shop-by-category/pools-&-water-toys/463519#.plp-wrapper,Inflatable Croc Rider,https://www.kmart.com.au/product/inflatable-croc-rider/3123356,https://www.kmart.com.au/wcsstore/Kmart/images/ncatalog/sz/5/42918615-1-sz.jpg,8.00,-,Not Rated,0,;,
babd4c4e-bb59-43dc-a621-1f6f2852d111,Sports,https://www.kmart.com.au/category/sports/shop-by-category/pools-&-water-toys/463519#.plp-wrapper,Pools & Water Toys,https://www.kmart.com.au/category/sports/shop-by-category/pools-&-water-toys/463519#.plp-wrapper,Air Mattress - Assorted,https://www.kmart.com.au/product/air-mattress---assorted/3125811,https://www.kmart.com.au/wcsstore/Kmart/images/ncatalog/sz/6/42914006-1-sz.jpg,5.00						 ea,-,Not Rated,0,;,
a83c5786-35ef-4528-a7da-ca8a2a6e8be5,Sports,https://www.kmart.com.au/category/sports/shop-by-category/pools-&-water-toys/463519#.plp-wrapper,Pools & Water Toys,https://www.kmart.com.au/category/sports/shop-by-category/pools-&-water-toys/463519#.plp-wrapper,Water Polo Set,https://www.kmart.com.au/product/water-polo-set/3125812,https://www.kmart.com.au/wcsstore/Kmart/images/ncatalog/sz/0/42913900-1-sz.jpg,8.00,-,Not Rated,0,;,
fd05a8d2-67e0-4047-bf95-b8e1595507ca,Sports,https://www.kmart.com.au/category/sports/shop-by-category/pools-&-water-toys/463519#.plp-wrapper,Pools & Water Toys,https://www.kmart.com.au/category/sports/shop-by-category/pools-&-water-toys/463519#.plp-wrapper,Mud Master Swim Ring,https://www.kmart.com.au/product/mud-master-swim-ring/3125813,https://www.kmart.com.au/wcsstore/Kmart/images/ncatalog/sz/7/42913917-1-sz.jpg,5.00,-,Not Rated,0,;,
f4aa0203-91d6-4b0e-8a0a-67137e37865a,Sports,https://www.kmart.com.au/category/sports/shop-by-category/pools-&-water-toys/463519#.plp-wrapper,Pools & Water Toys,https://www.kmart.com.au/category/sports/shop-by-category/pools-&-water-toys/463519#.plp-wrapper,Inflatable Pineapple Float,https://www.kmart.com.au/product/inflatable-pineapple-float/3131814,https://www.kmart.com.au/wcsstore/Kmart/images/ncatalog/sz/7/42934417-1-sz.jpg,10.00,-,Not Rated,0,;,
49b40fbe-a99e-4ed8-bfa4-b1f2abb8f49f,Sports,https://www.kmart.com.au/category/sports/shop-by-category/pools-&-water-toys/463519#.plp-wrapper,Pools & Water Toys,https://www.kmart.com.au/category/sports/shop-by-category/pools-&-water-toys/463519#.plp-wrapper,Wrap Around Animal Ring - Assorted,https://www.kmart.com.au/product/wrap-around-animal-ring---assorted/3134310,https://www.kmart.com.au/wcsstore/Kmart/images/ncatalog/sz/2/42913832-1-sz.jpg,5.00						 ea,-,Not Rated,0,;,
46754c24-2151-480a-82a5-0347cbbfc61e,Sports,https://www.kmart.com.au/category/sports/shop-by-category/pools-&-water-toys/463519#.plp-wrapper,Pools & Water Toys,https://www.kmart.com.au/category/sports/shop-by-category/pools-&-water-toys/463519#.plp-wrapper,Pool Play Centre,https://www.kmart.com.au/product/pool-play-centre/3134311,https://www.kmart.com.au/wcsstore/Kmart/images/ncatalog/sz/4/42913894-1-sz.jpg,5.00,-,Not Rated,0,;,
8ab4fba5-bbd7-4463-8f90-6fa196b27fd7,Sports,https://www.kmart.com.au/category/sports/shop-by-category/pools-&-water-toys/463519#.plp-wrapper,Pools & Water Toys,https://www.kmart.com.au/category/sports/shop-by-category/pools-&-water-toys/463519#.plp-wrapper,Inflatable Shark Rider,https://www.kmart.com.au/product/inflatable-shark-rider/3136317,https://www.kmart.com.au/wcsstore/Kmart/images/ncatalog/sz/6/42918936-1-sz.jpg,8.00,-,Not Rated,0,;,
857e29ce-253a-4b21-9ce0-2edc5d16156d,Sports,https://www.kmart.com.au/category/sports/shop-by-category/pools-&-water-toys/463519#.plp-wrapper,Pools & Water Toys,https://www.kmart.com.au/category/sports/shop-by-category/pools-&-water-toys/463519#.plp-wrapper,Inflatable Watermelon Float,https://www.kmart.com.au/product/inflatable-watermelon-float/3137818,https://www.kmart.com.au/wcsstore/Kmart/images/ncatalog/sz/9/42913849-1-sz.jpg,12.00,-,Not Rated,0,;,
9e5637e5-9139-4744-8f58-a400f0996b84,Sports,https://www.kmart.com.au/category/sports/shop-by-category/pools-&-water-toys/463519#.plp-wrapper,Pools & Water Toys,https://www.kmart.com.au/category/sports/shop-by-category/pools-&-water-toys/463519#.plp-wrapper,Kickboard - Assorted,https://www.kmart.com.au/product/kickboard---assorted/3143827,https://www.kmart.com.au/wcsstore/Kmart/images/ncatalog/sz/6/42914716-1-sz.jpg,5.00						 ea,-,Not Rated,0,;,
e1341d74-0a13-404c-8c08-98346f0d5d06,Sports,https://www.kmart.com.au/category/sports/shop-by-category/pools-&-water-toys/463519#.plp-wrapper,Pools & Water Toys,https://www.kmart.com.au/category/sports/shop-by-category/pools-&-water-toys/463519#.plp-wrapper,Adult Round Pool,https://www.kmart.com.au/product/adult-round-pool/3143830,https://www.kmart.com.au/wcsstore/Kmart/images/ncatalog/sz/7/42916437-1-sz.jpg,29.00,-,Not Rated,0,;,
943587f6-1bcf-4992-a6c0-43fec22df74e,Sports,https://www.kmart.com.au/category/sports/shop-by-category/pools-&-water-toys/463519#.plp-wrapper,Pools & Water Toys,https://www.kmart.com.au/category/sports/shop-by-category/pools-&-water-toys/463519#.plp-wrapper,Filter Cartridges,https://www.kmart.com.au/product/filter-cartridges/3146319,https://www.kmart.com.au/wcsstore/Kmart/images/ncatalog/sz/9/42913719-1-sz.jpg,7.00,-,Not Rated,0,;,
446d2749-e624-4497-b58e-c6cbcc17221e,Sports,https://www.kmart.com.au/category/sports/shop-by-category/pools-&-water-toys/463519#.plp-wrapper,Pools & Water Toys,https://www.kmart.com.au/category/sports/shop-by-category/pools-&-water-toys/463519#.plp-wrapper,Inflatable Dinosaur Sprinkler,https://www.kmart.com.au/product/inflatable-dinosaur-sprinkler/3146321,https://www.kmart.com.au/wcsstore/Kmart/images/ncatalog/sz/3/42913993-1-sz.jpg,19.00,-,Not Rated,0,;,
ed5db567-05be-42f6-bcd3-4cddb12e7656,Sports,https://www.kmart.com.au/category/sports/shop-by-category/pools-&-water-toys/463519#.plp-wrapper,Pools & Water Toys,https://www.kmart.com.au/category/sports/shop-by-category/pools-&-water-toys/463519#.plp-wrapper,Swimways Spring Float - Assorted,https://www.kmart.com.au/product/swimways-spring-float---assorted/3039921,https://www.kmart.com.au/wcsstore/Kmart/images/ncatalog/sz/3/42922803-1-sz.jpg,29.00						 ea,-,Not Rated,0,;,
662979b7-2ab8-4872-9191-086e45521ecd,Sports,https://www.kmart.com.au/category/sports/shop-by-category/pools-&-water-toys/463519#.plp-wrapper,Pools & Water Toys,https://www.kmart.com.au/category/sports/shop-by-category/pools-&-water-toys/463519#.plp-wrapper,Swimways Infant Spring Float with Canopy - Assorted,https://www.kmart.com.au/product/swimways-infant-spring-float-with-canopy---assorted/3039922,https://www.kmart.com.au/wcsstore/Kmart/images/ncatalog/sz/0/42922810-1-sz.jpg,49.00						 ea,-,Not Rated,0,;,
c75a8bb9-6da0-4108-8021-ba1fa118aae2,Sports,https://www.kmart.com.au/category/sports/shop-by-category/pools-&-water-toys/463519#.plp-wrapper,Pools & Water Toys,https://www.kmart.com.au/category/sports/shop-by-category/pools-&-water-toys/463519#.plp-wrapper,Swimways Funny Face Swim Mask - Assorted,https://www.kmart.com.au/product/swimways-funny-face-swim-mask---assorted/3039923,https://www.kmart.com.au/wcsstore/Kmart/images/ncatalog/sz/7/42922827-1-sz.jpg,12.00						 ea,-,Not Rated,0,;,
e8626420-94fb-4fc6-be8f-cec55121e594,Sports,https://www.kmart.com.au/category/sports/shop-by-category/pools-&-water-toys/463519#.plp-wrapper,Pools & Water Toys,https://www.kmart.com.au/category/sports/shop-by-category/pools-&-water-toys/463519#.plp-wrapper,Swimways Squidivers Toy - Assorted,https://www.kmart.com.au/product/swimways-squidivers-toy---assorted/3039924,https://www.kmart.com.au/wcsstore/Kmart/images/ncatalog/sz/4/42922834-1-sz.jpg,10.00						 ea,-,Not Rated,0,;,
8c859025-ca30-4f1c-a7c0-8bd99b59c2f8,Sports,https://www.kmart.com.au/category/sports/shop-by-category/pools-&-water-toys/463519#.plp-wrapper,Pools & Water Toys,https://www.kmart.com.au/category/sports/shop-by-category/pools-&-water-toys/463519#.plp-wrapper,Swimways Baby Spring Float Sun Canopy - Assorted,https://www.kmart.com.au/product/swimways-baby-spring-float-sun-canopy---assorted/3050843,https://www.kmart.com.au/wcsstore/Kmart/images/ncatalog/sz/8/42923268-1-sz.jpg,35.00						 ea,-,Not Rated,0,;,
5475412e-79b5-4762-93ba-87d3a6d6e780,Sports,https://www.kmart.com.au/category/sports/shop-by-category/pools-&-water-toys/463519#.plp-wrapper,Pools & Water Toys,https://www.kmart.com.au/category/sports/shop-by-category/pools-&-water-toys/463519#.plp-wrapper,Zuru Bunch O Balloons Slingshot,https://www.kmart.com.au/product/zuru-bunch-o-balloons-slingshot/3050845,https://www.kmart.com.au/wcsstore/Kmart/images/ncatalog/sz/9/42928799-1-sz.jpg,29.00,-,Not Rated,0,;,
61d0b623-0146-4f0b-97a9-46f77881b014,Sports,https://www.kmart.com.au/category/sports/shop-by-category/pools-&-water-toys/463519#.plp-wrapper,Pools & Water Toys,https://www.kmart.com.au/category/sports/shop-by-category/pools-&-water-toys/463519#.plp-wrapper,Zuru X-Shot Micro Fast-Fill Water Blaster,https://www.kmart.com.au/product/zuru-x-shot-micro-fast-fill-water-blaster/3059872,https://www.kmart.com.au/wcsstore/Kmart/images/ncatalog/sz/0/42928720-1-sz.jpg,9.00,-,Not Rated,0,;,
45cd2be9-e308-40a7-8a75-97d313299cd4,Sports,https://www.kmart.com.au/category/sports/shop-by-category/pools-&-water-toys/463519#.plp-wrapper,Pools & Water Toys,https://www.kmart.com.au/category/sports/shop-by-category/pools-&-water-toys/463519#.plp-wrapper,3 Pack Zuru Crazy Bunch O Balloons,https://www.kmart.com.au/product/3-pack-zuru-crazy-bunch-o-balloons/3091876,https://www.kmart.com.au/wcsstore/Kmart/images/ncatalog/sz/3/42928843-1-sz.jpg,12.00,-,Not Rated,0,;,
be2a51ed-ed12-4d32-9dd2-7ca9889d9203,Sports,https://www.kmart.com.au/category/sports/shop-by-category/pools-&-water-toys/463519#.plp-wrapper,Pools & Water Toys,https://www.kmart.com.au/category/sports/shop-by-category/pools-&-water-toys/463519#.plp-wrapper,Beach Towel - Blue Stripe,https://www.kmart.com.au/product/beach-towel---blue-stripe/3103803,https://www.kmart.com.au/wcsstore/Kmart/images/ncatalog/sz/8/42895138-1-sz.jpg,7.00,-,Not Rated,0,;Coming soon,
4778a1b0-1798-4c60-9447-62dc87616782,Sports,https://www.kmart.com.au/category/sports/shop-by-category/pools-&-water-toys/463519#.plp-wrapper,Pools & Water Toys,https://www.kmart.com.au/category/sports/shop-by-category/pools-&-water-toys/463519#.plp-wrapper,Beach Towel - Blue Stripes,https://www.kmart.com.au/product/beach-towel---blue-stripes/3120305,https://www.kmart.com.au/wcsstore/Kmart/images/ncatalog/sz/8/42893578-1-sz.jpg,12.00,-,Not Rated,0,;,
ea958062-35f9-48b1-a53c-b07de69e6f17,Sports,https://www.kmart.com.au/category/sports/shop-by-category/pools-&-water-toys/463519#.plp-wrapper,Pools & Water Toys,https://www.kmart.com.au/category/sports/shop-by-category/pools-&-water-toys/463519#.plp-wrapper,Beach Towel - Charcoal Stripe,https://www.kmart.com.au/product/beach-towel---charcoal-stripe/3120306,https://www.kmart.com.au/wcsstore/Kmart/images/ncatalog/sz/5/42894315-1-sz.jpg,15.00,-,Not Rated,0,;,
84bbd662-b621-494e-a2ad-ded8f6ec93c0,Sports,https://www.kmart.com.au/category/sports/shop-by-category/pools-&-water-toys/463519#.plp-wrapper,Pools & Water Toys,https://www.kmart.com.au/category/sports/shop-by-category/pools-&-water-toys/463519#.plp-wrapper,Beach Towel - Pink Summer Stripes,https://www.kmart.com.au/product/beach-towel---pink-summer-stripes/3120307,https://www.kmart.com.au/wcsstore/Kmart/images/ncatalog/sz/9/42894339-1-sz.jpg,15.00,-,Not Rated,0,;Back online soon,
1f1db92e-4e3d-4797-a1dc-68fa5a0587a3,Sports,https://www.kmart.com.au/category/sports/shop-by-category/pools-&-water-toys/463519#.plp-wrapper,Pools & Water Toys,https://www.kmart.com.au/category/sports/shop-by-category/pools-&-water-toys/463519#.plp-wrapper,Beach Blanket - Stripe,https://www.kmart.com.au/product/beach-blanket---stripe/3125801,https://www.kmart.com.au/wcsstore/Kmart/images/ncatalog/sz/6/42893806-1-sz.jpg,26.00,-,Not Rated,0,;Coming soon,
ab399318-adae-4e04-b6d0-574928e52289,Sports,https://www.kmart.com.au/category/sports/shop-by-category/pools-&-water-toys/463519#.plp-wrapper,Pools & Water Toys,https://www.kmart.com.au/category/sports/shop-by-category/pools-&-water-toys/463519#.plp-wrapper,Beach Towel - Coral Stripe,https://www.kmart.com.au/product/beach-towel---coral-stripe/3125802,https://www.kmart.com.au/wcsstore/Kmart/images/ncatalog/sz/5/42895145-1-sz.jpg,7.00,-,Not Rated,0,;Coming soon,
b27c1d9d-671e-40a7-a0b4-efdbd96a39d5,Sports,https://www.kmart.com.au/category/sports/shop-by-category/pools-&-water-toys/463519#.plp-wrapper,Pools & Water Toys,https://www.kmart.com.au/category/sports/shop-by-category/pools-&-water-toys/463519#.plp-wrapper,Beach Towel - Bright Stripes,https://www.kmart.com.au/product/beach-towel---bright-stripes/3132301,https://www.kmart.com.au/wcsstore/Kmart/images/ncatalog/sz/5/42894285-1-sz.jpg,10.00,-,Not Rated,0,;,
1c1c7c05-51c5-4db8-8bba-031ef65a866a,Sports,https://www.kmart.com.au/category/sports/shop-by-category/pools-&-water-toys/463519#.plp-wrapper,Pools & Water Toys,https://www.kmart.com.au/category/sports/shop-by-category/pools-&-water-toys/463519#.plp-wrapper,Beach Towel - Stripe,https://www.kmart.com.au/product/beach-towel---stripe/3132302,https://www.kmart.com.au/wcsstore/Kmart/images/ncatalog/sz/7/42894247-1-sz.jpg,10.00,-,Not Rated,0,;Coming soon,
01a248c5-27f5-498b-872e-b46f035b1191,Sports,https://www.kmart.com.au/category/sports/shop-by-category/pools-&-water-toys/463519#.plp-wrapper,Pools & Water Toys,https://www.kmart.com.au/category/sports/shop-by-category/pools-&-water-toys/463519#.plp-wrapper,Inflatable 2 Ring Pool,https://www.kmart.com.au/product/inflatable-2-ring-pool/3044312,https://www.kmart.com.au/wcsstore/Kmart/images/ncatalog/sz/1/42890041-1-sz.jpg,10.00,-,Not Rated,0,;,
7c1ac6d7-be9c-41fb-9306-40c9c2bcd779,Sports,https://www.kmart.com.au/category/sports/shop-by-category/pools-&-water-toys/463519#.plp-wrapper,Pools & Water Toys,https://www.kmart.com.au/category/sports/shop-by-category/pools-&-water-toys/463519#.plp-wrapper,2 Pack Water Guns,https://www.kmart.com.au/product/2-pack-water-guns/3102385,https://www.kmart.com.au/wcsstore/Kmart/images/ncatalog/sz/6/42911166-1-sz.jpg,15.00,-,Not Rated,0,;,
e238a681-8a59-46cd-8e04-89d7194e9819,Sports,https://www.kmart.com.au/category/sports/shop-by-category/pools-&-water-toys/463519#.plp-wrapper,Pools & Water Toys,https://www.kmart.com.au/category/sports/shop-by-category/pools-&-water-toys/463519#.plp-wrapper,4 Pack Water Guns,https://www.kmart.com.au/product/4-pack-water-guns/3102386,https://www.kmart.com.au/wcsstore/Kmart/images/ncatalog/sz/3/42911173-1-sz.jpg,20.00,-,Not Rated,0,;,
a9696354-f930-477a-87e4-957f375b8f90,Sports,https://www.kmart.com.au/category/sports/shop-by-category/pools-&-water-toys/463519#.plp-wrapper,Pools & Water Toys,https://www.kmart.com.au/category/sports/shop-by-category/pools-&-water-toys/463519#.plp-wrapper,Large Plastic Spade - Assorted,https://www.kmart.com.au/product/large-plastic-spade---assorted/3103829,https://www.kmart.com.au/wcsstore/Kmart/images/ncatalog/sz/1/42918851-1-sz.jpg,2.00						 ea,-,Not Rated,0,;Coming soon,
1e206dd4-fb46-42db-95f3-269b499d9330,Sports,https://www.kmart.com.au/category/sports/shop-by-category/pools-&-water-toys/463519#.plp-wrapper,Pools & Water Toys,https://www.kmart.com.au/category/sports/shop-by-category/pools-&-water-toys/463519#.plp-wrapper,Sand Castle Bucket - Assorted,https://www.kmart.com.au/product/sand-castle-bucket---assorted/3103830,https://www.kmart.com.au/wcsstore/Kmart/images/ncatalog/sz/2/42918882-1-sz.jpg,2.00						 ea,-,Not Rated,0,;,
ff012ac0-34eb-43ef-b003-f6f87246171f,Sports,https://www.kmart.com.au/category/sports/shop-by-category/pools-&-water-toys/463519#.plp-wrapper,Pools & Water Toys,https://www.kmart.com.au/category/sports/shop-by-category/pools-&-water-toys/463519#.plp-wrapper,Sand Scoop - Assorted,https://www.kmart.com.au/product/sand-scoop---assorted/3103831,https://www.kmart.com.au/wcsstore/Kmart/images/ncatalog/sz/7/42917717-1-sz.jpg,1.00						 ea,-,Not Rated,0,;Coming soon,
357e8697-23ed-4c40-b622-58ba81907d48,Sports,https://www.kmart.com.au/category/sports/shop-by-category/pools-&-water-toys/463519#.plp-wrapper,Pools & Water Toys,https://www.kmart.com.au/category/sports/shop-by-category/pools-&-water-toys/463519#.plp-wrapper,Buckets and Mould Set,https://www.kmart.com.au/product/buckets-and-mould-set/3103832,https://www.kmart.com.au/wcsstore/Kmart/images/ncatalog/sz/9/42918899-1-sz.jpg,6.00,-,Not Rated,0,;,
1f0b2cee-5fba-4174-a9cd-b190fd22eda7,Sports,https://www.kmart.com.au/category/sports/shop-by-category/pools-&-water-toys/463519#.plp-wrapper,Pools & Water Toys,https://www.kmart.com.au/category/sports/shop-by-category/pools-&-water-toys/463519#.plp-wrapper,Plastic Bucket - Assorted,https://www.kmart.com.au/product/plastic-bucket---assorted/3105316,https://www.kmart.com.au/wcsstore/Kmart/images/ncatalog/sz/0/42918820-1-sz.jpg,2.00						 ea,-,Not Rated,0,;,
2ea2ca36-3048-480c-bf00-1d9747bae383,Sports,https://www.kmart.com.au/category/sports/shop-by-category/pools-&-water-toys/463519#.plp-wrapper,Pools & Water Toys,https://www.kmart.com.au/category/sports/shop-by-category/pools-&-water-toys/463519#.plp-wrapper,4 Piece Beach Set - Assorted,https://www.kmart.com.au/product/4-piece-beach-set---assorted/3105317,https://www.kmart.com.au/wcsstore/Kmart/images/ncatalog/sz/8/42917618-1-sz.jpg,4.00						 ea,-,Not Rated,0,;,
a6dafca6-d0c3-4de5-9254-2a4bdbf08c77,Sports,https://www.kmart.com.au/category/sports/shop-by-category/pools-&-water-toys/463519#.plp-wrapper,Pools & Water Toys,https://www.kmart.com.au/category/sports/shop-by-category/pools-&-water-toys/463519#.plp-wrapper,Watering Can - Assorted,https://www.kmart.com.au/product/watering-can---assorted/3108337,https://www.kmart.com.au/wcsstore/Kmart/images/ncatalog/sz/5/42918905-1-sz.jpg,4.00						 ea,-,Not Rated,0,;Coming soon,
eb93ecc4-a28c-489a-965f-5d5bafca3759,Sports,https://www.kmart.com.au/category/sports/shop-by-category/pools-&-water-toys/463519#.plp-wrapper,Pools & Water Toys,https://www.kmart.com.au/category/sports/shop-by-category/pools-&-water-toys/463519#.plp-wrapper,Brick Building Set,https://www.kmart.com.au/product/brick-building-set/3108338,https://www.kmart.com.au/wcsstore/Kmart/images/ncatalog/sz/2/42918912-1-sz.jpg,4.00,-,Not Rated,0,;Coming soon,
a9a4b4bf-ebed-4b32-b838-6cfcb2a4b5de,Sports,https://www.kmart.com.au/category/sports/shop-by-category/pools-&-water-toys/463519#.plp-wrapper,Pools & Water Toys,https://www.kmart.com.au/category/sports/shop-by-category/pools-&-water-toys/463519#.plp-wrapper,Sand Truck Set,https://www.kmart.com.au/product/sand-truck-set/3108339,https://www.kmart.com.au/wcsstore/Kmart/images/ncatalog/sz/9/42918929-1-sz.jpg,8.00,-,Not Rated,0,;,
01961c68-f6db-442b-8290-ab132852f2af,Sports,https://www.kmart.com.au/category/sports/shop-by-category/pools-&-water-toys/463519#.plp-wrapper,Pools & Water Toys,https://www.kmart.com.au/category/sports/shop-by-category/pools-&-water-toys/463519#.plp-wrapper,Dinosaur Dig Set,https://www.kmart.com.au/product/dinosaur-dig-set/3108340,https://www.kmart.com.au/wcsstore/Kmart/images/ncatalog/sz/5/42917625-1-sz.jpg,4.00,-,Not Rated,0,;Coming soon,
9fcd7ca5-feb1-45ae-a4a4-982633421023,Sports,https://www.kmart.com.au/category/sports/shop-by-category/pools-&-water-toys/463519#.plp-wrapper,Pools & Water Toys,https://www.kmart.com.au/category/sports/shop-by-category/pools-&-water-toys/463519#.plp-wrapper,Pump Action Water Blaster - Assorted,https://www.kmart.com.au/product/pump-action-water-blaster---assorted/3115843,https://www.kmart.com.au/wcsstore/Kmart/images/ncatalog/sz/9/42911159-1-sz.jpg,5.00						 ea,-,Not Rated,0,;,
8e220c49-8f8f-4e15-a512-8f906b5f896f,Sports,https://www.kmart.com.au/category/sports/shop-by-category/pools-&-water-toys/463519#.plp-wrapper,Pools & Water Toys,https://www.kmart.com.au/category/sports/shop-by-category/pools-&-water-toys/463519#.plp-wrapper,Small Water Gun - Assorted,https://www.kmart.com.au/product/small-water-gun---assorted/3117817,https://www.kmart.com.au/wcsstore/Kmart/images/ncatalog/sz/2/42911142-1-sz.jpg,1.00						 ea,-,Not Rated,0,;,
172ba967-17c2-44c1-9147-99d1864daf8e,Sports,https://www.kmart.com.au/category/sports/shop-by-category/pools-&-water-toys/463519#.plp-wrapper,Pools & Water Toys,https://www.kmart.com.au/category/sports/shop-by-category/pools-&-water-toys/463519#.plp-wrapper,5 Piece Sand Truck Set,https://www.kmart.com.au/product/5-piece-sand-truck-set/3148816,https://www.kmart.com.au/wcsstore/Kmart/images/ncatalog/sz/9/42917649-1-sz.jpg,10.00,-,Not Rated,0,;Coming soon,
a21a1198-6a90-42ae-8ead-8619c850a569,Sports,https://www.kmart.com.au/category/sports/shop-by-category/pools-&-water-toys/463519#.plp-wrapper,Pools & Water Toys,https://www.kmart.com.au/category/sports/shop-by-category/pools-&-water-toys/463519#.plp-wrapper,Whale Sprinkler,https://www.kmart.com.au/product/whale-sprinkler/3148817,https://www.kmart.com.au/wcsstore/Kmart/images/ncatalog/sz/9/42926719-1-sz.jpg,8.00,-,Not Rated,0,;,
6baaee5c-d7dc-4147-917a-7ba1292fc627,Sports,https://www.kmart.com.au/category/sports/shop-by-category/pools-&-water-toys/463519#.plp-wrapper,Pools & Water Toys,https://www.kmart.com.au/category/sports/shop-by-category/pools-&-water-toys/463519#.plp-wrapper,Beanbag Chair,https://www.kmart.com.au/product/beanbag-chair/3110325,https://www.kmart.com.au/wcsstore/Kmart/images/ncatalog/sz/7/42916567-1-sz.jpg,29.00,-,Not Rated,0,;,
3571be09-6ca6-4214-a252-1afb88a1c0b8,Sports,https://www.kmart.com.au/category/sports/shop-by-category/pools-&-water-toys/463519#.plp-wrapper,Pools & Water Toys,https://www.kmart.com.au/category/sports/shop-by-category/pools-&-water-toys/463519#.plp-wrapper,Beach Set,https://www.kmart.com.au/product/beach-set/2948329,https://www.kmart.com.au/wcsstore/Kmart/images/ncatalog/sz/5/42871415-1-sz.jpg,5.00,-,Not Rated,0,;,
0bdacc83-80ba-402b-9557-137714eff1cc,Sports,https://www.kmart.com.au/category/sports/shop-by-category/pools-&-water-toys/463519#.plp-wrapper,Pools & Water Toys,https://www.kmart.com.au/category/sports/shop-by-category/pools-&-water-toys/463519#.plp-wrapper,Foldable Beach Trolley with Canopy,https://www.kmart.com.au/product/foldable-beach-trolley-with-canopy/2787824,https://www.kmart.com.au/wcsstore/Kmart/images/ncatalog/sz/6/42817086-1-sz.jpg,69.00,-,4.8 ,80 ,;Out of stock online,
b1f730c4-f091-4bf0-bfd5-648823044415,Sports,https://www.kmart.com.au/category/sports/shop-by-category/pools-&-water-toys/463519#.plp-wrapper,Pools & Water Toys,https://www.kmart.com.au/category/sports/shop-by-category/pools-&-water-toys/463519#.plp-wrapper,Pop Up Beach Shelter,https://www.kmart.com.au/product/pop-up-beach-shelter/2701812,https://www.kmart.com.au/wcsstore/Kmart/images/ncatalog/sz/3/42781493-1-sz.jpg,16.00,-,4.6 ,31 ,;,
75bc353c-d9a1-4367-b721-9f5905b179d6,Sports,https://www.kmart.com.au/category/sports/shop-by-category/pools-&-water-toys/463519#.plp-wrapper,Pools & Water Toys,https://www.kmart.com.au/category/sports/shop-by-category/pools-&-water-toys/463519#.plp-wrapper,Splash Bombs Water Wigglers Light-Up Diver - Assorted,https://www.kmart.com.au/product/splash-bombs-water-wigglers-light-up-diver---assorted/2697859,https://www.kmart.com.au/wcsstore/Kmart/images/ncatalog/sz/2/42778462-1-sz.jpg,10.00						 ea,-,4.0 ,2 ,;,
e61b2c80-ed82-4049-944e-5b8b4a7e93c0,Sports,https://www.kmart.com.au/category/sports/shop-by-category/pools-&-water-toys/463519#.plp-wrapper,Pools & Water Toys,https://www.kmart.com.au/category/sports/shop-by-category/pools-&-water-toys/463519#.plp-wrapper,X-Shot Stealth Soaker Water Blaster,https://www.kmart.com.au/product/x-shot-stealth-soaker-water-blaster/2705329,https://www.kmart.com.au/wcsstore/Kmart/images/ncatalog/sz/6/42791386-1-sz.jpg,5.00,-,5.0 ,2 ,;,
78be9ec1-e40f-497e-8e31-a87747b0ea79,Sports,https://www.kmart.com.au/category/sports/shop-by-category/pools-&-water-toys/463519#.plp-wrapper,Pools & Water Toys,https://www.kmart.com.au/category/sports/shop-by-category/pools-&-water-toys/463519#.plp-wrapper,Swim Goggles,https://www.kmart.com.au/product/swim-goggles/2688310,https://www.kmart.com.au/wcsstore/Kmart/images/ncatalog/sz/4/42742364-1-sz.jpg,12.00,-,5.0 ,2 ,;,
7f223133-f568-4c79-b0ad-b64b7cb651b9,Sports,https://www.kmart.com.au/category/sports/shop-by-category/pools-&-water-toys/463519#.plp-wrapper,Pools & Water Toys,https://www.kmart.com.au/category/sports/shop-by-category/pools-&-water-toys/463519#.plp-wrapper,Swim Cap - Assorted,https://www.kmart.com.au/product/swim-cap---assorted/2688311,https://www.kmart.com.au/wcsstore/Kmart/images/ncatalog/sz/1/42742371-1-sz.jpg,3.00						 ea,-,4.0 ,1 ,;,
9ff8f28c-0468-427a-b615-dbf9d801802a,Sports,https://www.kmart.com.au/category/sports/shop-by-category/pools-&-water-toys/463519#.plp-wrapper,Pools & Water Toys,https://www.kmart.com.au/category/sports/shop-by-category/pools-&-water-toys/463519#.plp-wrapper,Water Squirter Toy - Assorted,https://www.kmart.com.au/product/water-squirter-toy---assorted/2699320,https://www.kmart.com.au/wcsstore/Kmart/images/ncatalog/sz/0/42770930-1-sz.jpg,1.00						 ea,-,Not Rated,0,;,
f9ee4ee3-82f3-4b13-8697-397aa6df4da3,Sports,https://www.kmart.com.au/category/sports/shop-by-category/pools-&-water-toys/463519#.plp-wrapper,Pools & Water Toys,https://www.kmart.com.au/category/sports/shop-by-category/pools-&-water-toys/463519#.plp-wrapper,Water n Sand Pool,https://www.kmart.com.au/product/water-n-sand-pool/2688313,https://www.kmart.com.au/wcsstore/Kmart/images/ncatalog/sz/3/42742913-1-sz.jpg,25.00,-,4.7 ,45 ,;,
6532dfc8-e722-4de8-9b9b-26a50f6c6f7f,Sports,https://www.kmart.com.au/category/sports/shop-by-category/pools-&-water-toys/463519#.plp-wrapper,Pools & Water Toys,https://www.kmart.com.au/category/sports/shop-by-category/pools-&-water-toys/463519#.plp-wrapper,4 Pack Dive Sticks,https://www.kmart.com.au/product/4-pack-dive-sticks/2490312,https://www.kmart.com.au/wcsstore/Kmart/images/ncatalog/sz/1/42711971-1-sz.jpg,3.00,-,4.6 ,5 ,;,
e8fcb600-7155-49a7-a244-7b086dd987e1,Sports,https://www.kmart.com.au/category/sports/shop-by-category/pools-&-water-toys/463519#.plp-wrapper,Pools & Water Toys,https://www.kmart.com.au/category/sports/shop-by-category/pools-&-water-toys/463519#.plp-wrapper,Zoggs Laguna Goggles - Assorted,https://www.kmart.com.au/product/zoggs-laguna-goggles---assorted/2426804,https://www.kmart.com.au/wcsstore/Kmart/images/ncatalog/sz/9/42710349-1-sz.jpg,19.00						 ea,-,Not Rated,0,;,
c024117e-3c0b-473c-968e-d1546730b166,Sports,https://www.kmart.com.au/category/sports/shop-by-category/pools-&-water-toys/463519#.plp-wrapper,Pools & Water Toys,https://www.kmart.com.au/category/sports/shop-by-category/pools-&-water-toys/463519#.plp-wrapper,Floatbands - 2 Pack Size 1,https://www.kmart.com.au/product/floatbands---2-pack-size-1/2119314,https://www.kmart.com.au/wcsstore/Kmart/images/ncatalog/sz/1/42604761-1-sz.jpg,5.00,-,Not Rated,0,;,
83f5e767-7bb8-42f7-8e98-fb63ff186965,Sports,https://www.kmart.com.au/category/sports/shop-by-category/pools-&-water-toys/463519#.plp-wrapper,Pools & Water Toys,https://www.kmart.com.au/category/sports/shop-by-category/pools-&-water-toys/463519#.plp-wrapper,Swim Seat,https://www.kmart.com.au/product/swim-seat/2119317,https://www.kmart.com.au/wcsstore/Kmart/images/ncatalog/sz/5/42604815-1-sz.jpg,11.00,-,4.5 ,4 ,;,
4e74d357-aa2d-4b32-a0fb-c4194f70599a,Sports,https://www.kmart.com.au/category/sports/shop-by-category/pools-&-water-toys/463519#.plp-wrapper,Pools & Water Toys,https://www.kmart.com.au/category/sports/shop-by-category/pools-&-water-toys/463519#.plp-wrapper,Floatbands - 2 Pack Size 1,https://www.kmart.com.au/product/floatbands---2-pack-size-1/2303801,https://www.kmart.com.au/wcsstore/Kmart/images/ncatalog/sz/8/42604778-1-sz.jpg,5.00,-,5.0 ,1 ,;,
6768bfa8-b904-4076-bc1f-6df51115e511,Sports,https://www.kmart.com.au/category/sports/shop-by-category/pools-&-water-toys/463519#.plp-wrapper,Pools & Water Toys,https://www.kmart.com.au/category/sports/shop-by-category/pools-&-water-toys/463519#.plp-wrapper,Zoggs Little Oceania Goggles - Assorted,https://www.kmart.com.au/product/zoggs-little-oceania-goggles---assorted/2324303,https://www.kmart.com.au/wcsstore/Kmart/images/ncatalog/sz/1/42666851-1-sz.jpg,12.00						 ea,-,5.0 ,2 ,;,
f2257146-1075-46e1-9de7-247d72c7d9c4,Sports,https://www.kmart.com.au/category/sports/shop-by-category/pools-&-water-toys/463519#.plp-wrapper,Pools & Water Toys,https://www.kmart.com.au/category/sports/shop-by-category/pools-&-water-toys/463519#.plp-wrapper,Zoggs Phoenix Goggles - Assorted,https://www.kmart.com.au/product/zoggs-phoenix-goggles---assorted/2324304,https://www.kmart.com.au/wcsstore/Kmart/images/ncatalog/sz/5/42666905-1-sz.jpg,12.00						 ea,-,4.0 ,2 ,;,
332a7dd8-c27a-4115-85e6-c5c627d907cf,Sports,https://www.kmart.com.au/category/sports/shop-by-category/pools-&-water-toys/463519#.plp-wrapper,Pools & Water Toys,https://www.kmart.com.au/category/sports/shop-by-category/pools-&-water-toys/463519#.plp-wrapper,Swim Ring - Assorted,https://www.kmart.com.au/product/swim-ring---assorted/2244329,https://www.kmart.com.au/wcsstore/Kmart/images/ncatalog/sz/5/42653325-1-sz.jpg,2.00						 ea,-,4.3 ,4 ,;,
4fc0c8e3-7716-4967-bf3c-f6d61cee5195,Sports,https://www.kmart.com.au/category/sports/shop-by-category/pools-&-water-toys/463519#.plp-wrapper,Pools & Water Toys,https://www.kmart.com.au/category/sports/shop-by-category/pools-&-water-toys/463519#.plp-wrapper,Junior Tye Dye Goggles - Pink,https://www.kmart.com.au/product/junior-tye-dye-goggles---pink/2223302,https://www.kmart.com.au/wcsstore/Kmart/images/ncatalog/sz/4/42608264-1-sz.jpg,8.00,-,4.0 ,2 ,;,
751465f5-c2f7-4b17-a239-099e4f19595a,Sports,https://www.kmart.com.au/category/sports/shop-by-category/pools-&-water-toys/463519#.plp-wrapper,Pools & Water Toys,https://www.kmart.com.au/category/sports/shop-by-category/pools-&-water-toys/463519#.plp-wrapper,Wave Bouncer - Assorted,https://www.kmart.com.au/product/wave-bouncer---assorted/2221309,https://www.kmart.com.au/wcsstore/Kmart/images/ncatalog/sz/3/42640783-1-sz.jpg,5.00						 ea,-,5.0 ,1 ,;,
222e4060-65f5-47ff-aa3f-e0b3e417f085,Sports,https://www.kmart.com.au/category/sports/shop-by-category/pools-&-water-toys/463519#.plp-wrapper,Pools & Water Toys,https://www.kmart.com.au/category/sports/shop-by-category/pools-&-water-toys/463519#.plp-wrapper,Swimways Squidivers,https://www.kmart.com.au/product/swimways-squidivers/2244334,https://www.kmart.com.au/wcsstore/Kmart/images/ncatalog/sz/4/42656104-1-sz.jpg,10.00,-,4.7 ,6 ,;,
85a16a2b-06e0-4d96-8786-47d8e9133953,Sports,https://www.kmart.com.au/category/sports/shop-by-category/pools-&-water-toys/463519#.plp-wrapper,Pools & Water Toys,https://www.kmart.com.au/category/sports/shop-by-category/pools-&-water-toys/463519#.plp-wrapper,Zoggs Oceania Goggles - Assorted,https://www.kmart.com.au/product/zoggs-oceania-goggles---assorted/2262824,https://www.kmart.com.au/wcsstore/Kmart/images/ncatalog/sz/0/42666950-1-sz.jpg,14.00						 ea,-,Not Rated,0,;,
a0589ad1-9ab8-4115-b661-66c8bba6e75f,Sports,https://www.kmart.com.au/category/sports/shop-by-category/pools-&-water-toys/463519#.plp-wrapper,Pools & Water Toys,https://www.kmart.com.au/category/sports/shop-by-category/pools-&-water-toys/463519#.plp-wrapper,Zoggs Nitrogen Junior Goggles - Assorted,https://www.kmart.com.au/product/zoggs-nitrogen-junior-goggles---assorted/2264358,https://www.kmart.com.au/wcsstore/Kmart/images/ncatalog/sz/4/42666844-1-sz.jpg,12.00						 ea,-,5.0 ,1 ,;,
2184ddf9-3bdd-457c-b3da-c30dd7b1f9ab,Sports,https://www.kmart.com.au/category/sports/shop-by-category/pools-&-water-toys/463519#.plp-wrapper,Pools & Water Toys,https://www.kmart.com.au/category/sports/shop-by-category/pools-&-water-toys/463519#.plp-wrapper,Deluxe Swim Cap - Assorted,https://www.kmart.com.au/product/deluxe-swim-cap---assorted/2264359,https://www.kmart.com.au/wcsstore/Kmart/images/ncatalog/sz/4/42666974-1-sz.jpg,5.00						 ea,-,5.0 ,2 ,;,
181e6516-11b9-473d-8b7a-b6c81b040502,Sports,https://www.kmart.com.au/category/sports/shop-by-category/pools-&-water-toys/463519#.plp-wrapper,Pools & Water Toys,https://www.kmart.com.au/category/sports/shop-by-category/pools-&-water-toys/463519#.plp-wrapper,Zoggs Phoenix Junior Goggles-Assorted,https://www.kmart.com.au/product/zoggs-phoenix-junior-goggles-assorted/2264360,https://www.kmart.com.au/wcsstore/Kmart/images/ncatalog/sz/8/42666868-1-sz.jpg,12.00						 ea,-,Not Rated,0,;,
443806bc-b04b-4efc-9819-0c0d068a1cf2,Sports,https://www.kmart.com.au/category/sports/shop-by-category/pools-&-water-toys/463519#.plp-wrapper,Pools & Water Toys,https://www.kmart.com.au/category/sports/shop-by-category/pools-&-water-toys/463519#.plp-wrapper,Zoggs Oceania Junior Goggles - Assorted,https://www.kmart.com.au/product/zoggs-oceania-junior-goggles---assorted/2264361,https://www.kmart.com.au/wcsstore/Kmart/images/ncatalog/sz/9/42666899-1-sz.jpg,14.00						 ea,-,Not Rated,0,;,
ee804625-4013-4f8d-86d7-472bf46544ea,Sports,https://www.kmart.com.au/category/sports/shop-by-category/pools-&-water-toys/463519#.plp-wrapper,Pools & Water Toys,https://www.kmart.com.au/category/sports/shop-by-category/pools-&-water-toys/463519#.plp-wrapper,Zoggs Nitrogen Goggles - Assorted,https://www.kmart.com.au/product/zoggs-nitrogen-goggles---assorted/2264362,https://www.kmart.com.au/wcsstore/Kmart/images/ncatalog/sz/9/42666929-1-sz.jpg,12.00						 ea,-,4.3 ,3 ,;,
e7c42c2c-8109-4def-8b6b-12f4741bf7d9,Sports,https://www.kmart.com.au/category/sports/shop-by-category/pools-&-water-toys/463519#.plp-wrapper,Pools & Water Toys,https://www.kmart.com.au/category/sports/shop-by-category/pools-&-water-toys/463519#.plp-wrapper,6 Piece Beach Set - Mermaid,https://www.kmart.com.au/product/6-piece-beach-set---mermaid/2278311,https://www.kmart.com.au/wcsstore/Kmart/images/ncatalog/sz/3/42643753-1-sz.jpg,5.00,-,4.7 ,7 ,;,
34fd7d23-6044-4403-9c16-7d7af6239ae6,Sports,https://www.kmart.com.au/category/sports/shop-by-category/pools-&-water-toys/463519#.plp-wrapper,Pools & Water Toys,https://www.kmart.com.au/category/sports/shop-by-category/pools-&-water-toys/463519#.plp-wrapper,6 Piece Beach Set - Whale,https://www.kmart.com.au/product/6-piece-beach-set---whale/2278312,https://www.kmart.com.au/wcsstore/Kmart/images/ncatalog/sz/7/42643807-1-sz.jpg,5.00,-,5.0 ,4 ,;,
0ab4d6a8-876d-4f7a-a132-cc9ab17f5e74,Sports,https://www.kmart.com.au/category/sports/shop-by-category/pools-&-water-toys/463519#.plp-wrapper,Pools & Water Toys,https://www.kmart.com.au/category/sports/shop-by-category/pools-&-water-toys/463519#.plp-wrapper,Junior Tye Dye Goggles - Blue,https://www.kmart.com.au/product/junior-tye-dye-goggles---blue/2207802,https://www.kmart.com.au/wcsstore/Kmart/images/ncatalog/sz/5/42608295-1-sz.jpg,8.00,-,5.0 ,2 ,;,
3c815bbc-824a-4d2d-82aa-cafd2ee44ae1,Sports,https://www.kmart.com.au/category/sports/shop-by-category/pools-&-water-toys/463519#.plp-wrapper,Pools & Water Toys,https://www.kmart.com.au/category/sports/shop-by-category/pools-&-water-toys/463519#.plp-wrapper,Beach Ball - Assorted,https://www.kmart.com.au/product/beach-ball---assorted/2210315,https://www.kmart.com.au/wcsstore/Kmart/images/ncatalog/sz/2/42653332-1-sz.jpg,3.00						 ea,-,5.0 ,3 ,;,
6c4d9118-5317-486f-83f8-91cc7425148d,Sports,https://www.kmart.com.au/category/sports/shop-by-category/pools-&-water-toys/463519#.plp-wrapper,Pools & Water Toys,https://www.kmart.com.au/category/sports/shop-by-category/pools-&-water-toys/463519#.plp-wrapper,Child's Swimvest - Size 3-4 Ages 3-4,https://www.kmart.com.au/product/childs-swimvest---size-3-4-ages-3-4/2166303,https://www.kmart.com.au/wcsstore/Kmart/images/ncatalog/sz/2/42604792-1-sz.jpg,15.00,-,4.0 ,3 ,;,
f980b4a0-2e8e-4ce7-a3e4-bebbc2622193,Sports,https://www.kmart.com.au/category/sports/shop-by-category/pools-&-water-toys/463519#.plp-wrapper,Pools & Water Toys,https://www.kmart.com.au/category/sports/shop-by-category/pools-&-water-toys/463519#.plp-wrapper,EVA Kickboard - Assorted,https://www.kmart.com.au/product/eva-kickboard---assorted/2170301,https://www.kmart.com.au/wcsstore/Kmart/images/ncatalog/sz/2/42604822-1-sz.jpg,10.00						 ea,-,5.0 ,2 ,;,
804b3025-a062-4596-a984-c991ce3dfe8f,Sports,https://www.kmart.com.au/category/sports/shop-by-category/pools-&-water-toys/463519#.plp-wrapper,Pools & Water Toys,https://www.kmart.com.au/category/sports/shop-by-category/pools-&-water-toys/463519#.plp-wrapper,Arm Floats - Small to Medium,https://www.kmart.com.au/product/arm-floats---small-to-medium/2119330,https://www.kmart.com.au/wcsstore/Kmart/images/ncatalog/sz/2/42608912-1-sz.jpg,8.50,-,Not Rated,0,;,
688af082-d9c4-4f75-90a1-ef95e82adc3b,Sports,https://www.kmart.com.au/category/sports/shop-by-category/pools-&-water-toys/463519#.plp-wrapper,Pools & Water Toys,https://www.kmart.com.au/category/sports/shop-by-category/pools-&-water-toys/463519#.plp-wrapper,Arm Floats - Medium to Large,https://www.kmart.com.au/product/arm-floats---medium-to-large/2119335,https://www.kmart.com.au/wcsstore/Kmart/images/ncatalog/sz/9/42608899-1-sz.jpg,8.50,-,5.0 ,1 ,;,
ec777f9a-7049-4a74-afe2-df39b5f4e13d,Sports,https://www.kmart.com.au/category/sports/shop-by-category/pools-&-water-toys/463519#.plp-wrapper,Pools & Water Toys,https://www.kmart.com.au/category/sports/shop-by-category/pools-&-water-toys/463519#.plp-wrapper,Child's Swimvest - Size 1-2 Ages 2-3,https://www.kmart.com.au/product/childs-swimvest---size-1-2-ages-2-3/2119315,https://www.kmart.com.au/wcsstore/Kmart/images/ncatalog/sz/5/42604785-1-sz.jpg,15.00,-,4.8 ,4 ,;,
73087e63-4b65-48e0-b366-7906080945f4,Sports,https://www.kmart.com.au/category/sports/shop-by-category/pools-&-water-toys/463519#.plp-wrapper,Pools & Water Toys,https://www.kmart.com.au/category/sports/shop-by-category/pools-&-water-toys/463519#.plp-wrapper,Backfloat,https://www.kmart.com.au/product/backfloat/2119316,https://www.kmart.com.au/wcsstore/Kmart/images/ncatalog/sz/8/42604808-1-sz.jpg,10.00,-,5.0 ,1 ,;,
1a97a3f0-df27-4cf4-b48c-f6e7377eba70,Sports,https://www.kmart.com.au/category/sports/shop-by-category/pools-&-water-toys/463519#.plp-wrapper,Pools & Water Toys,https://www.kmart.com.au/category/sports/shop-by-category/pools-&-water-toys/463519#.plp-wrapper,Duo Swim Vest,https://www.kmart.com.au/product/duo-swim-vest/2119333,https://www.kmart.com.au/wcsstore/Kmart/images/ncatalog/sz/2/42608882-1-sz.jpg,20.00,-,3.5 ,2 ,;,
2376cfe7-b12c-4839-862a-8230a270a772,Sports,https://www.kmart.com.au/category/sports/shop-by-category/pools-&-water-toys/463519#.plp-wrapper,Pools & Water Toys,https://www.kmart.com.au/category/sports/shop-by-category/pools-&-water-toys/463519#.plp-wrapper,Goggle Case,https://www.kmart.com.au/product/goggle-case/1936809,https://www.kmart.com.au/wcsstore/Kmart/images/ncatalog/sz/4/42554004-1-sz.jpg,2.00,-,Not Rated,0,;,
3228c5e2-2f27-4bc9-bfe4-9b7d76c506b1,Sports,https://www.kmart.com.au/category/sports/shop-by-category/pools-&-water-toys/463519#.plp-wrapper,Pools & Water Toys,https://www.kmart.com.au/category/sports/shop-by-category/pools-&-water-toys/463519#.plp-wrapper,Sand And Water Play Table,https://www.kmart.com.au/product/sand-and-water-play-table/1654301,https://www.kmart.com.au/wcsstore/Kmart/images/ncatalog/sz/1/42501091-1-sz.jpg,25.00,-,4.6 ,126 ,;,
d0fc6e2c-3e2e-4432-b989-4e433b4d9e2f,Sports,https://www.kmart.com.au/category/sports/shop-by-category/pools-&-water-toys/463519#.plp-wrapper,Pools & Water Toys,https://www.kmart.com.au/category/sports/shop-by-category/pools-&-water-toys/463519#.plp-wrapper,Open Water Goggles,https://www.kmart.com.au/product/open-water-goggles/1391802,https://www.kmart.com.au/wcsstore/Kmart/images/ncatalog/sz/4/42426424-1-sz.jpg,12.00,-,5.0 ,1 ,;,
1815f80f-4075-4b30-9867-b17cd7713096,Sports,https://www.kmart.com.au/category/sports/shop-by-category/pools-&-water-toys/463519#.plp-wrapper,Pools & Water Toys,https://www.kmart.com.au/category/sports/shop-by-category/pools-&-water-toys/463519#.plp-wrapper,Sports Goggles,https://www.kmart.com.au/product/sports-goggles/1168324,https://www.kmart.com.au/wcsstore/Kmart/images/ncatalog/sz/9/42415459-1-sz.jpg,10.00,-,5.0 ,1 ,;,
20ad69d1-2b7a-42f9-9cb1-1b69f44c5904,Sports,https://www.kmart.com.au/category/sports/shop-by-category/pools-&-water-toys/463519#.plp-wrapper,Pools & Water Toys,https://www.kmart.com.au/category/sports/shop-by-category/pools-&-water-toys/463519#.plp-wrapper,Adult Kickboard,https://www.kmart.com.au/product/adult-kickboard/1164829,https://www.kmart.com.au/wcsstore/Kmart/images/ncatalog/sz/6/42415466-1-sz.jpg,15.00,-,4.5 ,2 ,;,
5b440345-f129-4685-a668-17a445a53fcf,Sports,https://www.kmart.com.au/category/sports/shop-by-category/pools-&-water-toys/463519#.plp-wrapper,Pools & Water Toys,https://www.kmart.com.au/category/sports/shop-by-category/pools-&-water-toys/463519#.plp-wrapper,Mirrored Lens Goggles,https://www.kmart.com.au/product/mirrored-lens-goggles/1025313,https://www.kmart.com.au/wcsstore/Kmart/images/ncatalog/sz/2/42328902-1-sz.jpg,10.00,-,5.0 ,1 ,;,
93c1e451-86a1-4b15-89ae-276019591c53,Sports,https://www.kmart.com.au/category/sports/shop-by-category/pools-&-water-toys/463519#.plp-wrapper,Pools & Water Toys,https://www.kmart.com.au/category/sports/shop-by-category/pools-&-water-toys/463519#.plp-wrapper,Foldable Beach Trolley,https://www.kmart.com.au/product/foldable-beach-trolley/911469,https://www.kmart.com.au/wcsstore/Kmart/images/ncatalog/sz/7/42365587-1-sz.jpg,49.00,-,4.9 ,323 ,;,
3ff93056-603d-4121-b040-3f58c2173b94,Sports,https://www.kmart.com.au/category/sports/shop-by-category/pools-&-water-toys/463519#.plp-wrapper,Pools & Water Toys,https://www.kmart.com.au/category/sports/shop-by-category/pools-&-water-toys/463519#.plp-wrapper,Pool Noodle - Assorted,https://www.kmart.com.au/product/pool-noodle---assorted/948329,https://www.kmart.com.au/wcsstore/Kmart/images/ncatalog/sz/2/41384862-1-sz.jpg,2.00						 ea,-,5.0 ,10 ,;CLICK & COLLECT ONLY,
cd991e14-ef69-4a9a-84b1-75ff7b847e85,Sports,https://www.kmart.com.au/category/sports/shop-by-category/pools-&-water-toys/463519#.plp-wrapper,Pools & Water Toys,https://www.kmart.com.au/category/sports/shop-by-category/pools-&-water-toys/463519#.plp-wrapper,2-Ring Inflatable Pool,https://www.kmart.com.au/product/2-ring-inflatable-pool/913303,https://www.kmart.com.au/wcsstore/Kmart/images/ncatalog/sz/7/42337577-1-sz.jpg,10.00,-,5.0 ,7 ,;Back online soon,
19d15d40-a95a-4c5b-86fa-59523657631d,Sports,https://www.kmart.com.au/category/sports/shop-by-category/pools-&-water-toys/463519#.plp-wrapper,Pools & Water Toys,https://www.kmart.com.au/category/sports/shop-by-category/pools-&-water-toys/463519#.plp-wrapper,Open Water Goggles,https://www.kmart.com.au/product/open-water-goggles/841823,https://www.kmart.com.au/wcsstore/Kmart/images/ncatalog/sz/0/42259350-1-sz.jpg,10.00,-,5.0 ,3 ,;,
403c6d59-8d7f-4eaa-8110-e8c2de6e072f,Sports,https://www.kmart.com.au/category/sports/shop-by-category/pools-&-water-toys/463519#.plp-wrapper,Pools & Water Toys,https://www.kmart.com.au/category/sports/shop-by-category/pools-&-water-toys/463519#.plp-wrapper,Swim Snorkel,https://www.kmart.com.au/product/swim-snorkel/794307,https://www.kmart.com.au/wcsstore/Kmart/images/ncatalog/sz/4/42120964-1-sz.jpg,5.00,-,5.0 ,3 ,;,
d1bdfa83-572a-4ae7-bfc9-effff2be8437,Sports,https://www.kmart.com.au/category/sports/shop-by-category/pools-&-water-toys/463519#.plp-wrapper,Pools & Water Toys,https://www.kmart.com.au/category/sports/shop-by-category/pools-&-water-toys/463519#.plp-wrapper,Goggles in Case,https://www.kmart.com.au/product/goggles-in-case/731329,https://www.kmart.com.au/wcsstore/Kmart/images/ncatalog/sz/0/42177210-1-sz.jpg,8.00,-,Not Rated,0,;,
2e443830-f14f-40b5-9bc5-87a8e3039bf6,Sports,https://www.kmart.com.au/category/sports/shop-by-category/pools-&-water-toys/463519#.plp-wrapper,Pools & Water Toys,https://www.kmart.com.au/category/sports/shop-by-category/pools-&-water-toys/463519#.plp-wrapper,Goggles in Case,https://www.kmart.com.au/product/goggles-in-case/731341,https://www.kmart.com.au/wcsstore/Kmart/images/ncatalog/sz/1/42190981-1-sz.jpg,8.00,-,2.0 ,1 ,;,
c1342acd-2dc3-4467-bf11-05720303034a,Sports,https://www.kmart.com.au/category/sports/shop-by-category/pools-&-water-toys/463519#.plp-wrapper,Pools & Water Toys,https://www.kmart.com.au/category/sports/shop-by-category/pools-&-water-toys/463519#.plp-wrapper,Bunch O Balloons - Assorted,https://www.kmart.com.au/product/bunch-o-balloons---assorted/730303,https://www.kmart.com.au/wcsstore/Kmart/images/ncatalog/sz/1/42162681-1-sz.jpg,6.00						 ea					WAS 9,6.00						 ea					,5.0 ,6 ,;,
6fb180e6-b751-4caa-bfea-4bb5598b5af0,Sports,https://www.kmart.com.au/category/sports/shop-by-category/pools-&-water-toys/463519#.plp-wrapper,Pools & Water Toys,https://www.kmart.com.au/category/sports/shop-by-category/pools-&-water-toys/463519#.plp-wrapper,Junior Goggles - Assorted,https://www.kmart.com.au/product/junior-goggles---assorted/723111,https://www.kmart.com.au/wcsstore/Kmart/images/ncatalog/sz/5/42120865-1-sz.jpg,2.00						 ea,-,4.0 ,1 ,;,
6c434a46-19ff-4974-bd0c-43d636c4f9e6,Sports,https://www.kmart.com.au/category/sports/shop-by-category/pools-&-water-toys/463519#.plp-wrapper,Pools & Water Toys,https://www.kmart.com.au/category/sports/shop-by-category/pools-&-water-toys/463519#.plp-wrapper,Adult Goggles,https://www.kmart.com.au/product/adult-goggles/723113,https://www.kmart.com.au/wcsstore/Kmart/images/ncatalog/sz/2/42120872-1-sz.jpg,2.00,-,Not Rated,0,;,
a3ce0f71-0327-454c-9f94-6ee062b5fe68,Sports,https://www.kmart.com.au/category/sports/shop-by-category/pools-&-water-toys/463519#.plp-wrapper,Pools & Water Toys,https://www.kmart.com.au/category/sports/shop-by-category/pools-&-water-toys/463519#.plp-wrapper,Junior Goggles - Assorted,https://www.kmart.com.au/product/junior-goggles---assorted/723117,https://www.kmart.com.au/wcsstore/Kmart/images/ncatalog/sz/6/42120896-1-sz.jpg,4.00						 ea,-,Not Rated,0,;,
6506fe1c-2704-45b2-badc-4845b69151a1,Sports,https://www.kmart.com.au/category/sports/shop-by-category/pools-&-water-toys/463519#.plp-wrapper,Pools & Water Toys,https://www.kmart.com.au/category/sports/shop-by-category/pools-&-water-toys/463519#.plp-wrapper,Junior Goggles,https://www.kmart.com.au/product/junior-goggles/723119,https://www.kmart.com.au/wcsstore/Kmart/images/ncatalog/sz/2/42120902-1-sz.jpg,4.00,-,Not Rated,0,;,
a5721093-fbe1-4294-a209-85a425473409,Sports,https://www.kmart.com.au/category/sports/shop-by-category/pools-&-water-toys/463519#.plp-wrapper,Pools & Water Toys,https://www.kmart.com.au/category/sports/shop-by-category/pools-&-water-toys/463519#.plp-wrapper,Mask,https://www.kmart.com.au/product/mask/723121,https://www.kmart.com.au/wcsstore/Kmart/images/ncatalog/sz/7/42120957-1-sz.jpg,5.00,-,5.0 ,1 ,;,
05b3c230-6450-4cd1-8c2b-6a18a11df4c9,Sports,https://www.kmart.com.au/category/sports/shop-by-category/pools-&-water-toys/463519#.plp-wrapper,Pools & Water Toys,https://www.kmart.com.au/category/sports/shop-by-category/pools-&-water-toys/463519#.plp-wrapper,Adult Swim Cap,https://www.kmart.com.au/product/adult-swim-cap/723125,https://www.kmart.com.au/wcsstore/Kmart/images/ncatalog/sz/8/42120988-1-sz.jpg,3.00,-,5.0 ,3 ,;,
