2c71899b-dac3-4f27-bc9d-9a5bfd1cacbb,Technology,https://www.kmart.com.au/category/technology/technology-by-category/in-car-technology-&-accessories/514573#.plp-wrapper,In Car Technology & Accessories,https://www.kmart.com.au/category/technology/technology-by-category/in-car-technology-&-accessories/514573#.plp-wrapper,Dual Car Charger with Volt Screen,https://www.kmart.com.au/product/dual-car-charger-with-volt-screen/3136305,https://www.kmart.com.au/wcsstore/Kmart/images/ncatalog/sz/0/42902140-1-sz.jpg,17.00,-,Not Rated,0,Just Landed ; ,
8be5c66e-1ae6-4661-9b9f-4671c7b51acd,Technology,https://www.kmart.com.au/category/technology/technology-by-category/in-car-technology-&-accessories/514573#.plp-wrapper,In Car Technology & Accessories,https://www.kmart.com.au/category/technology/technology-by-category/in-car-technology-&-accessories/514573#.plp-wrapper,Bluetooth Car Handsfree Earpiece USB Charger,https://www.kmart.com.au/product/bluetooth-car-handsfree-earpiece-usb-charger/3144802,https://www.kmart.com.au/wcsstore/Kmart/images/ncatalog/sz/3/42902003-1-sz.jpg,12.00,-,Not Rated,0,Just Landed ; ,
69838d3c-c960-4307-8dc5-2aab657f4a05,Technology,https://www.kmart.com.au/category/technology/technology-by-category/in-car-technology-&-accessories/514573#.plp-wrapper,In Car Technology & Accessories,https://www.kmart.com.au/category/technology/technology-by-category/in-car-technology-&-accessories/514573#.plp-wrapper,Car Bluetooth FM Transmitter with Microphone & USB-C,https://www.kmart.com.au/product/car-bluetooth-fm-transmitter-with-microphone--usb-c/3112807,https://www.kmart.com.au/wcsstore/Kmart/images/ncatalog/sz/3/42902133-1-sz.jpg,25.00,-,Not Rated,0,;,
523be05f-b3da-4f80-8975-e322ae919077,Technology,https://www.kmart.com.au/category/technology/technology-by-category/in-car-technology-&-accessories/514573#.plp-wrapper,In Car Technology & Accessories,https://www.kmart.com.au/category/technology/technology-by-category/in-car-technology-&-accessories/514573#.plp-wrapper,Picnic Rug - Large,https://www.kmart.com.au/product/picnic-rug---large/3107301,https://www.kmart.com.au/wcsstore/Kmart/images/ncatalog/sz/5/42898115-1-sz.jpg,15.00,-,Not Rated,0,;,
1e669e40-cc46-4a13-9b0d-96bbfdc081ec,Technology,https://www.kmart.com.au/category/technology/technology-by-category/in-car-technology-&-accessories/514573#.plp-wrapper,In Car Technology & Accessories,https://www.kmart.com.au/category/technology/technology-by-category/in-car-technology-&-accessories/514573#.plp-wrapper,2 Port USB Cup Shape Car Charger,https://www.kmart.com.au/product/2-port-usb-cup-shape-car-charger/3082850,https://www.kmart.com.au/wcsstore/Kmart/images/ncatalog/sz/5/42913405-1-sz.jpg,10.00,-,Not Rated,0,;,
51fc697b-464b-44a0-b9fb-dd3c6459e940,Technology,https://www.kmart.com.au/category/technology/technology-by-category/in-car-technology-&-accessories/514573#.plp-wrapper,In Car Technology & Accessories,https://www.kmart.com.au/category/technology/technology-by-category/in-car-technology-&-accessories/514573#.plp-wrapper,4 Port USB Front & Rear Car Charger with Extension,https://www.kmart.com.au/product/4-port-usb-front--rear-car-charger-with-extension/3093349,https://www.kmart.com.au/wcsstore/Kmart/images/ncatalog/sz/9/42913399-1-sz.jpg,15.00,-,Not Rated,0,;,
1e5b2413-2bde-4ac0-9fef-0b860cc147f1,Technology,https://www.kmart.com.au/category/technology/technology-by-category/in-car-technology-&-accessories/514573#.plp-wrapper,In Car Technology & Accessories,https://www.kmart.com.au/category/technology/technology-by-category/in-car-technology-&-accessories/514573#.plp-wrapper,Bluetooth Handsfree FM Transmitter,https://www.kmart.com.au/product/bluetooth-handsfree-fm-transmitter/3091862,https://www.kmart.com.au/wcsstore/Kmart/images/ncatalog/sz/7/42913047-1-sz.jpg,14.00,-,5.0 ,3 ,;,
b9262cd4-93fb-45cc-a806-5f32cea28e3a,Technology,https://www.kmart.com.au/category/technology/technology-by-category/in-car-technology-&-accessories/514573#.plp-wrapper,In Car Technology & Accessories,https://www.kmart.com.au/category/technology/technology-by-category/in-car-technology-&-accessories/514573#.plp-wrapper,Rechargeable Bluetooth Car Hands Free Speaker,https://www.kmart.com.au/product/rechargeable-bluetooth-car-hands-free-speaker/3091863,https://www.kmart.com.au/wcsstore/Kmart/images/ncatalog/sz/1/42913061-1-sz.jpg,14.00,-,Not Rated,0,;,
ec1ad172-c942-4ff3-a079-f6c5c6e23140,Technology,https://www.kmart.com.au/category/technology/technology-by-category/in-car-technology-&-accessories/514573#.plp-wrapper,In Car Technology & Accessories,https://www.kmart.com.au/category/technology/technology-by-category/in-car-technology-&-accessories/514573#.plp-wrapper,3-in-1 Accessory Pack,https://www.kmart.com.au/product/3-in-1-accessory-pack/3120814,https://www.kmart.com.au/wcsstore/Kmart/images/ncatalog/sz/9/42912859-1-sz.jpg,20.00,-,Not Rated,0,;,
cbcaa497-fdb9-4fb0-ae17-877364ddf865,Technology,https://www.kmart.com.au/category/technology/technology-by-category/in-car-technology-&-accessories/514573#.plp-wrapper,In Car Technology & Accessories,https://www.kmart.com.au/category/technology/technology-by-category/in-car-technology-&-accessories/514573#.plp-wrapper,Car Air Vent Phone Holder with Rotational Ring Stand,https://www.kmart.com.au/product/car-air-vent-phone-holder-with-rotational-ring-stand/3123336,https://www.kmart.com.au/wcsstore/Kmart/images/ncatalog/sz/5/42895855-1-sz.jpg,4.00,-,Not Rated,0,;,
97789338-02e3-4aee-8a25-b145433b45dd,Technology,https://www.kmart.com.au/category/technology/technology-by-category/in-car-technology-&-accessories/514573#.plp-wrapper,In Car Technology & Accessories,https://www.kmart.com.au/category/technology/technology-by-category/in-car-technology-&-accessories/514573#.plp-wrapper,Car Charger Single Port USB - Black,https://www.kmart.com.au/product/car-charger-single-port-usb---black/3056862,https://www.kmart.com.au/wcsstore/Kmart/images/ncatalog/sz/0/42912880-1-sz.jpg,4.00,-,Not Rated,0,;,
a1acb377-b932-45c0-add1-f4a251692960,Technology,https://www.kmart.com.au/category/technology/technology-by-category/in-car-technology-&-accessories/514573#.plp-wrapper,In Car Technology & Accessories,https://www.kmart.com.au/category/technology/technology-by-category/in-car-technology-&-accessories/514573#.plp-wrapper,2 Port Car Charger with 2 USB Ports,https://www.kmart.com.au/product/2-port-car-charger-with-2-usb-ports/3041396,https://www.kmart.com.au/wcsstore/Kmart/images/ncatalog/sz/4/42913054-1-sz.jpg,15.00,-,Not Rated,0,;,
7bf4186e-da47-4bdd-b229-9aef90b3d330,Technology,https://www.kmart.com.au/category/technology/technology-by-category/in-car-technology-&-accessories/514573#.plp-wrapper,In Car Technology & Accessories,https://www.kmart.com.au/category/technology/technology-by-category/in-car-technology-&-accessories/514573#.plp-wrapper,Car Phone Holder with Charger,https://www.kmart.com.au/product/car-phone-holder-with-charger/3042375,https://www.kmart.com.au/wcsstore/Kmart/images/ncatalog/sz/6/42913016-1-sz.jpg,10.00,-,Not Rated,0,;,
51abbff0-d0b0-4fda-b0c4-9d73ab6d8232,Technology,https://www.kmart.com.au/category/technology/technology-by-category/in-car-technology-&-accessories/514573#.plp-wrapper,In Car Technology & Accessories,https://www.kmart.com.au/category/technology/technology-by-category/in-car-technology-&-accessories/514573#.plp-wrapper,Car Charger 2 Port USB - Black,https://www.kmart.com.au/product/car-charger-2-port-usb---black/3056863,https://www.kmart.com.au/wcsstore/Kmart/images/ncatalog/sz/7/42912897-1-sz.jpg,8.00,-,Not Rated,0,;,
845da52c-643e-47ee-a2ab-b7bf7fd01e05,Technology,https://www.kmart.com.au/category/technology/technology-by-category/in-car-technology-&-accessories/514573#.plp-wrapper,In Car Technology & Accessories,https://www.kmart.com.au/category/technology/technology-by-category/in-car-technology-&-accessories/514573#.plp-wrapper,Car Charger 4 Port USB - Black,https://www.kmart.com.au/product/car-charger-4-port-usb---black/3056864,https://www.kmart.com.au/wcsstore/Kmart/images/ncatalog/sz/3/42912903-1-sz.jpg,12.00,-,5.0 ,2 ,;,
45389cf1-61fe-43de-81f8-b40345807a4c,Technology,https://www.kmart.com.au/category/technology/technology-by-category/in-car-technology-&-accessories/514573#.plp-wrapper,In Car Technology & Accessories,https://www.kmart.com.au/category/technology/technology-by-category/in-car-technology-&-accessories/514573#.plp-wrapper,Wireless In-Car Charger Window Mount - Black,https://www.kmart.com.au/product/wireless-in-car-charger-window-mount---black/2963302,https://www.kmart.com.au/wcsstore/Kmart/images/ncatalog/sz/4/42829584-1-sz.jpg,35.00,-,5.0 ,1 ,;,
1aa05987-26ee-4a8d-bdb0-f31e0be2cee5,Technology,https://www.kmart.com.au/category/technology/technology-by-category/in-car-technology-&-accessories/514573#.plp-wrapper,In Car Technology & Accessories,https://www.kmart.com.au/category/technology/technology-by-category/in-car-technology-&-accessories/514573#.plp-wrapper,12 Pack Bungee Cords,https://www.kmart.com.au/product/12-pack-bungee-cords/2912309,https://www.kmart.com.au/wcsstore/Kmart/images/ncatalog/sz/4/42851844-1-sz.jpg,6.00,-,Not Rated,0,;,
3def67bb-27ae-456a-b1c6-52afa608f266,Technology,https://www.kmart.com.au/category/technology/technology-by-category/in-car-technology-&-accessories/514573#.plp-wrapper,In Car Technology & Accessories,https://www.kmart.com.au/category/technology/technology-by-category/in-car-technology-&-accessories/514573#.plp-wrapper,3 Pack Jacquard Seat Covers - Black,https://www.kmart.com.au/product/3-pack-jacquard-seat-covers---black/2907816,https://www.kmart.com.au/wcsstore/Kmart/images/ncatalog/sz/5/42846765-1-sz.jpg,32.00,-,Not Rated,0,;,
3523384c-2129-462e-b15e-ec94ba57c733,Technology,https://www.kmart.com.au/category/technology/technology-by-category/in-car-technology-&-accessories/514573#.plp-wrapper,In Car Technology & Accessories,https://www.kmart.com.au/category/technology/technology-by-category/in-car-technology-&-accessories/514573#.plp-wrapper,2 Front Seat Covers Pink,https://www.kmart.com.au/product/2-front-seat-covers-pink/2879330,https://www.kmart.com.au/wcsstore/Kmart/images/ncatalog/sz/1/42846741-1-sz.jpg,22.00,-,4.0 ,3 ,;,
49590283-47a6-423f-bd59-9ef682ecd5ad,Technology,https://www.kmart.com.au/category/technology/technology-by-category/in-car-technology-&-accessories/514573#.plp-wrapper,In Car Technology & Accessories,https://www.kmart.com.au/category/technology/technology-by-category/in-car-technology-&-accessories/514573#.plp-wrapper,3 Seat Covers,https://www.kmart.com.au/product/3-seat-covers/2886825,https://www.kmart.com.au/wcsstore/Kmart/images/ncatalog/sz/8/42846758-1-sz.jpg,28.00,-,5.0 ,1 ,;,
9cc2f5fc-ffd9-4a4f-8fe1-1ddeb82f7e39,Technology,https://www.kmart.com.au/category/technology/technology-by-category/in-car-technology-&-accessories/514573#.plp-wrapper,In Car Technology & Accessories,https://www.kmart.com.au/category/technology/technology-by-category/in-car-technology-&-accessories/514573#.plp-wrapper,2 Front Seat Covers Silver,https://www.kmart.com.au/product/2-front-seat-covers-silver/2886830,https://www.kmart.com.au/wcsstore/Kmart/images/ncatalog/sz/3/42846703-1-sz.jpg,16.00,-,4.0 ,1 ,;,
a2d47abf-baad-434d-93f0-274e6aeb013a,Technology,https://www.kmart.com.au/category/technology/technology-by-category/in-car-technology-&-accessories/514573#.plp-wrapper,In Car Technology & Accessories,https://www.kmart.com.au/category/technology/technology-by-category/in-car-technology-&-accessories/514573#.plp-wrapper,2 Front Seat Covers Mesh,https://www.kmart.com.au/product/2-front-seat-covers-mesh/2891820,https://www.kmart.com.au/wcsstore/Kmart/images/ncatalog/sz/7/42846727-1-sz.jpg,22.00,-,Not Rated,0,;,
06e673bf-2a9c-401f-b364-2017371f035e,Technology,https://www.kmart.com.au/category/technology/technology-by-category/in-car-technology-&-accessories/514573#.plp-wrapper,In Car Technology & Accessories,https://www.kmart.com.au/category/technology/technology-by-category/in-car-technology-&-accessories/514573#.plp-wrapper,Car Window Phone Mount,https://www.kmart.com.au/product/car-window-phone-mount/2955806,https://www.kmart.com.au/wcsstore/Kmart/images/ncatalog/sz/8/42829768-1-sz.jpg,8.00,-,Not Rated,0,;,
b73d3278-a847-4a5c-b405-66786c32871e,Technology,https://www.kmart.com.au/category/technology/technology-by-category/in-car-technology-&-accessories/514573#.plp-wrapper,In Car Technology & Accessories,https://www.kmart.com.au/category/technology/technology-by-category/in-car-technology-&-accessories/514573#.plp-wrapper,2 Port USB to 1 Port USB-C Car Charger,https://www.kmart.com.au/product/2-port-usb-to-1-port-usb-c-car-charger/2694305,https://www.kmart.com.au/wcsstore/Kmart/images/ncatalog/sz/0/42747680-1-sz.jpg,15.00,-,Not Rated,0,;,
40e77929-9469-4210-b2fd-58c23dbb2e22,Technology,https://www.kmart.com.au/category/technology/technology-by-category/in-car-technology-&-accessories/514573#.plp-wrapper,In Car Technology & Accessories,https://www.kmart.com.au/category/technology/technology-by-category/in-car-technology-&-accessories/514573#.plp-wrapper,2 Port Car Charger - Black,https://www.kmart.com.au/product/2-port-car-charger---black/2694329,https://www.kmart.com.au/wcsstore/Kmart/images/ncatalog/sz/9/42764779-1-sz.jpg,15.00,-,5.0 ,1 ,;,
23a30b41-4e1c-4951-aca0-27e906b40387,Technology,https://www.kmart.com.au/category/technology/technology-by-category/in-car-technology-&-accessories/514573#.plp-wrapper,In Car Technology & Accessories,https://www.kmart.com.au/category/technology/technology-by-category/in-car-technology-&-accessories/514573#.plp-wrapper,Hands-Free Rechargeable Bluetooth Car Speaker,https://www.kmart.com.au/product/hands-free-rechargeable-bluetooth-car-speaker/2695806,https://www.kmart.com.au/wcsstore/Kmart/images/ncatalog/sz/6/42747666-1-sz.jpg,14.00,-,4.8 ,5 ,;,
79ea5a0b-5bab-4bd4-8825-ec5dbf7c9fdb,Technology,https://www.kmart.com.au/category/technology/technology-by-category/in-car-technology-&-accessories/514573#.plp-wrapper,In Car Technology & Accessories,https://www.kmart.com.au/category/technology/technology-by-category/in-car-technology-&-accessories/514573#.plp-wrapper,Handsfree Bluetooth FM Transmitter,https://www.kmart.com.au/product/handsfree-bluetooth-fm-transmitter/2695807,https://www.kmart.com.au/wcsstore/Kmart/images/ncatalog/sz/3/42747673-1-sz.jpg,14.00,-,4.7 ,21 ,;,
ec4faba9-53d7-468d-a746-314647f0b14d,Technology,https://www.kmart.com.au/category/technology/technology-by-category/in-car-technology-&-accessories/514573#.plp-wrapper,In Car Technology & Accessories,https://www.kmart.com.au/category/technology/technology-by-category/in-car-technology-&-accessories/514573#.plp-wrapper,Car Air Vent Phone Holder with Finger Grip Phone Stand,https://www.kmart.com.au/product/car-air-vent-phone-holder-with-finger-grip-phone-stand/2670812,https://www.kmart.com.au/wcsstore/Kmart/images/ncatalog/sz/2/42750482-1-sz.jpg,6.00,-,3.8 ,4 ,;,
d75fb024-e46f-4a71-8508-2eed4485bf50,Technology,https://www.kmart.com.au/category/technology/technology-by-category/in-car-technology-&-accessories/514573#.plp-wrapper,In Car Technology & Accessories,https://www.kmart.com.au/category/technology/technology-by-category/in-car-technology-&-accessories/514573#.plp-wrapper,Car Air Vent Magnetic Phone Holder with Ring Stand,https://www.kmart.com.au/product/car-air-vent-magnetic-phone-holder-with-ring-stand/2670813,https://www.kmart.com.au/wcsstore/Kmart/images/ncatalog/sz/9/42750499-1-sz.jpg,8.00,-,2.0 ,2 ,;,
353f5051-56dd-4671-beed-231c52110dfa,Technology,https://www.kmart.com.au/category/technology/technology-by-category/in-car-technology-&-accessories/514573#.plp-wrapper,In Car Technology & Accessories,https://www.kmart.com.au/category/technology/technology-by-category/in-car-technology-&-accessories/514573#.plp-wrapper,Flexible Tablet and Phone Table/Bench Mount,https://www.kmart.com.au/product/flexible-tablet-and-phone-table-bench-mount/2418826,https://www.kmart.com.au/wcsstore/Kmart/images/ncatalog/sz/9/42729389-1-sz.jpg,6.00,-,4.3 ,7 ,;,
ce66781d-1159-4785-b1ba-66fcf7c1468c,Technology,https://www.kmart.com.au/category/technology/technology-by-category/in-car-technology-&-accessories/514573#.plp-wrapper,In Car Technology & Accessories,https://www.kmart.com.au/category/technology/technology-by-category/in-car-technology-&-accessories/514573#.plp-wrapper,Wireless In-Car Charger Air Vent,https://www.kmart.com.au/product/wireless-in-car-charger-air-vent/2438827,https://www.kmart.com.au/wcsstore/Kmart/images/ncatalog/sz/8/42706618-1-sz.jpg,35.00,-,5.0 ,1 ,;,
560e1feb-00e0-4c56-9f11-ed67d34083e0,Technology,https://www.kmart.com.au/category/technology/technology-by-category/in-car-technology-&-accessories/514573#.plp-wrapper,In Car Technology & Accessories,https://www.kmart.com.au/category/technology/technology-by-category/in-car-technology-&-accessories/514573#.plp-wrapper,Car Charger 2 Port USB Black,https://www.kmart.com.au/product/car-charger-2-port-usb-black/2231808,https://www.kmart.com.au/wcsstore/Kmart/images/ncatalog/sz/9/42665809-1-sz.jpg,8.00,-,Not Rated,0,;,
70d440d8-d577-4838-9d59-222d5df36a72,Technology,https://www.kmart.com.au/category/technology/technology-by-category/in-car-technology-&-accessories/514573#.plp-wrapper,In Car Technology & Accessories,https://www.kmart.com.au/category/technology/technology-by-category/in-car-technology-&-accessories/514573#.plp-wrapper,Car Charger 4 Port USB Black,https://www.kmart.com.au/product/car-charger-4-port-usb-black/2196304,https://www.kmart.com.au/wcsstore/Kmart/images/ncatalog/sz/6/42604846-1-sz.jpg,12.00,-,5.0 ,1 ,;,
b8c110b8-be49-4570-8470-a557f3c6b507,Technology,https://www.kmart.com.au/category/technology/technology-by-category/in-car-technology-&-accessories/514573#.plp-wrapper,In Car Technology & Accessories,https://www.kmart.com.au/category/technology/technology-by-category/in-car-technology-&-accessories/514573#.plp-wrapper,Car Dash Phone Holder,https://www.kmart.com.au/product/car-dash-phone-holder/2185313,https://www.kmart.com.au/wcsstore/Kmart/images/ncatalog/sz/1/42613701-1-sz.jpg,10.00,-,4.4 ,7 ,;,
122d0aed-bc5c-453c-9499-8e9029b05f31,Technology,https://www.kmart.com.au/category/technology/technology-by-category/in-car-technology-&-accessories/514573#.plp-wrapper,In Car Technology & Accessories,https://www.kmart.com.au/category/technology/technology-by-category/in-car-technology-&-accessories/514573#.plp-wrapper,Car Headrest Tablet and Phone Holder,https://www.kmart.com.au/product/car-headrest-tablet-and-phone-holder/2173302,https://www.kmart.com.au/wcsstore/Kmart/images/ncatalog/sz/5/42613725-1-sz.jpg,10.00,-,4.8 ,17 ,;Back online soon,
b038ab15-e53b-447c-a383-fc93fc052d13,Technology,https://www.kmart.com.au/category/technology/technology-by-category/in-car-technology-&-accessories/514573#.plp-wrapper,In Car Technology & Accessories,https://www.kmart.com.au/category/technology/technology-by-category/in-car-technology-&-accessories/514573#.plp-wrapper,Car Phone Holder with Charger,https://www.kmart.com.au/product/car-phone-holder-with-charger/2127329,https://www.kmart.com.au/wcsstore/Kmart/images/ncatalog/sz/9/42613749-1-sz.jpg,10.00,-,4.5 ,4 ,;,
e4cd6761-8f8c-4739-871c-a5391ff9ada1,Technology,https://www.kmart.com.au/category/technology/technology-by-category/in-car-technology-&-accessories/514573#.plp-wrapper,In Car Technology & Accessories,https://www.kmart.com.au/category/technology/technology-by-category/in-car-technology-&-accessories/514573#.plp-wrapper,Car Air Vent Phone Holder Magnetic,https://www.kmart.com.au/product/car-air-vent-phone-holder-magnetic/2166307,https://www.kmart.com.au/wcsstore/Kmart/images/ncatalog/sz/8/42613718-1-sz.jpg,6.00,-,4.5 ,2 ,;,
e004e974-9851-41bd-8eae-0f0899963c85,Technology,https://www.kmart.com.au/category/technology/technology-by-category/in-car-technology-&-accessories/514573#.plp-wrapper,In Car Technology & Accessories,https://www.kmart.com.au/category/technology/technology-by-category/in-car-technology-&-accessories/514573#.plp-wrapper,3 in 1 Accessory Pack,https://www.kmart.com.au/product/3-in-1-accessory-pack/1820444,https://www.kmart.com.au/wcsstore/Kmart/images/ncatalog/sz/9/42551249-1-sz.jpg,20.00,-,4.5 ,2 ,;,
b97e0ea2-73c3-40d8-a30d-ad429bba3e63,Technology,https://www.kmart.com.au/category/technology/technology-by-category/in-car-technology-&-accessories/514573#.plp-wrapper,In Car Technology & Accessories,https://www.kmart.com.au/category/technology/technology-by-category/in-car-technology-&-accessories/514573#.plp-wrapper,Single USB Car Charger Black,https://www.kmart.com.au/product/single-usb-car-charger-black/1806333,https://www.kmart.com.au/wcsstore/Kmart/images/ncatalog/sz/9/42551119-1-sz.jpg,4.00,-,4.0 ,1 ,;,
023f4a58-0bf4-495d-86ac-0b7efe073235,Technology,https://www.kmart.com.au/category/technology/technology-by-category/in-car-technology-&-accessories/514573#.plp-wrapper,In Car Technology & Accessories,https://www.kmart.com.au/category/technology/technology-by-category/in-car-technology-&-accessories/514573#.plp-wrapper,Car Air Vent Phone Holder - Black & Grey,https://www.kmart.com.au/product/car-air-vent-phone-holder---black--grey/1182826,https://www.kmart.com.au/wcsstore/Kmart/images/ncatalog/sz/3/42445333-1-sz.jpg,4.00,-,4.0 ,4 ,;,
818ddf54-f0d6-4303-af66-b2ec134c3be6,Technology,https://www.kmart.com.au/category/technology/technology-by-category/in-car-technology-&-accessories/514573#.plp-wrapper,In Car Technology & Accessories,https://www.kmart.com.au/category/technology/technology-by-category/in-car-technology-&-accessories/514573#.plp-wrapper,Whitevision Reversible P Plates - VIC/WA,https://www.kmart.com.au/product/whitevision-reversible-p-plates---vic-wa/945325,https://www.kmart.com.au/wcsstore/Kmart/images/ncatalog/sz/5/41502785-1-sz.jpg,5.00,-,Not Rated,0,;Back online soon,
55637f84-5392-4cc6-8418-5fe3605eb178,Technology,https://www.kmart.com.au/category/technology/technology-by-category/in-car-technology-&-accessories/514573#.plp-wrapper,In Car Technology & Accessories,https://www.kmart.com.au/category/technology/technology-by-category/in-car-technology-&-accessories/514573#.plp-wrapper,Whitevision Reversible P Plates - QLD,https://www.kmart.com.au/product/whitevision-reversible-p-plates---qld/945327,https://www.kmart.com.au/wcsstore/Kmart/images/ncatalog/sz/2/41502792-1-sz.jpg,5.00,-,Not Rated,0,;,
8a79bc1f-2b90-426c-942c-bb770be66f0f,Technology,https://www.kmart.com.au/category/technology/technology-by-category/in-car-technology-&-accessories/514573#.plp-wrapper,In Car Technology & Accessories,https://www.kmart.com.au/category/technology/technology-by-category/in-car-technology-&-accessories/514573#.plp-wrapper,Whitevision See Through P Plates - NSW/QLD/SA/NT/TAS,https://www.kmart.com.au/product/whitevision-see-through-p-plates---nsw-qld-sa-nt-tas/925301,https://www.kmart.com.au/wcsstore/Kmart/images/ncatalog/sz/3/39629203-1-sz.jpg,4.00,-,Not Rated,0,;,
6974d163-dcf5-4fbf-9acf-f087d4d8d79d,Technology,https://www.kmart.com.au/category/technology/technology-by-category/in-car-technology-&-accessories/514573#.plp-wrapper,In Car Technology & Accessories,https://www.kmart.com.au/category/technology/technology-by-category/in-car-technology-&-accessories/514573#.plp-wrapper,Whitevision See Through P Plates - VIC/WA,https://www.kmart.com.au/product/whitevision-see-through-p-plates---vic-wa/925303,https://www.kmart.com.au/wcsstore/Kmart/images/ncatalog/sz/5/39629425-1-sz.jpg,4.00,-,Not Rated,0,;Back online soon,
80a0a046-bf17-40e9-8a98-cd009672ba48,Technology,https://www.kmart.com.au/category/technology/technology-by-category/in-car-technology-&-accessories/514573#.plp-wrapper,In Car Technology & Accessories,https://www.kmart.com.au/category/technology/technology-by-category/in-car-technology-&-accessories/514573#.plp-wrapper,Whitevision Reversible L and P Plates - QLD/SA/TAS/NT,https://www.kmart.com.au/product/whitevision-reversible-l-and-p-plates---qld-sa-tas-nt/925305,https://www.kmart.com.au/wcsstore/Kmart/images/ncatalog/sz/9/39629449-1-sz.jpg,5.00,-,Not Rated,0,;,
4a2e5760-99a7-4f89-89f1-934a5a61b658,Technology,https://www.kmart.com.au/category/technology/technology-by-category/in-car-technology-&-accessories/514573#.plp-wrapper,In Car Technology & Accessories,https://www.kmart.com.au/category/technology/technology-by-category/in-car-technology-&-accessories/514573#.plp-wrapper,Whitevision See Through P Plates - VIC/WA,https://www.kmart.com.au/product/whitevision-see-through-p-plates---vic-wa/925311,https://www.kmart.com.au/wcsstore/Kmart/images/ncatalog/sz/4/40658964-1-sz.jpg,4.00,-,Not Rated,0,;Back online soon,
f7b0cd7f-24b1-43b0-8edb-5db797e9b981,Technology,https://www.kmart.com.au/category/technology/technology-by-category/in-car-technology-&-accessories/514573#.plp-wrapper,In Car Technology & Accessories,https://www.kmart.com.au/category/technology/technology-by-category/in-car-technology-&-accessories/514573#.plp-wrapper,Perei Learner & Provisional Plate - Reversible,https://www.kmart.com.au/product/perei-learner--provisional-plate---reversible/923803,https://www.kmart.com.au/wcsstore/Kmart/images/ncatalog/sz/4/39628824-1-sz.jpg,5.00,-,Not Rated,0,;Back online soon,
8828b77f-c769-4597-ab31-bd315e8cf274,Technology,https://www.kmart.com.au/category/technology/technology-by-category/in-car-technology-&-accessories/514573#.plp-wrapper,In Car Technology & Accessories,https://www.kmart.com.au/category/technology/technology-by-category/in-car-technology-&-accessories/514573#.plp-wrapper,Whitevision Magnetic L Plates,https://www.kmart.com.au/product/whitevision-magnetic-l-plates/923805,https://www.kmart.com.au/wcsstore/Kmart/images/ncatalog/sz/9/39629159-1-sz.jpg,5.00,-,5.0 ,1 ,;,
8dd2a9eb-53e3-4548-a480-f4ba97092d7a,Technology,https://www.kmart.com.au/category/technology/technology-by-category/in-car-technology-&-accessories/514573#.plp-wrapper,In Car Technology & Accessories,https://www.kmart.com.au/category/technology/technology-by-category/in-car-technology-&-accessories/514573#.plp-wrapper,Whitevision Magnetic P Plates - NSW/QLD,https://www.kmart.com.au/product/whitevision-magnetic-p-plates---nsw-qld/923807,https://www.kmart.com.au/wcsstore/Kmart/images/ncatalog/sz/3/39629173-1-sz.jpg,5.00,-,Not Rated,0,;,
b2f73263-e31a-44b3-ae2e-6db0f0a49609,Technology,https://www.kmart.com.au/category/technology/technology-by-category/in-car-technology-&-accessories/514573#.plp-wrapper,In Car Technology & Accessories,https://www.kmart.com.au/category/technology/technology-by-category/in-car-technology-&-accessories/514573#.plp-wrapper,Whitevision Magnetic P Plates - VIC/WA,https://www.kmart.com.au/product/whitevision-magnetic-p-plates---vic-wa/923809,https://www.kmart.com.au/wcsstore/Kmart/images/ncatalog/sz/7/39629197-1-sz.jpg,5.00,-,Not Rated,0,;,
1e6b5490-c678-4584-a1ee-f303072b6cf9,Technology,https://www.kmart.com.au/category/technology/technology-by-category/in-car-technology-&-accessories/514573#.plp-wrapper,In Car Technology & Accessories,https://www.kmart.com.au/category/technology/technology-by-category/in-car-technology-&-accessories/514573#.plp-wrapper,Whitevision See Through L Plates - NSW/ACT,https://www.kmart.com.au/product/whitevision-see-through-l-plates---nsw-act/923811,https://www.kmart.com.au/wcsstore/Kmart/images/ncatalog/sz/8/39629388-1-sz.jpg,4.00,-,Not Rated,0,;Back online soon,
9d8ddfd7-11dc-4423-b653-caea4bb0c2ae,Technology,https://www.kmart.com.au/category/technology/technology-by-category/in-car-technology-&-accessories/514573#.plp-wrapper,In Car Technology & Accessories,https://www.kmart.com.au/category/technology/technology-by-category/in-car-technology-&-accessories/514573#.plp-wrapper,Front Accordion Sunshade - Metallic Pink,https://www.kmart.com.au/product/front-accordion-sunshade---metallic-pink/875337,https://www.kmart.com.au/wcsstore/Kmart/images/ncatalog/sz/5/42318255-1-sz.jpg,5.00,-,Not Rated,0,;,
17d2c3c5-ac37-4294-92ad-7d155460c8d8,Technology,https://www.kmart.com.au/category/technology/technology-by-category/in-car-technology-&-accessories/514573#.plp-wrapper,In Car Technology & Accessories,https://www.kmart.com.au/category/technology/technology-by-category/in-car-technology-&-accessories/514573#.plp-wrapper,Front Accordion Sunshade - Palm Tree,https://www.kmart.com.au/product/front-accordion-sunshade---palm-tree/868327,https://www.kmart.com.au/wcsstore/Kmart/images/ncatalog/sz/9/42272489-1-sz.jpg,7.00,-,3.0 ,1 ,;,
ff9ec8a0-b70f-4e36-a104-f715bd62d44a,Technology,https://www.kmart.com.au/category/technology/technology-by-category/in-car-technology-&-accessories/514573#.plp-wrapper,In Car Technology & Accessories,https://www.kmart.com.au/category/technology/technology-by-category/in-car-technology-&-accessories/514573#.plp-wrapper,2 Rear Side Window Shades - Large Rectangular,https://www.kmart.com.au/product/2-rear-side-window-shades---large-rectangular/861353,https://www.kmart.com.au/wcsstore/Kmart/images/ncatalog/sz/8/41873298-1-sz.jpg,10.00,-,Not Rated,0,;,
7f2c074a-3580-4143-a675-ffd8654e9f59,Technology,https://www.kmart.com.au/category/technology/technology-by-category/in-car-technology-&-accessories/514573#.plp-wrapper,In Car Technology & Accessories,https://www.kmart.com.au/category/technology/technology-by-category/in-car-technology-&-accessories/514573#.plp-wrapper,Rear Side Window Shade - Extra Large Curved Set of 2,https://www.kmart.com.au/product/rear-side-window-shade---extra-large-curved-set-of-2/861355,https://www.kmart.com.au/wcsstore/Kmart/images/ncatalog/sz/1/41873311-1-sz.jpg,10.00,-,3.0 ,1 ,;,
4c067a45-8b1e-4f07-9b39-27c08cedc4d4,Technology,https://www.kmart.com.au/category/technology/technology-by-category/in-car-technology-&-accessories/514573#.plp-wrapper,In Car Technology & Accessories,https://www.kmart.com.au/category/technology/technology-by-category/in-car-technology-&-accessories/514573#.plp-wrapper,Front Accordion Sunshade - Blue,https://www.kmart.com.au/product/front-accordion-sunshade---blue/824509,https://www.kmart.com.au/wcsstore/Kmart/images/ncatalog/sz/2/42318262-1-sz.jpg,5.00,-,4.0 ,1 ,;,
e9e0bce0-045a-4c89-9e36-0f2738548fcb,Technology,https://www.kmart.com.au/category/technology/technology-by-category/in-car-technology-&-accessories/514573#.plp-wrapper,In Car Technology & Accessories,https://www.kmart.com.au/category/technology/technology-by-category/in-car-technology-&-accessories/514573#.plp-wrapper,Rear Side Window Shade - Set of 2,https://www.kmart.com.au/product/rear-side-window-shade---set-of-2/757841,https://www.kmart.com.au/wcsstore/Kmart/images/ncatalog/sz/1/41873281-1-sz.jpg,10.00,-,5.0 ,3 ,;,
cf0f78d3-cb64-4d50-bcf6-2413880bbaa4,Technology,https://www.kmart.com.au/category/technology/technology-by-category/in-car-technology-&-accessories/514573#.plp-wrapper,In Car Technology & Accessories,https://www.kmart.com.au/category/technology/technology-by-category/in-car-technology-&-accessories/514573#.plp-wrapper,Side Sun Shade - Set of 2,https://www.kmart.com.au/product/side-sun-shade---set-of-2/747831,https://www.kmart.com.au/wcsstore/Kmart/images/ncatalog/sz/1/41560501-1-sz.jpg,2.00,-,5.0 ,3 ,;,
f8888344-7dac-48d5-91fc-d3c1a92f3309,Technology,https://www.kmart.com.au/category/technology/technology-by-category/in-car-technology-&-accessories/514573#.plp-wrapper,In Car Technology & Accessories,https://www.kmart.com.au/category/technology/technology-by-category/in-car-technology-&-accessories/514573#.plp-wrapper,Universal Mobile Window Mount,https://www.kmart.com.au/product/universal-mobile-window-mount/747997,https://www.kmart.com.au/wcsstore/Kmart/images/ncatalog/sz/1/41965801-1-sz.jpg,4.00,-,5.0 ,2 ,;,
4d8a27df-7b31-43df-bfa5-542c167ecb4d,Technology,https://www.kmart.com.au/category/technology/technology-by-category/in-car-technology-&-accessories/514573#.plp-wrapper,In Car Technology & Accessories,https://www.kmart.com.au/category/technology/technology-by-category/in-car-technology-&-accessories/514573#.plp-wrapper,Large Car Cover,https://www.kmart.com.au/product/large-car-cover/748413,https://www.kmart.com.au/wcsstore/Kmart/images/ncatalog/sz/7/42245667-1-sz.jpg,22.00,-,4.4 ,11 ,;,
ce8208c9-ff3a-45a1-8301-97a50de9d563,Technology,https://www.kmart.com.au/category/technology/technology-by-category/in-car-technology-&-accessories/514573#.plp-wrapper,In Car Technology & Accessories,https://www.kmart.com.au/category/technology/technology-by-category/in-car-technology-&-accessories/514573#.plp-wrapper,Front Sunshade - 147x70cm,https://www.kmart.com.au/product/front-sunshade---147x70cm/722829,https://www.kmart.com.au/wcsstore/Kmart/images/ncatalog/sz/2/41560372-1-sz.jpg,4.00,-,5.0 ,3 ,;,
27dfc422-eba8-4c63-83ed-974207d3aaf6,Technology,https://www.kmart.com.au/category/technology/technology-by-category/in-car-technology-&-accessories/514573#.plp-wrapper,In Car Technology & Accessories,https://www.kmart.com.au/category/technology/technology-by-category/in-car-technology-&-accessories/514573#.plp-wrapper,3 Way Sunshade,https://www.kmart.com.au/product/3-way-sunshade/722831,https://www.kmart.com.au/wcsstore/Kmart/images/ncatalog/sz/6/41560426-1-sz.jpg,6.00,-,3.0 ,1 ,;,
