6fb364dc-36e3-42ea-a5e5-f2856d6f08a1,Technology,https://www.kmart.com.au/category/technology/technology-by-category/headphones-&-earphones/251059#.plp-wrapper,Headphones & Earphones,https://www.kmart.com.au/category/technology/technology-by-category/headphones-&-earphones/251059#.plp-wrapper,Bluetooth Active Noise Cancelling Headphones,https://www.kmart.com.au/product/bluetooth-active-noise-cancelling-headphones/2438826,https://www.kmart.com.au/wcsstore/Kmart/images/ncatalog/sz/9/42706649-1-sz.jpg,39.00,-,Not Rated,0,;,
cf16f41d-6a10-4934-8960-b31b0e423c1d,Technology,https://www.kmart.com.au/category/technology/technology-by-category/headphones-&-earphones/251059#.plp-wrapper,Headphones & Earphones,https://www.kmart.com.au/category/technology/technology-by-category/headphones-&-earphones/251059#.plp-wrapper,Bluetooth Headphones Grey,https://www.kmart.com.au/product/bluetooth-headphones-grey/3071328,https://www.kmart.com.au/wcsstore/Kmart/images/ncatalog/sz/9/42901969-1-sz.jpg,25.00,-,Not Rated,0,;,
adbb557e-7388-4cb5-ba35-be77381ab5e1,Technology,https://www.kmart.com.au/category/technology/technology-by-category/headphones-&-earphones/251059#.plp-wrapper,Headphones & Earphones,https://www.kmart.com.au/category/technology/technology-by-category/headphones-&-earphones/251059#.plp-wrapper,Gaming Headset,https://www.kmart.com.au/product/gaming-headset/2883306,https://www.kmart.com.au/wcsstore/Kmart/images/ncatalog/sz/0/42829300-1-sz.jpg,25.00,-,Not Rated,0,;,
f9fed296-216c-4a83-b5d4-a52fcc93c1b0,Technology,https://www.kmart.com.au/category/technology/technology-by-category/headphones-&-earphones/251059#.plp-wrapper,Headphones & Earphones,https://www.kmart.com.au/category/technology/technology-by-category/headphones-&-earphones/251059#.plp-wrapper,Gaming Headset with Detachable Microphone,https://www.kmart.com.au/product/gaming-headset-with-detachable-microphone/2883307,https://www.kmart.com.au/wcsstore/Kmart/images/ncatalog/sz/7/42829317-1-sz.jpg,35.00,-,Not Rated,0,;,
35a4a1b4-cfda-4e73-bcfb-45294e91ac78,Technology,https://www.kmart.com.au/category/technology/technology-by-category/headphones-&-earphones/251059#.plp-wrapper,Headphones & Earphones,https://www.kmart.com.au/category/technology/technology-by-category/headphones-&-earphones/251059#.plp-wrapper,Virtual 7.1 Gaming Headset,https://www.kmart.com.au/product/virtual-7.1-gaming-headset/2883308,https://www.kmart.com.au/wcsstore/Kmart/images/ncatalog/sz/4/42829324-1-sz.jpg,45.00,-,Not Rated,0,;,
4fa0b0eb-9b2a-4a7f-8343-d06199e9cced,Technology,https://www.kmart.com.au/category/technology/technology-by-category/headphones-&-earphones/251059#.plp-wrapper,Headphones & Earphones,https://www.kmart.com.au/category/technology/technology-by-category/headphones-&-earphones/251059#.plp-wrapper,True Wireless Earphones - Champagne,https://www.kmart.com.au/product/true-wireless-earphones---champagne/2949809,https://www.kmart.com.au/wcsstore/Kmart/images/ncatalog/sz/4/42829614-1-sz.jpg,35.00,-,Not Rated,0,;,
d7b719fa-7dcf-4d12-bd6d-09e9290a0e22,Technology,https://www.kmart.com.au/category/technology/technology-by-category/headphones-&-earphones/251059#.plp-wrapper,Headphones & Earphones,https://www.kmart.com.au/category/technology/technology-by-category/headphones-&-earphones/251059#.plp-wrapper,True Wireless Earphones - Pink,https://www.kmart.com.au/product/true-wireless-earphones---pink/2949810,https://www.kmart.com.au/wcsstore/Kmart/images/ncatalog/sz/1/42829621-1-sz.jpg,35.00,-,Not Rated,0,;,
62253124-b9b0-4f16-95c5-34656215e8c0,Technology,https://www.kmart.com.au/category/technology/technology-by-category/headphones-&-earphones/251059#.plp-wrapper,Headphones & Earphones,https://www.kmart.com.au/category/technology/technology-by-category/headphones-&-earphones/251059#.plp-wrapper,Bluetooth Noise Cancelling Headphones,https://www.kmart.com.au/product/bluetooth-noise-cancelling-headphones/3059833,https://www.kmart.com.au/wcsstore/Kmart/images/ncatalog/sz/0/42895770-1-sz.jpg,39.00,-,Not Rated,0,;,
9838f8f4-dc3a-45c0-a8a8-0fda47e00ca6,Technology,https://www.kmart.com.au/category/technology/technology-by-category/headphones-&-earphones/251059#.plp-wrapper,Headphones & Earphones,https://www.kmart.com.au/category/technology/technology-by-category/headphones-&-earphones/251059#.plp-wrapper,Bluetooth Headphones - Tan,https://www.kmart.com.au/product/bluetooth-headphones---tan/3082835,https://www.kmart.com.au/wcsstore/Kmart/images/ncatalog/sz/2/42901952-1-sz.jpg,25.00,-,Not Rated,0,;,
c4fb497c-d8f1-4538-9a99-646c69c7af14,Technology,https://www.kmart.com.au/category/technology/technology-by-category/headphones-&-earphones/251059#.plp-wrapper,Headphones & Earphones,https://www.kmart.com.au/category/technology/technology-by-category/headphones-&-earphones/251059#.plp-wrapper,True Wireless Earphones - Black,https://www.kmart.com.au/product/true-wireless-earphones---black/2669801,https://www.kmart.com.au/wcsstore/Kmart/images/ncatalog/sz/4/42747734-1-sz.jpg,7.00,-,Not Rated,0,;,
cd359b4e-c094-4564-9132-6e6404fd5f5b,Technology,https://www.kmart.com.au/category/technology/technology-by-category/headphones-&-earphones/251059#.plp-wrapper,Headphones & Earphones,https://www.kmart.com.au/category/technology/technology-by-category/headphones-&-earphones/251059#.plp-wrapper,Bluetooth Headphone with Wireless Charge Base - Black,https://www.kmart.com.au/product/bluetooth-headphone-with-wireless-charge-base---black/3103804,https://www.kmart.com.au/wcsstore/Kmart/images/ncatalog/sz/8/42895848-1-sz.jpg,45.00,-,Not Rated,0,;,
5c9f9c28-eab5-4146-b691-af5038751380,Technology,https://www.kmart.com.au/category/technology/technology-by-category/headphones-&-earphones/251059#.plp-wrapper,Headphones & Earphones,https://www.kmart.com.au/category/technology/technology-by-category/headphones-&-earphones/251059#.plp-wrapper,Bluetooth Headphones - Black,https://www.kmart.com.au/product/bluetooth-headphones---black/3102327,https://www.kmart.com.au/wcsstore/Kmart/images/ncatalog/sz/6/42901976-1-sz.jpg,19.00,-,Not Rated,0,;,
f3fa39dd-2595-474c-b18e-d6c1e753db70,Technology,https://www.kmart.com.au/category/technology/technology-by-category/headphones-&-earphones/251059#.plp-wrapper,Headphones & Earphones,https://www.kmart.com.au/category/technology/technology-by-category/headphones-&-earphones/251059#.plp-wrapper,Volume Limited Kids Headphones,https://www.kmart.com.au/product/volume-limited-kids-headphones/3091847,https://www.kmart.com.au/wcsstore/Kmart/images/ncatalog/sz/8/42901938-1-sz.jpg,10.00,-,Not Rated,0,;,
f0bfdcd2-b721-4abb-9f6f-12b8e6fee23a,Technology,https://www.kmart.com.au/category/technology/technology-by-category/headphones-&-earphones/251059#.plp-wrapper,Headphones & Earphones,https://www.kmart.com.au/category/technology/technology-by-category/headphones-&-earphones/251059#.plp-wrapper,True Secure Fit Wireless Earphones - Blue,https://www.kmart.com.au/product/true-secure-fit-wireless-earphones---blue/2949806,https://www.kmart.com.au/wcsstore/Kmart/images/ncatalog/sz/2/42829652-1-sz.jpg,35.00,-,Not Rated,0,;,
685cb2a1-b831-4fa6-bf3f-476e6e160f84,Technology,https://www.kmart.com.au/category/technology/technology-by-category/headphones-&-earphones/251059#.plp-wrapper,Headphones & Earphones,https://www.kmart.com.au/category/technology/technology-by-category/headphones-&-earphones/251059#.plp-wrapper,True Wireless Earphones - Black,https://www.kmart.com.au/product/true-wireless-earphones---black/2949807,https://www.kmart.com.au/wcsstore/Kmart/images/ncatalog/sz/9/42829669-1-sz.jpg,35.00,-,Not Rated,0,;,
dcce5f21-8d76-4b9a-afef-76d5665e357e,Technology,https://www.kmart.com.au/category/technology/technology-by-category/headphones-&-earphones/251059#.plp-wrapper,Headphones & Earphones,https://www.kmart.com.au/category/technology/technology-by-category/headphones-&-earphones/251059#.plp-wrapper,True Wireless Earphones - White,https://www.kmart.com.au/product/true-wireless-earphones---white/2949808,https://www.kmart.com.au/wcsstore/Kmart/images/ncatalog/sz/1/42829591-1-sz.jpg,35.00,-,Not Rated,0,;,
2d02d46f-d674-41f2-81a6-ac73ef0e3080,Technology,https://www.kmart.com.au/category/technology/technology-by-category/headphones-&-earphones/251059#.plp-wrapper,Headphones & Earphones,https://www.kmart.com.au/category/technology/technology-by-category/headphones-&-earphones/251059#.plp-wrapper,True Secure Fit Wireless Earphones - Red,https://www.kmart.com.au/product/true-secure-fit-wireless-earphones---red/2949811,https://www.kmart.com.au/wcsstore/Kmart/images/ncatalog/sz/8/42829638-1-sz.jpg,35.00,-,Not Rated,0,;,
ce7148bf-4fb9-4d5c-8d80-e9379f8dca9d,Technology,https://www.kmart.com.au/category/technology/technology-by-category/headphones-&-earphones/251059#.plp-wrapper,Headphones & Earphones,https://www.kmart.com.au/category/technology/technology-by-category/headphones-&-earphones/251059#.plp-wrapper,Bud Style Lighting Earphones - Black with Silver,https://www.kmart.com.au/product/bud-style-lighting-earphones---black-with-silver/2929304,https://www.kmart.com.au/wcsstore/Kmart/images/ncatalog/sz/3/42873273-1-sz.jpg,20.00,-,Not Rated,0,;,
472c54ca-d1c3-49f2-8005-cb92bcbc57cb,Technology,https://www.kmart.com.au/category/technology/technology-by-category/headphones-&-earphones/251059#.plp-wrapper,Headphones & Earphones,https://www.kmart.com.au/category/technology/technology-by-category/headphones-&-earphones/251059#.plp-wrapper,Bud Style Lighting Earphones - White with Golden,https://www.kmart.com.au/product/bud-style-lighting-earphones---white-with-golden/2929305,https://www.kmart.com.au/wcsstore/Kmart/images/ncatalog/sz/2/42873242-1-sz.jpg,20.00,-,Not Rated,0,;,
9f04d7b1-b460-4034-9b1d-1686a4c9e14f,Technology,https://www.kmart.com.au/category/technology/technology-by-category/headphones-&-earphones/251059#.plp-wrapper,Headphones & Earphones,https://www.kmart.com.au/category/technology/technology-by-category/headphones-&-earphones/251059#.plp-wrapper,Classic Style Lightning Earphones - White,https://www.kmart.com.au/product/classic-style-lightning-earphones---white/2929306,https://www.kmart.com.au/wcsstore/Kmart/images/ncatalog/sz/7/42873297-1-sz.jpg,20.00,-,Not Rated,0,;,
af62e887-ea8d-4bd0-af39-ea788eb19891,Technology,https://www.kmart.com.au/category/technology/technology-by-category/headphones-&-earphones/251059#.plp-wrapper,Headphones & Earphones,https://www.kmart.com.au/category/technology/technology-by-category/headphones-&-earphones/251059#.plp-wrapper,Classic Style Lightning Earphones - Black,https://www.kmart.com.au/product/classic-style-lightning-earphones---black/2929307,https://www.kmart.com.au/wcsstore/Kmart/images/ncatalog/sz/3/42873303-1-sz.jpg,20.00,-,Not Rated,0,;,
f6648683-b42e-491f-a50e-20ea85386c72,Technology,https://www.kmart.com.au/category/technology/technology-by-category/headphones-&-earphones/251059#.plp-wrapper,Headphones & Earphones,https://www.kmart.com.au/category/technology/technology-by-category/headphones-&-earphones/251059#.plp-wrapper,Earphones Bud Style USB-C,https://www.kmart.com.au/product/earphones-bud-style-usb-c/2929308,https://www.kmart.com.au/wcsstore/Kmart/images/ncatalog/sz/0/42873310-1-sz.jpg,20.00,-,Not Rated,0,;,
2b984d71-9386-463d-b779-c46e5bad3be6,Technology,https://www.kmart.com.au/category/technology/technology-by-category/headphones-&-earphones/251059#.plp-wrapper,Headphones & Earphones,https://www.kmart.com.au/category/technology/technology-by-category/headphones-&-earphones/251059#.plp-wrapper,True Wireless Earphones - Blue,https://www.kmart.com.au/product/true-wireless-earphones---blue/2942302,https://www.kmart.com.au/wcsstore/Kmart/images/ncatalog/sz/3/42829683-1-sz.jpg,35.00,-,Not Rated,0,;,
54432389-fa04-46bc-af0f-0e7870a4ef19,Technology,https://www.kmart.com.au/category/technology/technology-by-category/headphones-&-earphones/251059#.plp-wrapper,Headphones & Earphones,https://www.kmart.com.au/category/technology/technology-by-category/headphones-&-earphones/251059#.plp-wrapper,Bluetooth Kids Headphones Volume Limited - Blue,https://www.kmart.com.au/product/bluetooth-kids-headphones-volume-limited---blue/2884807,https://www.kmart.com.au/wcsstore/Kmart/images/ncatalog/sz/6/42829676-1-sz.jpg,19.00,-,Not Rated,0,;,
3b9fe30e-51ed-4b58-ac14-df9a42a3d2e9,Technology,https://www.kmart.com.au/category/technology/technology-by-category/headphones-&-earphones/251059#.plp-wrapper,Headphones & Earphones,https://www.kmart.com.au/category/technology/technology-by-category/headphones-&-earphones/251059#.plp-wrapper,85dB Limited Volume Bluetooth Kids Headphones - Pink,https://www.kmart.com.au/product/85db-limited-volume-bluetooth-kids-headphones---pink/2888326,https://www.kmart.com.au/wcsstore/Kmart/images/ncatalog/sz/3/42854203-1-sz.jpg,19.00,-,Not Rated,0,;,
169df415-a3cc-402d-9dda-c20227f7930c,Technology,https://www.kmart.com.au/category/technology/technology-by-category/headphones-&-earphones/251059#.plp-wrapper,Headphones & Earphones,https://www.kmart.com.au/category/technology/technology-by-category/headphones-&-earphones/251059#.plp-wrapper,Bluetooth Headphones with Extra Bass,https://www.kmart.com.au/product/bluetooth-headphones-with-extra-bass/2795812,https://www.kmart.com.au/wcsstore/Kmart/images/ncatalog/sz/5/42781615-1-sz.jpg,35.00,-,Not Rated,0,;,
75860fa8-afb9-4236-ae89-4139fd760228,Technology,https://www.kmart.com.au/category/technology/technology-by-category/headphones-&-earphones/251059#.plp-wrapper,Headphones & Earphones,https://www.kmart.com.au/category/technology/technology-by-category/headphones-&-earphones/251059#.plp-wrapper,Bluetooth Headphones with Extra Bass,https://www.kmart.com.au/product/bluetooth-headphones-with-extra-bass/2804308,https://www.kmart.com.au/wcsstore/Kmart/images/ncatalog/sz/2/42781622-1-sz.jpg,35.00,-,Not Rated,0,;Back online soon,
7c6461fd-b8bf-42ae-a529-bc60443c80ee,Technology,https://www.kmart.com.au/category/technology/technology-by-category/headphones-&-earphones/251059#.plp-wrapper,Headphones & Earphones,https://www.kmart.com.au/category/technology/technology-by-category/headphones-&-earphones/251059#.plp-wrapper,Volume Limited Kids Headphones - Llama,https://www.kmart.com.au/product/volume-limited-kids-headphones---llama/2718342,https://www.kmart.com.au/wcsstore/Kmart/images/ncatalog/sz/4/42795384-1-sz.jpg,12.00,-,Not Rated,0,;Back online soon,
b218d87e-f795-42aa-bdcc-607c5320db9a,Technology,https://www.kmart.com.au/category/technology/technology-by-category/headphones-&-earphones/251059#.plp-wrapper,Headphones & Earphones,https://www.kmart.com.au/category/technology/technology-by-category/headphones-&-earphones/251059#.plp-wrapper,Volume Limited Kids Headphones - Shark,https://www.kmart.com.au/product/volume-limited-kids-headphones---shark/2718303,https://www.kmart.com.au/wcsstore/Kmart/images/ncatalog/sz/0/42764700-1-sz.jpg,12.00,-,Not Rated,0,;,
f0c42551-6de2-48a4-8e8d-7ace7b0f630c,Technology,https://www.kmart.com.au/category/technology/technology-by-category/headphones-&-earphones/251059#.plp-wrapper,Headphones & Earphones,https://www.kmart.com.au/category/technology/technology-by-category/headphones-&-earphones/251059#.plp-wrapper,Bluetooth Voice Operated Neckband Earphones,https://www.kmart.com.au/product/bluetooth-voice-operated-neckband-earphones/2695809,https://www.kmart.com.au/wcsstore/Kmart/images/ncatalog/sz/7/42747727-1-sz.jpg,15.00,-,Not Rated,0,;Back online soon,
fac2b61c-c91a-4412-a036-b8bc95e2a390,Technology,https://www.kmart.com.au/category/technology/technology-by-category/headphones-&-earphones/251059#.plp-wrapper,Headphones & Earphones,https://www.kmart.com.au/category/technology/technology-by-category/headphones-&-earphones/251059#.plp-wrapper,Kids Headphones Volume Limited - Rainbow,https://www.kmart.com.au/product/kids-headphones-volume-limited---rainbow/2670804,https://www.kmart.com.au/wcsstore/Kmart/images/ncatalog/sz/8/42747758-1-sz.jpg,9.50,-,Not Rated,0,;,
d88d122a-3fe6-45a7-bb1d-684d7e48890d,Technology,https://www.kmart.com.au/category/technology/technology-by-category/headphones-&-earphones/251059#.plp-wrapper,Headphones & Earphones,https://www.kmart.com.au/category/technology/technology-by-category/headphones-&-earphones/251059#.plp-wrapper,Headphones Medley Blush Specks,https://www.kmart.com.au/product/headphones-medley-blush-specks/2670805,https://www.kmart.com.au/wcsstore/Kmart/images/ncatalog/sz/5/42747765-1-sz.jpg,9.50,-,Not Rated,0,;Back online soon,
8121de7e-e448-4ff4-9d75-7c27d5b30fb9,Technology,https://www.kmart.com.au/category/technology/technology-by-category/headphones-&-earphones/251059#.plp-wrapper,Headphones & Earphones,https://www.kmart.com.au/category/technology/technology-by-category/headphones-&-earphones/251059#.plp-wrapper,Earphones Classic Dusty Pink,https://www.kmart.com.au/product/earphones-classic-dusty-pink/2670807,https://www.kmart.com.au/wcsstore/Kmart/images/ncatalog/sz/3/42747703-1-sz.jpg,5.50,-,Not Rated,0,;,
f7608018-3623-4550-a2f8-222b0eff16d6,Technology,https://www.kmart.com.au/category/technology/technology-by-category/headphones-&-earphones/251059#.plp-wrapper,Headphones & Earphones,https://www.kmart.com.au/category/technology/technology-by-category/headphones-&-earphones/251059#.plp-wrapper,Kids Headphones Volume Limited,https://www.kmart.com.au/product/kids-headphones-volume-limited/2670808,https://www.kmart.com.au/wcsstore/Kmart/images/ncatalog/sz/1/42747741-1-sz.jpg,9.50,-,Not Rated,0,;,
6f954789-98c7-4551-9c71-3b30c80ef5e8,Technology,https://www.kmart.com.au/category/technology/technology-by-category/headphones-&-earphones/251059#.plp-wrapper,Headphones & Earphones,https://www.kmart.com.au/category/technology/technology-by-category/headphones-&-earphones/251059#.plp-wrapper,True Wireless Earphones - White,https://www.kmart.com.au/product/true-wireless-earphones---white/2487365,https://www.kmart.com.au/wcsstore/Kmart/images/ncatalog/sz/1/42721031-1-sz.jpg,7.00,-,Not Rated,0,;,
35e432c3-8df3-4c83-9944-54faf54199af,Technology,https://www.kmart.com.au/category/technology/technology-by-category/headphones-&-earphones/251059#.plp-wrapper,Headphones & Earphones,https://www.kmart.com.au/category/technology/technology-by-category/headphones-&-earphones/251059#.plp-wrapper,Bluetooth Earphones - Classic Black,https://www.kmart.com.au/product/bluetooth-earphones---classic-black/2438820,https://www.kmart.com.au/wcsstore/Kmart/images/ncatalog/sz/5/42702375-1-sz.jpg,15.00,-,Not Rated,0,;,
fae87457-74cb-4791-9a89-8c333d3c1bbb,Technology,https://www.kmart.com.au/category/technology/technology-by-category/headphones-&-earphones/251059#.plp-wrapper,Headphones & Earphones,https://www.kmart.com.au/category/technology/technology-by-category/headphones-&-earphones/251059#.plp-wrapper,Foldable Headphones Streets Blush Swirl,https://www.kmart.com.au/product/foldable-headphones-streets-blush-swirl/2438821,https://www.kmart.com.au/wcsstore/Kmart/images/ncatalog/sz/2/42702382-1-sz.jpg,9.50,-,Not Rated,0,;,
b4f31787-ae77-4b7f-9acf-df4845e215f2,Technology,https://www.kmart.com.au/category/technology/technology-by-category/headphones-&-earphones/251059#.plp-wrapper,Headphones & Earphones,https://www.kmart.com.au/category/technology/technology-by-category/headphones-&-earphones/251059#.plp-wrapper,Bluetooth Headphones - Graphite,https://www.kmart.com.au/product/bluetooth-headphones---graphite/2382319,https://www.kmart.com.au/wcsstore/Kmart/images/ncatalog/sz/9/42702429-1-sz.jpg,19.00,-,Not Rated,0,;,
dae43dd1-27dd-4282-815e-1ecd96ec522f,Technology,https://www.kmart.com.au/category/technology/technology-by-category/headphones-&-earphones/251059#.plp-wrapper,Headphones & Earphones,https://www.kmart.com.au/category/technology/technology-by-category/headphones-&-earphones/251059#.plp-wrapper,Kids Headphones Volume Limited - Plush Unicorn,https://www.kmart.com.au/product/kids-headphones-volume-limited---plush-unicorn/2185318,https://www.kmart.com.au/wcsstore/Kmart/images/ncatalog/sz/1/42636021-1-sz.jpg,12.00,-,Not Rated,0,;,
025247fd-1604-4410-ba23-a6bde5447c2e,Technology,https://www.kmart.com.au/category/technology/technology-by-category/headphones-&-earphones/251059#.plp-wrapper,Headphones & Earphones,https://www.kmart.com.au/category/technology/technology-by-category/headphones-&-earphones/251059#.plp-wrapper,Foldable Headphones,https://www.kmart.com.au/product/foldable-headphones/2102806,https://www.kmart.com.au/wcsstore/Kmart/images/ncatalog/sz/5/42605515-1-sz.jpg,9.50,-,Not Rated,0,;,
9d27af88-40d4-4822-9bb0-d95f270e260a,Technology,https://www.kmart.com.au/category/technology/technology-by-category/headphones-&-earphones/251059#.plp-wrapper,Headphones & Earphones,https://www.kmart.com.au/category/technology/technology-by-category/headphones-&-earphones/251059#.plp-wrapper,Earphones Black Swirl,https://www.kmart.com.au/product/earphones-black-swirl/2106821,https://www.kmart.com.au/wcsstore/Kmart/images/ncatalog/sz/5/42614845-1-sz.jpg,5.50,-,Not Rated,0,;,
3ed1d3b7-7d0d-49a9-a2e0-92e0ac912369,Technology,https://www.kmart.com.au/category/technology/technology-by-category/headphones-&-earphones/251059#.plp-wrapper,Headphones & Earphones,https://www.kmart.com.au/category/technology/technology-by-category/headphones-&-earphones/251059#.plp-wrapper,Earphones Streets Black Red,https://www.kmart.com.au/product/earphones-streets-black-red/2127306,https://www.kmart.com.au/wcsstore/Kmart/images/ncatalog/sz/1/42605591-1-sz.jpg,5.50,-,Not Rated,0,;,
f6eedb93-ceab-4990-b9e7-8f3b8d3d5b99,Technology,https://www.kmart.com.au/category/technology/technology-by-category/headphones-&-earphones/251059#.plp-wrapper,Headphones & Earphones,https://www.kmart.com.au/category/technology/technology-by-category/headphones-&-earphones/251059#.plp-wrapper,Bluetooth Earphones Ear Hook Teal,https://www.kmart.com.au/product/bluetooth-earphones-ear-hook-teal/2127307,https://www.kmart.com.au/wcsstore/Kmart/images/ncatalog/sz/2/42605652-1-sz.jpg,15.00,-,Not Rated,0,;,
3bdad4d7-d267-4c0a-ae3e-5364d95f6a46,Technology,https://www.kmart.com.au/category/technology/technology-by-category/headphones-&-earphones/251059#.plp-wrapper,Headphones & Earphones,https://www.kmart.com.au/category/technology/technology-by-category/headphones-&-earphones/251059#.plp-wrapper,Earphones Classic White,https://www.kmart.com.au/product/earphones-classic-white/2106904,https://www.kmart.com.au/wcsstore/Kmart/images/ncatalog/sz/7/42656937-1-sz.jpg,5.50,-,Not Rated,0,;,
1cac6912-2ac8-4279-a0bf-ae72b40d3732,Technology,https://www.kmart.com.au/category/technology/technology-by-category/headphones-&-earphones/251059#.plp-wrapper,Headphones & Earphones,https://www.kmart.com.au/category/technology/technology-by-category/headphones-&-earphones/251059#.plp-wrapper,Earphones Blush Swirl,https://www.kmart.com.au/product/earphones-blush-swirl/2106906,https://www.kmart.com.au/wcsstore/Kmart/images/ncatalog/sz/8/42656838-1-sz.jpg,5.50,-,Not Rated,0,;,
597a18de-a179-467b-bda7-7081e7bad956,Technology,https://www.kmart.com.au/category/technology/technology-by-category/headphones-&-earphones/251059#.plp-wrapper,Headphones & Earphones,https://www.kmart.com.au/category/technology/technology-by-category/headphones-&-earphones/251059#.plp-wrapper,Earphones Rose Gold Look,https://www.kmart.com.au/product/earphones-rose-gold-look/2015812,https://www.kmart.com.au/wcsstore/Kmart/images/ncatalog/sz/2/42568612-1-sz.jpg,9.00											WAS 10 on 01/03/2020,9.00											,Not Rated,0,;,
ee1acd30-e554-4766-9d57-4f014d67a8c2,Technology,https://www.kmart.com.au/category/technology/technology-by-category/headphones-&-earphones/251059#.plp-wrapper,Headphones & Earphones,https://www.kmart.com.au/category/technology/technology-by-category/headphones-&-earphones/251059#.plp-wrapper,Bluetooth Headphones Plum,https://www.kmart.com.au/product/bluetooth-headphones-plum/1944802,https://www.kmart.com.au/wcsstore/Kmart/images/ncatalog/sz/8/42568568-1-sz.jpg,19.00,-,Not Rated,0,;Back online soon,
b1f19b53-6617-4158-86a6-f04b8d00c867,Technology,https://www.kmart.com.au/category/technology/technology-by-category/headphones-&-earphones/251059#.plp-wrapper,Headphones & Earphones,https://www.kmart.com.au/category/technology/technology-by-category/headphones-&-earphones/251059#.plp-wrapper,Earphones Metallic Champagne,https://www.kmart.com.au/product/earphones-metallic-champagne/1937337,https://www.kmart.com.au/wcsstore/Kmart/images/ncatalog/sz/1/42575481-1-sz.jpg,9.00											WAS 10 on 01/03/2020,9.00											,Not Rated,0,;,
214ea6e8-e392-4ae3-be5a-9879811dff4d,Technology,https://www.kmart.com.au/category/technology/technology-by-category/headphones-&-earphones/251059#.plp-wrapper,Headphones & Earphones,https://www.kmart.com.au/category/technology/technology-by-category/headphones-&-earphones/251059#.plp-wrapper,Noise Cancelling Headphones,https://www.kmart.com.au/product/noise-cancelling-headphones/1938802,https://www.kmart.com.au/wcsstore/Kmart/images/ncatalog/sz/4/42575504-1-sz.jpg,25.00,-,Not Rated,0,;,
148b31f3-ae26-4675-93ab-72e94f11d06e,Technology,https://www.kmart.com.au/category/technology/technology-by-category/headphones-&-earphones/251059#.plp-wrapper,Headphones & Earphones,https://www.kmart.com.au/category/technology/technology-by-category/headphones-&-earphones/251059#.plp-wrapper,Headphones - Metro Blush,https://www.kmart.com.au/product/headphones---metro-blush/1937314,https://www.kmart.com.au/wcsstore/Kmart/images/ncatalog/sz/1/42562511-1-sz.jpg,9.50,-,Not Rated,0,;,
6c0c226a-2a51-4e31-998d-59d5e3778ace,Technology,https://www.kmart.com.au/category/technology/technology-by-category/headphones-&-earphones/251059#.plp-wrapper,Headphones & Earphones,https://www.kmart.com.au/category/technology/technology-by-category/headphones-&-earphones/251059#.plp-wrapper,Bluetooth Earphones Graphite,https://www.kmart.com.au/product/bluetooth-earphones-graphite/1692330,https://www.kmart.com.au/wcsstore/Kmart/images/ncatalog/sz/8/42525318-1-sz.jpg,15.00,-,Not Rated,0,;,
d03308a8-6bff-48ac-ad63-fa7eda6efc9a,Technology,https://www.kmart.com.au/category/technology/technology-by-category/headphones-&-earphones/251059#.plp-wrapper,Headphones & Earphones,https://www.kmart.com.au/category/technology/technology-by-category/headphones-&-earphones/251059#.plp-wrapper,Black DJ Headphones,https://www.kmart.com.au/product/black-dj-headphones/1571375,https://www.kmart.com.au/wcsstore/Kmart/images/ncatalog/sz/6/42511656-1-sz.jpg,15.00,-,Not Rated,0,;,
e4e8198e-7724-4f3b-88c2-9984716dfa90,Technology,https://www.kmart.com.au/category/technology/technology-by-category/headphones-&-earphones/251059#.plp-wrapper,Headphones & Earphones,https://www.kmart.com.au/category/technology/technology-by-category/headphones-&-earphones/251059#.plp-wrapper,Headphones Classic Oval Black,https://www.kmart.com.au/product/headphones-classic-oval-black/1600327,https://www.kmart.com.au/wcsstore/Kmart/images/ncatalog/sz/5/42515005-1-sz.jpg,15.00,-,Not Rated,0,;,
17a48e19-aaa9-4983-874a-ab24ce016574,Technology,https://www.kmart.com.au/category/technology/technology-by-category/headphones-&-earphones/251059#.plp-wrapper,Headphones & Earphones,https://www.kmart.com.au/category/technology/technology-by-category/headphones-&-earphones/251059#.plp-wrapper,Headphones Harmony Kids,https://www.kmart.com.au/product/headphones-harmony-kids/1623308,https://www.kmart.com.au/wcsstore/Kmart/images/ncatalog/sz/2/42494072-1-sz.jpg,5.50,-,Not Rated,0,;,
8964413a-f5d0-4add-9c9a-99b4c5af6b55,Technology,https://www.kmart.com.au/category/technology/technology-by-category/headphones-&-earphones/251059#.plp-wrapper,Headphones & Earphones,https://www.kmart.com.au/category/technology/technology-by-category/headphones-&-earphones/251059#.plp-wrapper,Bluetooth Headphones - Black,https://www.kmart.com.au/product/bluetooth-headphones---black/1046317,https://www.kmart.com.au/wcsstore/Kmart/images/ncatalog/sz/5/42389545-1-sz.jpg,19.00,-,Not Rated,0,;Back online soon,
85ec5cf9-1716-4aba-891e-f8ce6ba8a51f,Technology,https://www.kmart.com.au/category/technology/technology-by-category/headphones-&-earphones/251059#.plp-wrapper,Headphones & Earphones,https://www.kmart.com.au/category/technology/technology-by-category/headphones-&-earphones/251059#.plp-wrapper,In-Ear Earphone - Black,https://www.kmart.com.au/product/in-ear-earphone---black/872813,https://www.kmart.com.au/wcsstore/Kmart/images/ncatalog/sz/4/42300434-1-sz.jpg,2.00,-,Not Rated,0,;,
9744bbc1-fbf0-4daf-8205-83bfb88dddf5,Technology,https://www.kmart.com.au/category/technology/technology-by-category/headphones-&-earphones/251059#.plp-wrapper,Headphones & Earphones,https://www.kmart.com.au/category/technology/technology-by-category/headphones-&-earphones/251059#.plp-wrapper,In-Ear Earphone - Titanium,https://www.kmart.com.au/product/in-ear-earphone---titanium/864319,https://www.kmart.com.au/wcsstore/Kmart/images/ncatalog/sz/1/42300571-1-sz.jpg,9.00											WAS 10 on 01/03/2020,9.00											,Not Rated,0,;,
c38ec6b3-6ba1-4754-be4a-a653592c1933,Technology,https://www.kmart.com.au/category/technology/technology-by-category/headphones-&-earphones/251059#.plp-wrapper,Headphones & Earphones,https://www.kmart.com.au/category/technology/technology-by-category/headphones-&-earphones/251059#.plp-wrapper,Harmony Headphones,https://www.kmart.com.au/product/harmony-headphones/722649,https://www.kmart.com.au/wcsstore/Kmart/images/ncatalog/sz/6/42171416-1-sz.jpg,5.50,-,Not Rated,0,;,
