dc392408-9a0c-4cfb-ad08-031e6b9555ac,Toys,https://www.kmart.com.au/category/toys/brands/crayola/513019#.plp-wrapper,Crayola,https://www.kmart.com.au/category/toys/brands/crayola/513019#.plp-wrapper,Crayola Scribble Scrubbie Peculiar Pets Sanctuary Kit,https://www.kmart.com.au/product/crayola-scribble-scrubbie-peculiar-pets-sanctuary-kit/3074311,https://www.kmart.com.au/wcsstore/Kmart/images/ncatalog/sz/3/42904663-1-sz.jpg,29.00,-,Not Rated,0,;,
50e9fd27-18d8-4bab-9166-dfdaa73ebb92,Toys,https://www.kmart.com.au/category/toys/brands/crayola/513019#.plp-wrapper,Crayola,https://www.kmart.com.au/category/toys/brands/crayola/513019#.plp-wrapper,Crayola Peppa Pig Colour Wonder Mess Free Colouring Activity Set,https://www.kmart.com.au/product/crayola-peppa-pig-colour-wonder-mess-free-colouring-activity-set/3034880,https://www.kmart.com.au/wcsstore/Kmart/images/ncatalog/sz/6/42914556-1-sz.jpg,12.00,-,Not Rated,0,;,
be5813d1-a4bd-47d4-820b-aba82e15ca1b,Toys,https://www.kmart.com.au/category/toys/brands/crayola/513019#.plp-wrapper,Crayola,https://www.kmart.com.au/category/toys/brands/crayola/513019#.plp-wrapper,Crayola Scribble Scrubbie Pets,https://www.kmart.com.au/product/crayola-scribble-scrubbie-pets/3034861,https://www.kmart.com.au/wcsstore/Kmart/images/ncatalog/sz/8/42902348-1-sz.jpg,6.00,-,Not Rated,0,;,
4529833c-26c9-4e6b-993c-f2a9fb76686b,Toys,https://www.kmart.com.au/category/toys/brands/crayola/513019#.plp-wrapper,Crayola,https://www.kmart.com.au/category/toys/brands/crayola/513019#.plp-wrapper,Crayola Mer-Creatures Colouring Book,https://www.kmart.com.au/product/crayola-mer-creatures-colouring-book/3005318,https://www.kmart.com.au/wcsstore/Kmart/images/ncatalog/sz/1/42902331-1-sz.jpg,4.00,-,Not Rated,0,;,
0121b645-0ac4-4879-b243-0cc24c4adcb9,Toys,https://www.kmart.com.au/category/toys/brands/crayola/513019#.plp-wrapper,Crayola,https://www.kmart.com.au/category/toys/brands/crayola/513019#.plp-wrapper,Crayola Scribble Scrubbie Peculiar Pets Palace Playset,https://www.kmart.com.au/product/crayola-scribble-scrubbie-peculiar-pets-palace-playset/2977810,https://www.kmart.com.au/wcsstore/Kmart/images/ncatalog/sz/7/42902317-1-sz.jpg,20.00,-,Not Rated,0,;,
14757ed4-ec71-4491-8f8b-77f1852a91e3,Toys,https://www.kmart.com.au/category/toys/brands/crayola/513019#.plp-wrapper,Crayola,https://www.kmart.com.au/category/toys/brands/crayola/513019#.plp-wrapper,Crayola Scribble Scrubbie Vet Set,https://www.kmart.com.au/product/crayola-scribble-scrubbie-vet-set/2946811,https://www.kmart.com.au/wcsstore/Kmart/images/ncatalog/sz/5/42902195-1-sz.jpg,10.00,-,Not Rated,0,;Out of stock online,
13c7f17e-6852-46b8-b14f-6e9e8ba36f04,Toys,https://www.kmart.com.au/category/toys/brands/crayola/513019#.plp-wrapper,Crayola,https://www.kmart.com.au/category/toys/brands/crayola/513019#.plp-wrapper,Crayola Glitter Dots Sparkle Station,https://www.kmart.com.au/product/crayola-glitter-dots-sparkle-station/2825834,https://www.kmart.com.au/wcsstore/Kmart/images/ncatalog/sz/0/42848400-1-sz.jpg,10.00,-,Not Rated,0,;,
eb699301-86a7-4889-8993-4793beae4a2a,Toys,https://www.kmart.com.au/category/toys/brands/crayola/513019#.plp-wrapper,Crayola,https://www.kmart.com.au/category/toys/brands/crayola/513019#.plp-wrapper,Crayola Glitter Dots Set,https://www.kmart.com.au/product/crayola-glitter-dots-set/2754392,https://www.kmart.com.au/wcsstore/Kmart/images/ncatalog/sz/7/42848417-1-sz.jpg,12.00,-,Not Rated,0,;,
4f67e7c6-5130-4c41-b145-312bf9d46719,Toys,https://www.kmart.com.au/category/toys/brands/crayola/513019#.plp-wrapper,Crayola,https://www.kmart.com.au/category/toys/brands/crayola/513019#.plp-wrapper,Crayola Glitter Dots Sparkle Fills Set,https://www.kmart.com.au/product/crayola-glitter-dots-sparkle-fills-set/2754393,https://www.kmart.com.au/wcsstore/Kmart/images/ncatalog/sz/4/42848424-1-sz.jpg,12.00,-,Not Rated,0,;,
6a4b4789-044e-4105-9646-d6bb389edea1,Toys,https://www.kmart.com.au/category/toys/brands/crayola/513019#.plp-wrapper,Crayola,https://www.kmart.com.au/category/toys/brands/crayola/513019#.plp-wrapper,Crayola Scribble Scrubbie Safari Animals Playset,https://www.kmart.com.au/product/crayola-scribble-scrubbie-safari-animals-playset/2725842,https://www.kmart.com.au/wcsstore/Kmart/images/ncatalog/sz/4/42848394-1-sz.jpg,29.00,-,Not Rated,0,;,
44d60c1b-edbc-4705-8e93-240ecf70e92e,Toys,https://www.kmart.com.au/category/toys/brands/crayola/513019#.plp-wrapper,Crayola,https://www.kmart.com.au/category/toys/brands/crayola/513019#.plp-wrapper,Crayola Silly Scents Sweet Dual-Ended Markers,https://www.kmart.com.au/product/crayola-silly-scents-sweet-dual-ended-markers/2725843,https://www.kmart.com.au/wcsstore/Kmart/images/ncatalog/sz/7/42848547-1-sz.jpg,8.50,-,Not Rated,0,;,
b26bbe87-06dc-44e1-af62-2c30d634daa0,Toys,https://www.kmart.com.au/category/toys/brands/crayola/513019#.plp-wrapper,Crayola,https://www.kmart.com.au/category/toys/brands/crayola/513019#.plp-wrapper,Crayola Scribble Scrubbie Salon Set,https://www.kmart.com.au/product/crayola-scribble-scrubbie-salon-set/2640843,https://www.kmart.com.au/wcsstore/Kmart/images/ncatalog/sz/5/42786665-1-sz.jpg,20.00,-,Not Rated,0,;,
ba68f936-b2fe-47fb-a330-63a5695de5da,Toys,https://www.kmart.com.au/category/toys/brands/crayola/513019#.plp-wrapper,Crayola,https://www.kmart.com.au/category/toys/brands/crayola/513019#.plp-wrapper,Crayola #Squadgoals Colouring Book,https://www.kmart.com.au/product/crayola-#squadgoals-colouring-book/2467362,https://www.kmart.com.au/wcsstore/Kmart/images/ncatalog/sz/7/42743767-1-sz.jpg,4.00,-,Not Rated,0,;,
57ceb5e2-37b7-40a1-be99-a332b5ddd1d2,Toys,https://www.kmart.com.au/category/toys/brands/crayola/513019#.plp-wrapper,Crayola,https://www.kmart.com.au/category/toys/brands/crayola/513019#.plp-wrapper,Crayola Uni-Creatures Colouring Book,https://www.kmart.com.au/product/crayola-uni-creatures-colouring-book/2490326,https://www.kmart.com.au/wcsstore/Kmart/images/ncatalog/sz/6/42743736-1-sz.jpg,4.00,-,Not Rated,0,;,
de8aec31-3176-49e8-a79e-4ef339415df0,Toys,https://www.kmart.com.au/category/toys/brands/crayola/513019#.plp-wrapper,Crayola,https://www.kmart.com.au/category/toys/brands/crayola/513019#.plp-wrapper,Crayola Sloth Loves Llama Colouring Book,https://www.kmart.com.au/product/crayola-sloth-loves-llama-colouring-book/2502829,https://www.kmart.com.au/wcsstore/Kmart/images/ncatalog/sz/3/42743743-1-sz.jpg,4.00,-,Not Rated,0,;,
01ab224c-b3bc-4ec2-8b64-db3a583a02d7,Toys,https://www.kmart.com.au/category/toys/brands/crayola/513019#.plp-wrapper,Crayola,https://www.kmart.com.au/category/toys/brands/crayola/513019#.plp-wrapper,12 Pack Crayola HB Pencils,https://www.kmart.com.au/product/12-pack-crayola-hb-pencils/2402354,https://www.kmart.com.au/wcsstore/Kmart/images/ncatalog/sz/1/42728771-1-sz.jpg,3.00,-,Not Rated,0,;,
38d151a7-0a5d-40c9-8151-f43cec4b6a2b,Toys,https://www.kmart.com.au/category/toys/brands/crayola/513019#.plp-wrapper,Crayola,https://www.kmart.com.au/category/toys/brands/crayola/513019#.plp-wrapper,Crayola My Painting Case,https://www.kmart.com.au/product/crayola-my-painting-case/2210355,https://www.kmart.com.au/wcsstore/Kmart/images/ncatalog/sz/1/42657651-1-sz.jpg,25.00,-,Not Rated,0,;,
af4dee4d-d9f2-42a7-8d09-5de99d870d83,Toys,https://www.kmart.com.au/category/toys/brands/crayola/513019#.plp-wrapper,Crayola,https://www.kmart.com.au/category/toys/brands/crayola/513019#.plp-wrapper,Crayola Silly Scents 12 Coloured Pencils,https://www.kmart.com.au/product/crayola-silly-scents-12-coloured-pencils/2200331,https://www.kmart.com.au/wcsstore/Kmart/images/ncatalog/sz/3/42686903-1-sz.jpg,6.00,-,Not Rated,0,;,
a2de9028-8406-4c46-b471-7e4273706e0f,Toys,https://www.kmart.com.au/category/toys/brands/crayola/513019#.plp-wrapper,Crayola,https://www.kmart.com.au/category/toys/brands/crayola/513019#.plp-wrapper,Crayola PJ Masks Colour Wonder Colouring Kit,https://www.kmart.com.au/product/crayola-pj-masks-colour-wonder-colouring-kit/2157324,https://www.kmart.com.au/wcsstore/Kmart/images/ncatalog/sz/5/42679455-1-sz.jpg,12.00,-,Not Rated,0,;,
d63db8c7-9197-464b-bc1f-cbad1cdf405b,Toys,https://www.kmart.com.au/category/toys/brands/crayola/513019#.plp-wrapper,Crayola,https://www.kmart.com.au/category/toys/brands/crayola/513019#.plp-wrapper,Crayola 65 Piece Maxi Markers Set,https://www.kmart.com.au/product/crayola-65-piece-maxi-markers-set/1874865,https://www.kmart.com.au/wcsstore/Kmart/images/ncatalog/sz/1/42564911-1-sz.jpg,25.00,-,Not Rated,0,;,
91a7b0af-3b74-48d9-9653-13328bed3722,Toys,https://www.kmart.com.au/category/toys/brands/crayola/513019#.plp-wrapper,Crayola,https://www.kmart.com.au/category/toys/brands/crayola/513019#.plp-wrapper,Crayola Silly Scents Mini Art Case,https://www.kmart.com.au/product/crayola-silly-scents-mini-art-case/1766341,https://www.kmart.com.au/wcsstore/Kmart/images/ncatalog/sz/6/42564256-1-sz.jpg,25.00,-,Not Rated,0,;,
dbfe91cf-29dd-4bd7-ae51-6b498556fa09,Toys,https://www.kmart.com.au/category/toys/brands/crayola/513019#.plp-wrapper,Crayola,https://www.kmart.com.au/category/toys/brands/crayola/513019#.plp-wrapper,Crayola 10 Pack Silly Scents Markers,https://www.kmart.com.au/product/crayola-10-pack-silly-scents-markers/1657819,https://www.kmart.com.au/wcsstore/Kmart/images/ncatalog/sz/9/42539469-1-sz.jpg,5.00,-,Not Rated,0,;,
28a4b1d7-d8ab-4eb8-bb97-ce951d637ff0,Toys,https://www.kmart.com.au/category/toys/brands/crayola/513019#.plp-wrapper,Crayola,https://www.kmart.com.au/category/toys/brands/crayola/513019#.plp-wrapper,Crayola 12 Pack Silly Scents Coloured Pencils,https://www.kmart.com.au/product/crayola-12-pack-silly-scents-coloured-pencils/1657820,https://www.kmart.com.au/wcsstore/Kmart/images/ncatalog/sz/0/42539490-1-sz.jpg,5.00,-,Not Rated,0,;,
199d9cfc-db2c-4ea0-9ec3-2755a387fa60,Toys,https://www.kmart.com.au/category/toys/brands/crayola/513019#.plp-wrapper,Crayola,https://www.kmart.com.au/category/toys/brands/crayola/513019#.plp-wrapper,Crayola 12 Pack Silly Scents Crayons,https://www.kmart.com.au/product/crayola-12-pack-silly-scents-crayons/1657821,https://www.kmart.com.au/wcsstore/Kmart/images/ncatalog/sz/6/42539506-1-sz.jpg,5.00,-,Not Rated,0,;,
1c4a46fc-8add-4292-8b7c-ec1573d6fdbf,Toys,https://www.kmart.com.au/category/toys/brands/crayola/513019#.plp-wrapper,Crayola,https://www.kmart.com.au/category/toys/brands/crayola/513019#.plp-wrapper,Crayola Colour 'n' Style Unicorn,https://www.kmart.com.au/product/crayola-colour-n-style-unicorn/1627861,https://www.kmart.com.au/wcsstore/Kmart/images/ncatalog/sz/0/42505310-1-sz.jpg,15.00,-,Not Rated,0,;,
32bb87ae-bb55-4ab8-ac2e-2daefb2a849c,Toys,https://www.kmart.com.au/category/toys/brands/crayola/513019#.plp-wrapper,Crayola,https://www.kmart.com.au/category/toys/brands/crayola/513019#.plp-wrapper,Crayola Color Wonder Stow & Go Studio Kit,https://www.kmart.com.au/product/crayola-color-wonder-stow--go-studio-kit/1408845,https://www.kmart.com.au/wcsstore/Kmart/images/ncatalog/sz/7/42505297-1-sz.jpg,14.00,-,Not Rated,0,;,
c1881a3a-8dd3-42fe-9c15-f0dc69177d82,Toys,https://www.kmart.com.au/category/toys/brands/crayola/513019#.plp-wrapper,Crayola,https://www.kmart.com.au/category/toys/brands/crayola/513019#.plp-wrapper,Crayola Fine Line Markers - Pack of 12,https://www.kmart.com.au/product/crayola-fine-line-markers---pack-of-12/1006423,https://www.kmart.com.au/wcsstore/Kmart/images/ncatalog/sz/2/42296522-1-sz.jpg,8.00,-,Not Rated,0,;,
320859de-8e72-466b-9432-042b66a53549,Toys,https://www.kmart.com.au/category/toys/brands/crayola/513019#.plp-wrapper,Crayola,https://www.kmart.com.au/category/toys/brands/crayola/513019#.plp-wrapper,Crayola Color Wonder Paw Patrol Colouring Kit,https://www.kmart.com.au/product/crayola-color-wonder-paw-patrol-colouring-kit/1006439,https://www.kmart.com.au/wcsstore/Kmart/images/ncatalog/sz/5/42329435-1-sz.jpg,12.00,-,Not Rated,0,;,
44477782-83aa-44f2-adf0-ddafc13b6e4a,Toys,https://www.kmart.com.au/category/toys/brands/crayola/513019#.plp-wrapper,Crayola,https://www.kmart.com.au/category/toys/brands/crayola/513019#.plp-wrapper,Crayola 96 Pack Crayon Colours,https://www.kmart.com.au/product/crayola-96-pack-crayon-colours/1006440,https://www.kmart.com.au/wcsstore/Kmart/images/ncatalog/sz/6/42329466-1-sz.jpg,9.00,-,Not Rated,0,;,
b7818da7-35c7-4e61-93ad-c73d0f0a658a,Toys,https://www.kmart.com.au/category/toys/brands/crayola/513019#.plp-wrapper,Crayola,https://www.kmart.com.au/category/toys/brands/crayola/513019#.plp-wrapper,Crayola Inspiration Art Case,https://www.kmart.com.au/product/crayola-inspiration-art-case/1006442,https://www.kmart.com.au/wcsstore/Kmart/images/ncatalog/sz/0/42329480-1-sz.jpg,30.00,-,Not Rated,0,;,
90d23feb-5dc0-43f8-b2a2-4583d01b4307,Toys,https://www.kmart.com.au/category/toys/brands/crayola/513019#.plp-wrapper,Crayola,https://www.kmart.com.au/category/toys/brands/crayola/513019#.plp-wrapper,Crayola Creative Art Box,https://www.kmart.com.au/product/crayola-creative-art-box/1006459,https://www.kmart.com.au/wcsstore/Kmart/images/ncatalog/sz/3/42353423-1-sz.jpg,20.00,-,Not Rated,0,;,
e4735d28-d226-4fbd-9a38-0c6eb5f32b81,Toys,https://www.kmart.com.au/category/toys/brands/crayola/513019#.plp-wrapper,Crayola,https://www.kmart.com.au/category/toys/brands/crayola/513019#.plp-wrapper,Crayola 40 Pack Washable Markers,https://www.kmart.com.au/product/crayola-40-pack-washable-markers/986831,https://www.kmart.com.au/wcsstore/Kmart/images/ncatalog/sz/1/42396451-1-sz.jpg,20.00,-,Not Rated,0,;,
89608dfc-4b01-4db2-b2c4-dc9c6e072e9a,Toys,https://www.kmart.com.au/category/toys/brands/crayola/513019#.plp-wrapper,Crayola,https://www.kmart.com.au/category/toys/brands/crayola/513019#.plp-wrapper,My First Crayola Paw Patrol Colour & Shapes Sticker Activities,https://www.kmart.com.au/product/my-first-crayola-paw-patrol-colour--shapes-sticker-activities/986842,https://www.kmart.com.au/wcsstore/Kmart/images/ncatalog/sz/1/42413561-1-sz.jpg,5.00,-,Not Rated,0,;,
fc71b986-f42f-4445-8385-f15f97a1e9af,Toys,https://www.kmart.com.au/category/toys/brands/crayola/513019#.plp-wrapper,Crayola,https://www.kmart.com.au/category/toys/brands/crayola/513019#.plp-wrapper,Crayola Washable Dry Erase Board Set,https://www.kmart.com.au/product/crayola-washable-dry-erase-board-set/971899,https://www.kmart.com.au/wcsstore/Kmart/images/ncatalog/sz/7/42329527-1-sz.jpg,10.00,-,Not Rated,0,;,
4b3bb35a-1f84-43fb-8d27-3b583f717e7b,Toys,https://www.kmart.com.au/category/toys/brands/crayola/513019#.plp-wrapper,Crayola,https://www.kmart.com.au/category/toys/brands/crayola/513019#.plp-wrapper,Crayola Coloured Pencils - Pack of 50,https://www.kmart.com.au/product/crayola-coloured-pencils---pack-of-50/775083,https://www.kmart.com.au/wcsstore/Kmart/images/ncatalog/sz/5/42296515-1-sz.jpg,12.00,-,Not Rated,0,;,
fde861dc-5a0e-4a38-9eb7-6de7378aa2bd,Toys,https://www.kmart.com.au/category/toys/brands/crayola/513019#.plp-wrapper,Crayola,https://www.kmart.com.au/category/toys/brands/crayola/513019#.plp-wrapper,Crayola 8 Pack Ultra-Clean Washable Large Crayons,https://www.kmart.com.au/product/crayola-8-pack-ultra-clean-washable-large-crayons/775103,https://www.kmart.com.au/wcsstore/Kmart/images/ncatalog/sz/8/42304388-1-sz.jpg,6.00,-,Not Rated,0,;,
4f3189b8-f3ff-4426-8e41-52812600e1aa,Toys,https://www.kmart.com.au/category/toys/brands/crayola/513019#.plp-wrapper,Crayola,https://www.kmart.com.au/category/toys/brands/crayola/513019#.plp-wrapper,Crayola 48 Pack Washable Sidewalk Chalks,https://www.kmart.com.au/product/crayola-48-pack-washable-sidewalk-chalks/775107,https://www.kmart.com.au/wcsstore/Kmart/images/ncatalog/sz/5/42306405-1-sz.jpg,10.00,-,Not Rated,0,;Back online soon,
1db76ff2-cb9e-4429-a8a1-d3453c45d4a5,Toys,https://www.kmart.com.au/category/toys/brands/crayola/513019#.plp-wrapper,Crayola,https://www.kmart.com.au/category/toys/brands/crayola/513019#.plp-wrapper,Crayola Ultra-Clean Washable Markers,https://www.kmart.com.au/product/crayola-ultra-clean-washable-markers/739813,https://www.kmart.com.au/wcsstore/Kmart/images/ncatalog/sz/4/42163084-1-sz.jpg,3.00,-,Not Rated,0,;,
1767ee31-2f43-4a9e-aef7-0b205434b569,Toys,https://www.kmart.com.au/category/toys/brands/crayola/513019#.plp-wrapper,Crayola,https://www.kmart.com.au/category/toys/brands/crayola/513019#.plp-wrapper,Crayola Funny Faces Animals Colouring and Sticker Book,https://www.kmart.com.au/product/crayola-funny-faces-animals-colouring-and-sticker-book/695377,https://www.kmart.com.au/wcsstore/Kmart/images/ncatalog/sz/0/41882900-1-sz.jpg,4.00,-,Not Rated,0,;,
bb506eaf-6224-4634-8896-0a44bd650a10,Toys,https://www.kmart.com.au/category/toys/brands/crayola/513019#.plp-wrapper,Crayola,https://www.kmart.com.au/category/toys/brands/crayola/513019#.plp-wrapper,My First Crayola Baby & Me Book - Assorted,https://www.kmart.com.au/product/my-first-crayola-baby--me-book---assorted/695393,https://www.kmart.com.au/wcsstore/Kmart/images/ncatalog/sz/0/41995570-1-sz.jpg,4.00						 ea,-,Not Rated,0,;,
5db93898-f878-4d02-8a20-da548377db63,Toys,https://www.kmart.com.au/category/toys/brands/crayola/513019#.plp-wrapper,Crayola,https://www.kmart.com.au/category/toys/brands/crayola/513019#.plp-wrapper,Crayola 18 Pack Doodle Scents Washable Markers,https://www.kmart.com.au/product/crayola-18-pack-doodle-scents-washable-markers/695527,https://www.kmart.com.au/wcsstore/Kmart/images/ncatalog/sz/3/42163053-1-sz.jpg,12.00,-,Not Rated,0,;,
ead4b47f-fbc9-4127-8602-d2122bc39f92,Toys,https://www.kmart.com.au/category/toys/brands/crayola/513019#.plp-wrapper,Crayola,https://www.kmart.com.au/category/toys/brands/crayola/513019#.plp-wrapper,Crayola Crayons - Pack of 24,https://www.kmart.com.au/product/crayola-crayons---pack-of-24/637301,https://www.kmart.com.au/wcsstore/Kmart/images/ncatalog/sz/8/6749118-1-sz.jpg,2.50,-,Not Rated,0,;,
6a301574-89fe-4eeb-96d1-2a9ed0b44e02,Toys,https://www.kmart.com.au/category/toys/brands/crayola/513019#.plp-wrapper,Crayola,https://www.kmart.com.au/category/toys/brands/crayola/513019#.plp-wrapper,Crayola 8 Pack Washable Markers,https://www.kmart.com.au/product/crayola-8-pack-washable-markers/637303,https://www.kmart.com.au/wcsstore/Kmart/images/ncatalog/sz/4/7155864-1-sz.jpg,6.50,-,Not Rated,0,;,
6fd44433-74e4-473d-b96f-83eb4737445c,Toys,https://www.kmart.com.au/category/toys/brands/crayola/513019#.plp-wrapper,Crayola,https://www.kmart.com.au/category/toys/brands/crayola/513019#.plp-wrapper,Crayola My First Scissors,https://www.kmart.com.au/product/crayola-my-first-scissors/637305,https://www.kmart.com.au/wcsstore/Kmart/images/ncatalog/sz/7/9800007-1-sz.jpg,3.00,-,Not Rated,0,;IN-STORE ONLY,
41806d63-40ff-4978-8824-9a36f850e194,Toys,https://www.kmart.com.au/category/toys/brands/crayola/513019#.plp-wrapper,Crayola,https://www.kmart.com.au/category/toys/brands/crayola/513019#.plp-wrapper,Crayola Chalk 'n Duster Set,https://www.kmart.com.au/product/crayola-chalk-n-duster-set/637307,https://www.kmart.com.au/wcsstore/Kmart/images/ncatalog/sz/2/16506022-1-sz.jpg,5.00,-,Not Rated,0,;,
99ae8693-8d7c-4ca4-b7df-97c3d7a938c2,Toys,https://www.kmart.com.au/category/toys/brands/crayola/513019#.plp-wrapper,Crayola,https://www.kmart.com.au/category/toys/brands/crayola/513019#.plp-wrapper,Crayola My First Jumbo Crayons - Pack of 12,https://www.kmart.com.au/product/crayola-my-first-jumbo-crayons---pack-of-12/637309,https://www.kmart.com.au/wcsstore/Kmart/images/ncatalog/sz/2/35082712-1-sz.jpg,8.50,-,Not Rated,0,;,
ddf4492c-ad96-4f05-b58c-5c4a7c97d75d,Toys,https://www.kmart.com.au/category/toys/brands/crayola/513019#.plp-wrapper,Crayola,https://www.kmart.com.au/category/toys/brands/crayola/513019#.plp-wrapper,Crayola Pack of 20 Supertip Washable Markers,https://www.kmart.com.au/product/crayola-pack-of-20-supertip-washable-markers/637315,https://www.kmart.com.au/wcsstore/Kmart/images/ncatalog/sz/9/36616909-1-sz.jpg,9.00,-,Not Rated,0,;,
70def792-d89a-4622-9add-dcff79358ab4,Toys,https://www.kmart.com.au/category/toys/brands/crayola/513019#.plp-wrapper,Crayola,https://www.kmart.com.au/category/toys/brands/crayola/513019#.plp-wrapper,Crayola Pack of 10 Supertip Washable Markers,https://www.kmart.com.au/product/crayola-pack-of-10-supertip-washable-markers/637323,https://www.kmart.com.au/wcsstore/Kmart/images/ncatalog/sz/1/37799311-1-sz.jpg,6.00,-,Not Rated,0,;,
e0d58dd4-3ed6-40e7-a0e2-2889483578f1,Toys,https://www.kmart.com.au/category/toys/brands/crayola/513019#.plp-wrapper,Crayola,https://www.kmart.com.au/category/toys/brands/crayola/513019#.plp-wrapper,Crayola Twistable Crayons - Pack of 12,https://www.kmart.com.au/product/crayola-twistable-crayons---pack-of-12/637327,https://www.kmart.com.au/wcsstore/Kmart/images/ncatalog/sz/8/39026668-1-sz.jpg,8.50,-,Not Rated,0,;,
a17d70a2-99ce-42a4-99d4-c7aab74a883f,Toys,https://www.kmart.com.au/category/toys/brands/crayola/513019#.plp-wrapper,Crayola,https://www.kmart.com.au/category/toys/brands/crayola/513019#.plp-wrapper,Crayola Pip-Squeaks Washable Markers - Pack of 16,https://www.kmart.com.au/product/crayola-pip-squeaks-washable-markers---pack-of-16/637331,https://www.kmart.com.au/wcsstore/Kmart/images/ncatalog/sz/8/39333018-1-sz.jpg,8.50,-,Not Rated,0,;,
8a7432eb-ecbf-4e4a-ae5a-85c459d98b9e,Toys,https://www.kmart.com.au/category/toys/brands/crayola/513019#.plp-wrapper,Crayola,https://www.kmart.com.au/category/toys/brands/crayola/513019#.plp-wrapper,Crayola Washable Fingerpaints - Set of 4,https://www.kmart.com.au/product/crayola-washable-fingerpaints---set-of-4/637333,https://www.kmart.com.au/wcsstore/Kmart/images/ncatalog/sz/7/39333087-1-sz.jpg,14.00,-,Not Rated,0,;Back online soon,
8b1bf277-40c9-446a-ae0f-67118f553d3e,Toys,https://www.kmart.com.au/category/toys/brands/crayola/513019#.plp-wrapper,Crayola,https://www.kmart.com.au/category/toys/brands/crayola/513019#.plp-wrapper,Crayola Twistables Crayons - Pack of 24,https://www.kmart.com.au/product/crayola-twistables-crayons---pack-of-24/637335,https://www.kmart.com.au/wcsstore/Kmart/images/ncatalog/sz/9/39333179-1-sz.jpg,12.00,-,Not Rated,0,;,
2641071e-f2f8-45f1-a599-117ed7f8ecdc,Toys,https://www.kmart.com.au/category/toys/brands/crayola/513019#.plp-wrapper,Crayola,https://www.kmart.com.au/category/toys/brands/crayola/513019#.plp-wrapper,Crayola 12 Pack Triangular Coloured Pencils,https://www.kmart.com.au/product/crayola-12-pack-triangular-coloured-pencils/637341,https://www.kmart.com.au/wcsstore/Kmart/images/ncatalog/sz/4/40226804-1-sz.jpg,3.00,-,Not Rated,0,;,
eb3e36a0-d6d5-444a-ae72-2e130df14f31,Toys,https://www.kmart.com.au/category/toys/brands/crayola/513019#.plp-wrapper,Crayola,https://www.kmart.com.au/category/toys/brands/crayola/513019#.plp-wrapper,Crayola Washable School Glue,https://www.kmart.com.au/product/crayola-washable-school-glue/637347,https://www.kmart.com.au/wcsstore/Kmart/images/ncatalog/sz/5/40891675-1-sz.jpg,2.50,-,Not Rated,0,;,
2a1fa201-3f30-4493-88b5-bdb064d3f391,Toys,https://www.kmart.com.au/category/toys/brands/crayola/513019#.plp-wrapper,Crayola,https://www.kmart.com.au/category/toys/brands/crayola/513019#.plp-wrapper,Crayola Sidewalk Chalk - Pack of 12,https://www.kmart.com.au/product/crayola-sidewalk-chalk---pack-of-12/637387,https://www.kmart.com.au/wcsstore/Kmart/images/ncatalog/sz/7/41882917-1-sz.jpg,4.50,-,Not Rated,0,;,
854ff7ab-b32b-4461-82b8-cf7a504bfd6c,Toys,https://www.kmart.com.au/category/toys/brands/crayola/513019#.plp-wrapper,Crayola,https://www.kmart.com.au/category/toys/brands/crayola/513019#.plp-wrapper,Crayola Washable Kids' Paint Classic - Pack of 10,https://www.kmart.com.au/product/crayola-washable-kids-paint-classic---pack-of-10/637395,https://www.kmart.com.au/wcsstore/Kmart/images/ncatalog/sz/7/41995587-1-sz.jpg,12.00,-,Not Rated,0,;,
76dc90b3-a2fe-4bc2-904b-4b68c66ea828,Toys,https://www.kmart.com.au/category/toys/brands/crayola/513019#.plp-wrapper,Crayola,https://www.kmart.com.au/category/toys/brands/crayola/513019#.plp-wrapper,Crayola My First Washable Triangular Crayons - Pack of 8,https://www.kmart.com.au/product/crayola-my-first-washable-triangular-crayons---pack-of-8/637399,https://www.kmart.com.au/wcsstore/Kmart/images/ncatalog/sz/9/42038849-1-sz.jpg,6.00,-,Not Rated,0,;,
aca13955-1cec-4716-b020-694fbb240fdf,Toys,https://www.kmart.com.au/category/toys/brands/crayola/513019#.plp-wrapper,Crayola,https://www.kmart.com.au/category/toys/brands/crayola/513019#.plp-wrapper,Crayola Colored Pencils - Pack of 24,https://www.kmart.com.au/product/crayola-colored-pencils---pack-of-24/223801,https://www.kmart.com.au/wcsstore/Kmart/images/ncatalog/sz/6/5654406-1-sz.jpg,10.00,-,Not Rated,0,;,
3501a26e-f562-4692-841e-773079ba7b14,Toys,https://www.kmart.com.au/category/toys/brands/crayola/513019#.plp-wrapper,Crayola,https://www.kmart.com.au/category/toys/brands/crayola/513019#.plp-wrapper,Crayola 12 Pack Coloured Pencils,https://www.kmart.com.au/product/crayola-12-pack-coloured-pencils/223803,https://www.kmart.com.au/wcsstore/Kmart/images/ncatalog/sz/3/9800113-1-sz.jpg,5.00,-,Not Rated,0,;,
