55747d13-7bd0-4bbf-baaf-18335c50d0fc,Toys,https://www.kmart.com.au/category/toys/toys-by-category/wooden-toys/252136#.plp-wrapper,Wooden Toys,https://www.kmart.com.au/category/toys/toys-by-category/wooden-toys/252136#.plp-wrapper,Wooden Coffee Shop,https://www.kmart.com.au/product/wooden-coffee-shop/3031839,https://www.kmart.com.au/wcsstore/Kmart/images/ncatalog/sz/9/42903369-1-sz.jpg,29.00,-,Not Rated,0,;Back online soon,
b1ae868c-9560-46c1-9459-9c34e4c4ba65,Toys,https://www.kmart.com.au/category/toys/toys-by-category/wooden-toys/252136#.plp-wrapper,Wooden Toys,https://www.kmart.com.au/category/toys/toys-by-category/wooden-toys/252136#.plp-wrapper,Wooden Yum Cha Set,https://www.kmart.com.au/product/wooden-yum-cha-set/3034834,https://www.kmart.com.au/wcsstore/Kmart/images/ncatalog/sz/3/42884033-1-sz.jpg,13.00,-,Not Rated,0,;,
08641a02-6b65-460d-b8e3-882a88976e4b,Toys,https://www.kmart.com.au/category/toys/toys-by-category/wooden-toys/252136#.plp-wrapper,Wooden Toys,https://www.kmart.com.au/category/toys/toys-by-category/wooden-toys/252136#.plp-wrapper,Wooden Camp Food Set,https://www.kmart.com.au/product/wooden-camp-food-set/3034838,https://www.kmart.com.au/wcsstore/Kmart/images/ncatalog/sz/1/42884071-1-sz.jpg,15.00,-,Not Rated,0,;,
872a3975-a494-4c05-836b-4718526c90e8,Toys,https://www.kmart.com.au/category/toys/toys-by-category/wooden-toys/252136#.plp-wrapper,Wooden Toys,https://www.kmart.com.au/category/toys/toys-by-category/wooden-toys/252136#.plp-wrapper,Wooden Iconic Food Set,https://www.kmart.com.au/product/wooden-iconic-food-set/3034840,https://www.kmart.com.au/wcsstore/Kmart/images/ncatalog/sz/7/42883807-1-sz.jpg,9.00,-,Not Rated,0,;,
5d179658-3858-4b53-a9f5-642d9631fefd,Toys,https://www.kmart.com.au/category/toys/toys-by-category/wooden-toys/252136#.plp-wrapper,Wooden Toys,https://www.kmart.com.au/category/toys/toys-by-category/wooden-toys/252136#.plp-wrapper,Wooden Coffee To Go Set,https://www.kmart.com.au/product/wooden-coffee-to-go-set/3035806,https://www.kmart.com.au/wcsstore/Kmart/images/ncatalog/sz/8/42884088-1-sz.jpg,5.00,-,Not Rated,0,;,
4805f287-a521-4512-96c3-ca5baa57bb85,Toys,https://www.kmart.com.au/category/toys/toys-by-category/wooden-toys/252136#.plp-wrapper,Wooden Toys,https://www.kmart.com.au/category/toys/toys-by-category/wooden-toys/252136#.plp-wrapper,Wooden Construction Set,https://www.kmart.com.au/product/wooden-construction-set/3117829,https://www.kmart.com.au/wcsstore/Kmart/images/ncatalog/sz/7/42936817-1-sz.jpg,10.00,-,Not Rated,0,Just Landed ; ,
caf2ccee-1490-4e6e-8c0f-f874c166c4b5,Toys,https://www.kmart.com.au/category/toys/toys-by-category/wooden-toys/252136#.plp-wrapper,Wooden Toys,https://www.kmart.com.au/category/toys/toys-by-category/wooden-toys/252136#.plp-wrapper,FSC Wooden Oven Toy,https://www.kmart.com.au/product/fsc-wooden-oven-toy/3123365,https://www.kmart.com.au/wcsstore/Kmart/images/ncatalog/sz/0/42934530-1-sz.jpg,25.00,-,Not Rated,0,Just Landed ; Coming soon,
2060bac5-28e7-4091-a9a2-edf842e52a7c,Toys,https://www.kmart.com.au/category/toys/toys-by-category/wooden-toys/252136#.plp-wrapper,Wooden Toys,https://www.kmart.com.au/category/toys/toys-by-category/wooden-toys/252136#.plp-wrapper,Wooden Kitchen Cabinet,https://www.kmart.com.au/product/wooden-kitchen-cabinet/3123366,https://www.kmart.com.au/wcsstore/Kmart/images/ncatalog/sz/7/42934547-1-sz.jpg,25.00,-,Not Rated,0,Just Landed ; ,
47709a4a-7c0b-4eef-a1d3-80ead3308e0f,Toys,https://www.kmart.com.au/category/toys/toys-by-category/wooden-toys/252136#.plp-wrapper,Wooden Toys,https://www.kmart.com.au/category/toys/toys-by-category/wooden-toys/252136#.plp-wrapper,Wooden Fridge,https://www.kmart.com.au/product/wooden-fridge/3123367,https://www.kmart.com.au/wcsstore/Kmart/images/ncatalog/sz/4/42934554-1-sz.jpg,29.00,-,Not Rated,0,Just Landed ; ,
835df167-21d3-48d4-b28f-85716f2b9ea9,Toys,https://www.kmart.com.au/category/toys/toys-by-category/wooden-toys/252136#.plp-wrapper,Wooden Toys,https://www.kmart.com.au/category/toys/toys-by-category/wooden-toys/252136#.plp-wrapper,Wooden Washing Machine Toy,https://www.kmart.com.au/product/wooden-washing-machine-toy/3123368,https://www.kmart.com.au/wcsstore/Kmart/images/ncatalog/sz/3/42934523-1-sz.jpg,25.00,-,Not Rated,0,Just Landed ; Coming soon,
742551e6-5c0e-4398-b2d7-ed8829d8d8a9,Toys,https://www.kmart.com.au/category/toys/toys-by-category/wooden-toys/252136#.plp-wrapper,Wooden Toys,https://www.kmart.com.au/category/toys/toys-by-category/wooden-toys/252136#.plp-wrapper,Wooden Skittles Game Kit,https://www.kmart.com.au/product/wooden-skittles-game-kit/3039888,https://www.kmart.com.au/wcsstore/Kmart/images/ncatalog/sz/7/42912217-1-sz.jpg,25.00,-,Not Rated,0,;,
d5cf365f-0e0a-4cfc-a47c-b9d871452675,Toys,https://www.kmart.com.au/category/toys/toys-by-category/wooden-toys/252136#.plp-wrapper,Wooden Toys,https://www.kmart.com.au/category/toys/toys-by-category/wooden-toys/252136#.plp-wrapper,Race Track Tower,https://www.kmart.com.au/product/race-track-tower/3093352,https://www.kmart.com.au/wcsstore/Kmart/images/ncatalog/sz/2/42916772-1-sz.jpg,20.00,-,Not Rated,0,;,
05416830-6e50-451f-bbef-9b3df1a27881,Toys,https://www.kmart.com.au/category/toys/toys-by-category/wooden-toys/252136#.plp-wrapper,Wooden Toys,https://www.kmart.com.au/category/toys/toys-by-category/wooden-toys/252136#.plp-wrapper,Unicorn Activity Cube,https://www.kmart.com.au/product/unicorn-activity-cube/3115842,https://www.kmart.com.au/wcsstore/Kmart/images/ncatalog/sz/5/42909545-1-sz.jpg,20.00,-,Not Rated,0,;Back online soon,
ea8b175d-6926-430b-9cc1-cae8bd314219,Toys,https://www.kmart.com.au/category/toys/toys-by-category/wooden-toys/252136#.plp-wrapper,Wooden Toys,https://www.kmart.com.au/category/toys/toys-by-category/wooden-toys/252136#.plp-wrapper,Disney Wooden Toys Figure - Assorted,https://www.kmart.com.au/product/disney-wooden-toys-figure---assorted/3061324,https://www.kmart.com.au/wcsstore/Kmart/images/ncatalog/sz/2/42921592-1-sz.jpg,3.00						 ea,-,Not Rated,0,;,
4cddb907-fbc0-4961-a158-00d458e32118,Toys,https://www.kmart.com.au/category/toys/toys-by-category/wooden-toys/252136#.plp-wrapper,Wooden Toys,https://www.kmart.com.au/category/toys/toys-by-category/wooden-toys/252136#.plp-wrapper,Wooden Car and Train Play Table with Storage,https://www.kmart.com.au/product/wooden-car-and-train-play-table-with-storage/3117806,https://www.kmart.com.au/wcsstore/Kmart/images/ncatalog/sz/0/42898290-1-sz.jpg,49.00,-,Not Rated,0,;,
70cdc590-0829-48d0-99b8-2171c2bcf06d,Toys,https://www.kmart.com.au/category/toys/toys-by-category/wooden-toys/252136#.plp-wrapper,Wooden Toys,https://www.kmart.com.au/category/toys/toys-by-category/wooden-toys/252136#.plp-wrapper,Wooden Car and Helicopter Build Set,https://www.kmart.com.au/product/wooden-car-and-helicopter-build-set/3093305,https://www.kmart.com.au/wcsstore/Kmart/images/ncatalog/sz/5/42890065-1-sz.jpg,15.00,-,Not Rated,0,;,
aeb02eff-e8a3-49eb-89f6-374d4c7deb74,Toys,https://www.kmart.com.au/category/toys/toys-by-category/wooden-toys/252136#.plp-wrapper,Wooden Toys,https://www.kmart.com.au/category/toys/toys-by-category/wooden-toys/252136#.plp-wrapper,Wooden Forklift and Digger Build Set,https://www.kmart.com.au/product/wooden-forklift-and-digger-build-set/3102382,https://www.kmart.com.au/wcsstore/Kmart/images/ncatalog/sz/0/42919230-1-sz.jpg,15.00,-,Not Rated,0,;,
778c1c19-919b-4e6a-b71c-bfcccd94477f,Toys,https://www.kmart.com.au/category/toys/toys-by-category/wooden-toys/252136#.plp-wrapper,Wooden Toys,https://www.kmart.com.au/category/toys/toys-by-category/wooden-toys/252136#.plp-wrapper,Small Wooden Dump Truck,https://www.kmart.com.au/product/small-wooden-dump-truck/3061322,https://www.kmart.com.au/wcsstore/Kmart/images/ncatalog/sz/0/42915140-1-sz.jpg,5.00,-,Not Rated,0,;,
e53a1643-3ff1-4b5c-9926-d457630952f6,Toys,https://www.kmart.com.au/category/toys/toys-by-category/wooden-toys/252136#.plp-wrapper,Wooden Toys,https://www.kmart.com.au/category/toys/toys-by-category/wooden-toys/252136#.plp-wrapper,Deluxe Wooden Kitchen,https://www.kmart.com.au/product/deluxe-wooden-kitchen/3034842,https://www.kmart.com.au/wcsstore/Kmart/images/ncatalog/sz/1/42888031-1-sz.jpg,119.00,-,Not Rated,0,;,
26b4c25f-3fff-4669-898b-93c049095030,Toys,https://www.kmart.com.au/category/toys/toys-by-category/wooden-toys/252136#.plp-wrapper,Wooden Toys,https://www.kmart.com.au/category/toys/toys-by-category/wooden-toys/252136#.plp-wrapper,Disney Wooden Toys Head Puzzle - Assorted,https://www.kmart.com.au/product/disney-wooden-toys-head-puzzle---assorted/3059804,https://www.kmart.com.au/wcsstore/Kmart/images/ncatalog/sz/4/42882374-1-sz.jpg,4.00						 ea,-,Not Rated,0,;,
ed0c3117-adb7-4b38-88d6-cf38e7907ccd,Toys,https://www.kmart.com.au/category/toys/toys-by-category/wooden-toys/252136#.plp-wrapper,Wooden Toys,https://www.kmart.com.au/category/toys/toys-by-category/wooden-toys/252136#.plp-wrapper,Magnet Maze ABC,https://www.kmart.com.au/product/magnet-maze-abc/3039858,https://www.kmart.com.au/wcsstore/Kmart/images/ncatalog/sz/7/42889977-1-sz.jpg,10.00,-,Not Rated,0,;,
de5373bb-be57-4637-80d7-1a24a31cb0f9,Toys,https://www.kmart.com.au/category/toys/toys-by-category/wooden-toys/252136#.plp-wrapper,Wooden Toys,https://www.kmart.com.au/category/toys/toys-by-category/wooden-toys/252136#.plp-wrapper,Wooden Shopping Stand,https://www.kmart.com.au/product/wooden-shopping-stand/3031818,https://www.kmart.com.au/wcsstore/Kmart/images/ncatalog/sz/4/42888024-1-sz.jpg,29.00,-,Not Rated,0,;,
ad315b60-01ac-4192-bad0-eea33cba0a66,Toys,https://www.kmart.com.au/category/toys/toys-by-category/wooden-toys/252136#.plp-wrapper,Wooden Toys,https://www.kmart.com.au/category/toys/toys-by-category/wooden-toys/252136#.plp-wrapper,Wooden Bulldozer,https://www.kmart.com.au/product/wooden-bulldozer/3027344,https://www.kmart.com.au/wcsstore/Kmart/images/ncatalog/sz/1/42898641-1-sz.jpg,5.00,-,Not Rated,0,;,
129dc7de-ff59-4e4d-a83f-82eaad9919a4,Toys,https://www.kmart.com.au/category/toys/toys-by-category/wooden-toys/252136#.plp-wrapper,Wooden Toys,https://www.kmart.com.au/category/toys/toys-by-category/wooden-toys/252136#.plp-wrapper,Wooden Dollhouse Kids Bedroom Furniture Set,https://www.kmart.com.au/product/wooden-dollhouse-kids-bedroom-furniture-set/3012320,https://www.kmart.com.au/wcsstore/Kmart/images/ncatalog/sz/3/42884163-1-sz.jpg,9.00,-,Not Rated,0,;,
8aad4781-f701-4773-99cb-1b2dd85583b6,Toys,https://www.kmart.com.au/category/toys/toys-by-category/wooden-toys/252136#.plp-wrapper,Wooden Toys,https://www.kmart.com.au/category/toys/toys-by-category/wooden-toys/252136#.plp-wrapper,Wooden Retro Plane,https://www.kmart.com.au/product/wooden-retro-plane/3019309,https://www.kmart.com.au/wcsstore/Kmart/images/ncatalog/sz/5/42882275-1-sz.jpg,10.00,-,Not Rated,0,;,
59c67a71-039b-4536-b055-85379b1491db,Toys,https://www.kmart.com.au/category/toys/toys-by-category/wooden-toys/252136#.plp-wrapper,Wooden Toys,https://www.kmart.com.au/category/toys/toys-by-category/wooden-toys/252136#.plp-wrapper,Wooden Fishing Set,https://www.kmart.com.au/product/wooden-fishing-set/3019310,https://www.kmart.com.au/wcsstore/Kmart/images/ncatalog/sz/0/42882220-1-sz.jpg,15.00,-,Not Rated,0,;,
d3bac5cf-ce5a-4912-9046-0a7d72a5abed,Toys,https://www.kmart.com.au/category/toys/toys-by-category/wooden-toys/252136#.plp-wrapper,Wooden Toys,https://www.kmart.com.au/category/toys/toys-by-category/wooden-toys/252136#.plp-wrapper,Wooden Movie Snack Set,https://www.kmart.com.au/product/wooden-movie-snack-set/3019315,https://www.kmart.com.au/wcsstore/Kmart/images/ncatalog/sz/2/42884132-1-sz.jpg,9.00,-,Not Rated,0,;,
70dde945-0aea-4d1c-b686-5a0636f1136b,Toys,https://www.kmart.com.au/category/toys/toys-by-category/wooden-toys/252136#.plp-wrapper,Wooden Toys,https://www.kmart.com.au/category/toys/toys-by-category/wooden-toys/252136#.plp-wrapper,Wooden Doll House Living Room Furniture Set,https://www.kmart.com.au/product/wooden-doll-house-living-room-furniture-set/3019316,https://www.kmart.com.au/wcsstore/Kmart/images/ncatalog/sz/2/42884262-1-sz.jpg,9.00,-,Not Rated,0,;,
7325fcc8-df6c-4e27-adcf-7d109ea74712,Toys,https://www.kmart.com.au/category/toys/toys-by-category/wooden-toys/252136#.plp-wrapper,Wooden Toys,https://www.kmart.com.au/category/toys/toys-by-category/wooden-toys/252136#.plp-wrapper,Disney Wooden Toys Mickey Mouse & Car,https://www.kmart.com.au/product/disney-wooden-toys-mickey-mouse--car/3019318,https://www.kmart.com.au/wcsstore/Kmart/images/ncatalog/sz/2/42885412-1-sz.jpg,12.00,-,Not Rated,0,;,
963a9d2e-e78f-46aa-a863-db92ccd3e60a,Toys,https://www.kmart.com.au/category/toys/toys-by-category/wooden-toys/252136#.plp-wrapper,Wooden Toys,https://www.kmart.com.au/category/toys/toys-by-category/wooden-toys/252136#.plp-wrapper,Disney Wooden Toys Princess Castle Block Set,https://www.kmart.com.au/product/disney-wooden-toys-princess-castle-block-set/3019319,https://www.kmart.com.au/wcsstore/Kmart/images/ncatalog/sz/1/42885641-1-sz.jpg,15.00,-,Not Rated,0,;,
dea46118-2cf7-4375-91eb-34e3b1b71a28,Toys,https://www.kmart.com.au/category/toys/toys-by-category/wooden-toys/252136#.plp-wrapper,Wooden Toys,https://www.kmart.com.au/category/toys/toys-by-category/wooden-toys/252136#.plp-wrapper,Disney Wooden Toys Mickey & Friends Minnie Mouse & Car,https://www.kmart.com.au/product/disney-wooden-toys-mickey--friends-minnie-mouse--car/3019320,https://www.kmart.com.au/wcsstore/Kmart/images/ncatalog/sz/4/42885634-1-sz.jpg,12.00,-,Not Rated,0,;,
1f335704-b817-47b7-9aca-a6ce0dcf0336,Toys,https://www.kmart.com.au/category/toys/toys-by-category/wooden-toys/252136#.plp-wrapper,Wooden Toys,https://www.kmart.com.au/category/toys/toys-by-category/wooden-toys/252136#.plp-wrapper,Wooden Pet Vet Kit,https://www.kmart.com.au/product/wooden-pet-vet-kit/3027324,https://www.kmart.com.au/wcsstore/Kmart/images/ncatalog/sz/4/42884194-1-sz.jpg,13.00,-,Not Rated,0,;,
f29bfa46-45af-4d83-bf86-54e26568e532,Toys,https://www.kmart.com.au/category/toys/toys-by-category/wooden-toys/252136#.plp-wrapper,Wooden Toys,https://www.kmart.com.au/category/toys/toys-by-category/wooden-toys/252136#.plp-wrapper,Wooden Car Set,https://www.kmart.com.au/product/wooden-car-set/3027325,https://www.kmart.com.au/wcsstore/Kmart/images/ncatalog/sz/2/42885382-1-sz.jpg,10.00,-,Not Rated,0,;,
e9dfde59-305e-4261-bfe9-dd024637ab65,Toys,https://www.kmart.com.au/category/toys/toys-by-category/wooden-toys/252136#.plp-wrapper,Wooden Toys,https://www.kmart.com.au/category/toys/toys-by-category/wooden-toys/252136#.plp-wrapper,Wooden Shopping Basket,https://www.kmart.com.au/product/wooden-shopping-basket/3031814,https://www.kmart.com.au/wcsstore/Kmart/images/ncatalog/sz/0/42883920-1-sz.jpg,5.00,-,Not Rated,0,;,
43d8884c-0ed5-4976-9f16-6c2a95557f3f,Toys,https://www.kmart.com.au/category/toys/toys-by-category/wooden-toys/252136#.plp-wrapper,Wooden Toys,https://www.kmart.com.au/category/toys/toys-by-category/wooden-toys/252136#.plp-wrapper,Wooden Groceries with Shopping Bag,https://www.kmart.com.au/product/wooden-groceries-with-shopping-bag/3031815,https://www.kmart.com.au/wcsstore/Kmart/images/ncatalog/sz/5/42884095-1-sz.jpg,9.00,-,Not Rated,0,;,
d98f3bd6-3b39-48a8-95e7-e266f506e145,Toys,https://www.kmart.com.au/category/toys/toys-by-category/wooden-toys/252136#.plp-wrapper,Wooden Toys,https://www.kmart.com.au/category/toys/toys-by-category/wooden-toys/252136#.plp-wrapper,Disney Wooden Clutch Toy - Assorted,https://www.kmart.com.au/product/disney-wooden-clutch-toy---assorted/3031834,https://www.kmart.com.au/wcsstore/Kmart/images/ncatalog/sz/0/42897200-1-sz.jpg,5.00						 ea,-,Not Rated,0,;,
7a49427e-c626-4e26-beee-496cbc72de67,Toys,https://www.kmart.com.au/category/toys/toys-by-category/wooden-toys/252136#.plp-wrapper,Wooden Toys,https://www.kmart.com.au/category/toys/toys-by-category/wooden-toys/252136#.plp-wrapper,Wooden Pasta Bowl Set,https://www.kmart.com.au/product/wooden-pasta-bowl-set/3034835,https://www.kmart.com.au/wcsstore/Kmart/images/ncatalog/sz/9/42884149-1-sz.jpg,13.00,-,Not Rated,0,;,
46908f5a-f133-432f-a2cf-5a967f83a019,Toys,https://www.kmart.com.au/category/toys/toys-by-category/wooden-toys/252136#.plp-wrapper,Wooden Toys,https://www.kmart.com.au/category/toys/toys-by-category/wooden-toys/252136#.plp-wrapper,Wooden Retro Phone,https://www.kmart.com.au/product/wooden-retro-phone/3034837,https://www.kmart.com.au/wcsstore/Kmart/images/ncatalog/sz/3/42884293-1-sz.jpg,9.00,-,Not Rated,0,;,
5854593a-7f2f-418d-b3b5-c2649e2c522b,Toys,https://www.kmart.com.au/category/toys/toys-by-category/wooden-toys/252136#.plp-wrapper,Wooden Toys,https://www.kmart.com.au/category/toys/toys-by-category/wooden-toys/252136#.plp-wrapper,Disney Wooden Toys Mickey's Stacking Train Set,https://www.kmart.com.au/product/disney-wooden-toys-mickeys-stacking-train-set/3027321,https://www.kmart.com.au/wcsstore/Kmart/images/ncatalog/sz/7/42882367-1-sz.jpg,18.00,-,Not Rated,0,;,
774a494e-6153-4c1a-b75c-ad77c210c835,Toys,https://www.kmart.com.au/category/toys/toys-by-category/wooden-toys/252136#.plp-wrapper,Wooden Toys,https://www.kmart.com.au/category/toys/toys-by-category/wooden-toys/252136#.plp-wrapper,Disney Wooden Toys Mickey & Friends Wooden Block Set,https://www.kmart.com.au/product/disney-wooden-toys-mickey--friends-wooden-block-set/3027322,https://www.kmart.com.au/wcsstore/Kmart/images/ncatalog/sz/6/42882336-1-sz.jpg,15.00,-,Not Rated,0,;,
252e18eb-6e7c-4d64-afb4-fddd4c23acc6,Toys,https://www.kmart.com.au/category/toys/toys-by-category/wooden-toys/252136#.plp-wrapper,Wooden Toys,https://www.kmart.com.au/category/toys/toys-by-category/wooden-toys/252136#.plp-wrapper,Disney Wooden Toys Winnie the Pooh and Friends Block Set,https://www.kmart.com.au/product/disney-wooden-toys-winnie-the-pooh-and-friends-block-set/3027323,https://www.kmart.com.au/wcsstore/Kmart/images/ncatalog/sz/3/42882343-1-sz.jpg,15.00,-,Not Rated,0,;,
040fdce2-9bf7-496e-8e30-77039160f6ea,Toys,https://www.kmart.com.au/category/toys/toys-by-category/wooden-toys/252136#.plp-wrapper,Wooden Toys,https://www.kmart.com.au/category/toys/toys-by-category/wooden-toys/252136#.plp-wrapper,Wooden Balance Board,https://www.kmart.com.au/product/wooden-balance-board/2955826,https://www.kmart.com.au/wcsstore/Kmart/images/ncatalog/sz/7/42858287-1-sz.jpg,29.00,-,Not Rated,0,;,
6bdbd02c-1b29-4f61-8eda-d95d3cd35262,Toys,https://www.kmart.com.au/category/toys/toys-by-category/wooden-toys/252136#.plp-wrapper,Wooden Toys,https://www.kmart.com.au/category/toys/toys-by-category/wooden-toys/252136#.plp-wrapper,Wooden Mud Kitchen,https://www.kmart.com.au/product/wooden-mud-kitchen/2946810,https://www.kmart.com.au/wcsstore/Kmart/images/ncatalog/sz/6/42887126-1-sz.jpg,79.00,-,Not Rated,0,;,
ec62de05-461f-4dd9-8716-d3464228b23e,Toys,https://www.kmart.com.au/category/toys/toys-by-category/wooden-toys/252136#.plp-wrapper,Wooden Toys,https://www.kmart.com.au/category/toys/toys-by-category/wooden-toys/252136#.plp-wrapper,Wooden Utility Vehicle With Dog,https://www.kmart.com.au/product/wooden-utility-vehicle-with-dog/2912308,https://www.kmart.com.au/wcsstore/Kmart/images/ncatalog/sz/5/42851165-1-sz.jpg,7.00											WAS 8.50,7.00											,Not Rated,0,;,
40e3b772-8d75-47a4-8305-5c868cd093d3,Toys,https://www.kmart.com.au/category/toys/toys-by-category/wooden-toys/252136#.plp-wrapper,Wooden Toys,https://www.kmart.com.au/category/toys/toys-by-category/wooden-toys/252136#.plp-wrapper,Wooden Family Fantasy Set,https://www.kmart.com.au/product/wooden-family-fantasy-set/2907809,https://www.kmart.com.au/wcsstore/Kmart/images/ncatalog/sz/6/42835196-1-sz.jpg,9.00,-,Not Rated,0,;,
5befd68f-b8c9-42f1-826f-a4e06571d3b7,Toys,https://www.kmart.com.au/category/toys/toys-by-category/wooden-toys/252136#.plp-wrapper,Wooden Toys,https://www.kmart.com.au/category/toys/toys-by-category/wooden-toys/252136#.plp-wrapper,Musical Gift Set,https://www.kmart.com.au/product/musical-gift-set/2833805,https://www.kmart.com.au/wcsstore/Kmart/images/ncatalog/sz/4/42821014-1-sz.jpg,20.00,-,Not Rated,0,;,
2b6cb147-267c-4609-84ce-016832cb5da7,Toys,https://www.kmart.com.au/category/toys/toys-by-category/wooden-toys/252136#.plp-wrapper,Wooden Toys,https://www.kmart.com.au/category/toys/toys-by-category/wooden-toys/252136#.plp-wrapper,Pull Along Dog,https://www.kmart.com.au/product/pull-along-dog/2907804,https://www.kmart.com.au/wcsstore/Kmart/images/ncatalog/sz/8/42821748-1-sz.jpg,10.00,-,Not Rated,0,;,
251ade10-be2b-47fd-8e0a-012c18bbc55c,Toys,https://www.kmart.com.au/category/toys/toys-by-category/wooden-toys/252136#.plp-wrapper,Wooden Toys,https://www.kmart.com.au/category/toys/toys-by-category/wooden-toys/252136#.plp-wrapper,Wooden Hamburger Playset,https://www.kmart.com.au/product/wooden-hamburger-playset/2915802,https://www.kmart.com.au/wcsstore/Kmart/images/ncatalog/sz/2/42834922-1-sz.jpg,5.00,-,Not Rated,0,;,
636c0a74-dbf4-466d-8a92-e2d5f461a0c0,Toys,https://www.kmart.com.au/category/toys/toys-by-category/wooden-toys/252136#.plp-wrapper,Wooden Toys,https://www.kmart.com.au/category/toys/toys-by-category/wooden-toys/252136#.plp-wrapper,Wooden Camera Playset,https://www.kmart.com.au/product/wooden-camera-playset/2915805,https://www.kmart.com.au/wcsstore/Kmart/images/ncatalog/sz/5/42835905-1-sz.jpg,13.00,-,Not Rated,0,;,
6f679eb0-891e-474f-be2d-c0124853d5a4,Toys,https://www.kmart.com.au/category/toys/toys-by-category/wooden-toys/252136#.plp-wrapper,Wooden Toys,https://www.kmart.com.au/category/toys/toys-by-category/wooden-toys/252136#.plp-wrapper,Wooden Pet Furniture Playset,https://www.kmart.com.au/product/wooden-pet-furniture-playset/2915808,https://www.kmart.com.au/wcsstore/Kmart/images/ncatalog/sz/3/42848073-1-sz.jpg,9.00,-,Not Rated,0,;,
6ded94ec-5886-46c9-a196-80cc333ac79b,Toys,https://www.kmart.com.au/category/toys/toys-by-category/wooden-toys/252136#.plp-wrapper,Wooden Toys,https://www.kmart.com.au/category/toys/toys-by-category/wooden-toys/252136#.plp-wrapper,Wooden Cafe Playset,https://www.kmart.com.au/product/wooden-cafe-playset/2898801,https://www.kmart.com.au/wcsstore/Kmart/images/ncatalog/sz/9/42835059-1-sz.jpg,15.00,-,Not Rated,0,;,
c5bfb774-c993-4739-84e4-1b0dfdcbffbf,Toys,https://www.kmart.com.au/category/toys/toys-by-category/wooden-toys/252136#.plp-wrapper,Wooden Toys,https://www.kmart.com.au/category/toys/toys-by-category/wooden-toys/252136#.plp-wrapper,Wooden Small Vehicle - Assorted,https://www.kmart.com.au/product/wooden-small-vehicle---assorted/2898808,https://www.kmart.com.au/wcsstore/Kmart/images/ncatalog/sz/4/42851134-1-sz.jpg,1.00						 ea,-,Not Rated,0,;,
cce5c913-678e-4bfb-a9cb-f90d930d7170,Toys,https://www.kmart.com.au/category/toys/toys-by-category/wooden-toys/252136#.plp-wrapper,Wooden Toys,https://www.kmart.com.au/category/toys/toys-by-category/wooden-toys/252136#.plp-wrapper,Wooden Single Figure - Assorted,https://www.kmart.com.au/product/wooden-single-figure---assorted/2898835,https://www.kmart.com.au/wcsstore/Kmart/images/ncatalog/sz/1/42865131-1-sz.jpg,1.00						 ea,-,Not Rated,0,;,
090c4c4c-ea9f-492b-b7b1-68b66a437586,Toys,https://www.kmart.com.au/category/toys/toys-by-category/wooden-toys/252136#.plp-wrapper,Wooden Toys,https://www.kmart.com.au/category/toys/toys-by-category/wooden-toys/252136#.plp-wrapper,Wooden Fold & Go Mini Dollhouse,https://www.kmart.com.au/product/wooden-fold--go-mini-dollhouse/2915803,https://www.kmart.com.au/wcsstore/Kmart/images/ncatalog/sz/8/42835158-1-sz.jpg,22.00,-,Not Rated,0,;,
2ecaa7df-9dd8-4a72-a488-9b85b321027d,Toys,https://www.kmart.com.au/category/toys/toys-by-category/wooden-toys/252136#.plp-wrapper,Wooden Toys,https://www.kmart.com.au/category/toys/toys-by-category/wooden-toys/252136#.plp-wrapper,Wooden Tool Bench Playset,https://www.kmart.com.au/product/wooden-tool-bench-playset/2915807,https://www.kmart.com.au/wcsstore/Kmart/images/ncatalog/sz/4/42845034-1-sz.jpg,49.00,-,Not Rated,0,;,
5a6825bd-aed1-44b9-b52d-d584a94f2a78,Toys,https://www.kmart.com.au/category/toys/toys-by-category/wooden-toys/252136#.plp-wrapper,Wooden Toys,https://www.kmart.com.au/category/toys/toys-by-category/wooden-toys/252136#.plp-wrapper,Learning Alphabet Abacus,https://www.kmart.com.au/product/learning-alphabet-abacus/2836307,https://www.kmart.com.au/wcsstore/Kmart/images/ncatalog/sz/1/42820871-1-sz.jpg,15.00,-,Not Rated,0,;,
a9e7f997-0249-423d-b802-f261ff74b175,Toys,https://www.kmart.com.au/category/toys/toys-by-category/wooden-toys/252136#.plp-wrapper,Wooden Toys,https://www.kmart.com.au/category/toys/toys-by-category/wooden-toys/252136#.plp-wrapper,Wooden Purple Sportscar,https://www.kmart.com.au/product/wooden-purple-sportscar/2836324,https://www.kmart.com.au/wcsstore/Kmart/images/ncatalog/sz/5/42835165-1-sz.jpg,4.00											WAS 8,4.00											,Not Rated,0,;,
3ebdd49e-9a96-4d8c-b5fa-755ec77a8af4,Toys,https://www.kmart.com.au/category/toys/toys-by-category/wooden-toys/252136#.plp-wrapper,Wooden Toys,https://www.kmart.com.au/category/toys/toys-by-category/wooden-toys/252136#.plp-wrapper,Red Wooden Sportscar,https://www.kmart.com.au/product/red-wooden-sportscar/2836325,https://www.kmart.com.au/wcsstore/Kmart/images/ncatalog/sz/7/42835547-1-sz.jpg,4.00											WAS 8,4.00											,Not Rated,0,;Out of stock online,
7c8f5356-8126-4d17-98fc-5feda4f3e8fc,Toys,https://www.kmart.com.au/category/toys/toys-by-category/wooden-toys/252136#.plp-wrapper,Wooden Toys,https://www.kmart.com.au/category/toys/toys-by-category/wooden-toys/252136#.plp-wrapper,Wooden Dinosaur Playset,https://www.kmart.com.au/product/wooden-dinosaur-playset/2846804,https://www.kmart.com.au/wcsstore/Kmart/images/ncatalog/sz/1/42844501-1-sz.jpg,10.00,-,Not Rated,0,;,
1faabcd2-e52e-4791-be54-e66b60a474a6,Toys,https://www.kmart.com.au/category/toys/toys-by-category/wooden-toys/252136#.plp-wrapper,Wooden Toys,https://www.kmart.com.au/category/toys/toys-by-category/wooden-toys/252136#.plp-wrapper,Wooden School Bus Push Along,https://www.kmart.com.au/product/wooden-school-bus-push-along/2853318,https://www.kmart.com.au/wcsstore/Kmart/images/ncatalog/sz/6/42835066-1-sz.jpg,19.00											WAS 29,19.00											,Not Rated,0,;,
476bfa37-1516-4049-8087-97995be1bd3f,Toys,https://www.kmart.com.au/category/toys/toys-by-category/wooden-toys/252136#.plp-wrapper,Wooden Toys,https://www.kmart.com.au/category/toys/toys-by-category/wooden-toys/252136#.plp-wrapper,Wooden Walker,https://www.kmart.com.au/product/wooden-walker/2857818,https://www.kmart.com.au/wcsstore/Kmart/images/ncatalog/sz/8/42822028-1-sz.jpg,39.00,-,Not Rated,0,;,
f2cf3954-1202-48c2-bb21-3d5f2dd7bf24,Toys,https://www.kmart.com.au/category/toys/toys-by-category/wooden-toys/252136#.plp-wrapper,Wooden Toys,https://www.kmart.com.au/category/toys/toys-by-category/wooden-toys/252136#.plp-wrapper,Maracas - Assorted,https://www.kmart.com.au/product/maracas---assorted/2859311,https://www.kmart.com.au/wcsstore/Kmart/images/ncatalog/sz/7/42821007-1-sz.jpg,3.00						 ea,-,Not Rated,0,;,
652b49f4-6b85-44f9-9a5e-e46ba998bdb9,Toys,https://www.kmart.com.au/category/toys/toys-by-category/wooden-toys/252136#.plp-wrapper,Wooden Toys,https://www.kmart.com.au/category/toys/toys-by-category/wooden-toys/252136#.plp-wrapper,Hanging Drum,https://www.kmart.com.au/product/hanging-drum/2865394,https://www.kmart.com.au/wcsstore/Kmart/images/ncatalog/sz/8/42854098-1-sz.jpg,10.00,-,Not Rated,0,;,
e719aba3-f91c-493f-a5aa-ded5e3fb17f9,Toys,https://www.kmart.com.au/category/toys/toys-by-category/wooden-toys/252136#.plp-wrapper,Wooden Toys,https://www.kmart.com.au/category/toys/toys-by-category/wooden-toys/252136#.plp-wrapper,1-5 Dino Puzzle,https://www.kmart.com.au/product/1-5-dino-puzzle/2884324,https://www.kmart.com.au/wcsstore/Kmart/images/ncatalog/sz/9/42830429-1-sz.jpg,2.50,-,Not Rated,0,;,
0bdca467-f12a-4a77-bfbb-f0983e226d60,Toys,https://www.kmart.com.au/category/toys/toys-by-category/wooden-toys/252136#.plp-wrapper,Wooden Toys,https://www.kmart.com.au/category/toys/toys-by-category/wooden-toys/252136#.plp-wrapper,Wooden Beach Buggy,https://www.kmart.com.au/product/wooden-beach-buggy/2884335,https://www.kmart.com.au/wcsstore/Kmart/images/ncatalog/sz/1/42835141-1-sz.jpg,5.00,-,Not Rated,0,;,
db890169-5e11-4ad1-addc-beeeb77f7955,Toys,https://www.kmart.com.au/category/toys/toys-by-category/wooden-toys/252136#.plp-wrapper,Wooden Toys,https://www.kmart.com.au/category/toys/toys-by-category/wooden-toys/252136#.plp-wrapper,Push Along Duck With Flappy Feet,https://www.kmart.com.au/product/push-along-duck-with-flappy-feet/2886835,https://www.kmart.com.au/wcsstore/Kmart/images/ncatalog/sz/9/42847199-1-sz.jpg,8.50,-,Not Rated,0,;,
bd04ffdf-377f-4125-b7bd-072973990bd2,Toys,https://www.kmart.com.au/category/toys/toys-by-category/wooden-toys/252136#.plp-wrapper,Wooden Toys,https://www.kmart.com.au/category/toys/toys-by-category/wooden-toys/252136#.plp-wrapper,Wooden Pound & Tap Bench Xylophone,https://www.kmart.com.au/product/wooden-pound--tap-bench-xylophone/2833804,https://www.kmart.com.au/wcsstore/Kmart/images/ncatalog/sz/5/42820895-1-sz.jpg,15.00,-,Not Rated,0,;,
04391121-2745-4c1d-8aae-a3c1380718f7,Toys,https://www.kmart.com.au/category/toys/toys-by-category/wooden-toys/252136#.plp-wrapper,Wooden Toys,https://www.kmart.com.au/category/toys/toys-by-category/wooden-toys/252136#.plp-wrapper,Wooden Farm Playset,https://www.kmart.com.au/product/wooden-farm-playset/2846801,https://www.kmart.com.au/wcsstore/Kmart/images/ncatalog/sz/3/42820833-1-sz.jpg,10.00,-,Not Rated,0,;,
ad77561c-5f06-4a32-b10d-15b08fc77480,Toys,https://www.kmart.com.au/category/toys/toys-by-category/wooden-toys/252136#.plp-wrapper,Wooden Toys,https://www.kmart.com.au/category/toys/toys-by-category/wooden-toys/252136#.plp-wrapper,Wooden House Playset,https://www.kmart.com.au/product/wooden-house-playset/2855337,https://www.kmart.com.au/wcsstore/Kmart/images/ncatalog/sz/0/42820840-1-sz.jpg,6.00											WAS 8,6.00											,Not Rated,0,;,
1a84e7d6-1633-4786-8aca-8c2cde4b96ae,Toys,https://www.kmart.com.au/category/toys/toys-by-category/wooden-toys/252136#.plp-wrapper,Wooden Toys,https://www.kmart.com.au/category/toys/toys-by-category/wooden-toys/252136#.plp-wrapper,Dump Truck Shape Sorter Vehicle,https://www.kmart.com.au/product/dump-truck-shape-sorter-vehicle/2855341,https://www.kmart.com.au/wcsstore/Kmart/images/ncatalog/sz/3/42827443-1-sz.jpg,15.00,-,Not Rated,0,;,
fa63766a-ef4d-437b-9b4d-2353e711fdab,Toys,https://www.kmart.com.au/category/toys/toys-by-category/wooden-toys/252136#.plp-wrapper,Wooden Toys,https://www.kmart.com.au/category/toys/toys-by-category/wooden-toys/252136#.plp-wrapper,Wooden Farm Shape Sorter Vehicle,https://www.kmart.com.au/product/wooden-farm-shape-sorter-vehicle/2884313,https://www.kmart.com.au/wcsstore/Kmart/images/ncatalog/sz/9/42821779-1-sz.jpg,15.00,-,Not Rated,0,;,
aa19c5df-f269-4930-b1df-a6a0da206652,Toys,https://www.kmart.com.au/category/toys/toys-by-category/wooden-toys/252136#.plp-wrapper,Wooden Toys,https://www.kmart.com.au/category/toys/toys-by-category/wooden-toys/252136#.plp-wrapper,Wooden Stack Alphabet Truck,https://www.kmart.com.au/product/wooden-stack-alphabet-truck/2884314,https://www.kmart.com.au/wcsstore/Kmart/images/ncatalog/sz/9/42821809-1-sz.jpg,13.00,-,Not Rated,0,;,
6fe649d3-5363-4b30-805f-421103d9ad16,Toys,https://www.kmart.com.au/category/toys/toys-by-category/wooden-toys/252136#.plp-wrapper,Wooden Toys,https://www.kmart.com.au/category/toys/toys-by-category/wooden-toys/252136#.plp-wrapper,Fabric Mat Town Playset,https://www.kmart.com.au/product/fabric-mat-town-playset/2884328,https://www.kmart.com.au/wcsstore/Kmart/images/ncatalog/sz/1/42835011-1-sz.jpg,10.00,-,Not Rated,0,;,
f508ea45-3320-40cd-ab6f-45f98cf91a6d,Toys,https://www.kmart.com.au/category/toys/toys-by-category/wooden-toys/252136#.plp-wrapper,Wooden Toys,https://www.kmart.com.au/category/toys/toys-by-category/wooden-toys/252136#.plp-wrapper,Magnetic Beans Board,https://www.kmart.com.au/product/magnetic-beans-board/2884332,https://www.kmart.com.au/wcsstore/Kmart/images/ncatalog/sz/8/42835028-1-sz.jpg,5.00,-,Not Rated,0,;,
e785c8bf-d4ad-44d5-b99b-37bddedc9886,Toys,https://www.kmart.com.au/category/toys/toys-by-category/wooden-toys/252136#.plp-wrapper,Wooden Toys,https://www.kmart.com.au/category/toys/toys-by-category/wooden-toys/252136#.plp-wrapper,Wooden Shape Stacker,https://www.kmart.com.au/product/wooden-shape-stacker/2884336,https://www.kmart.com.au/wcsstore/Kmart/images/ncatalog/sz/1/42835691-1-sz.jpg,5.00,-,Not Rated,0,;,
db2264d4-c655-4258-8d81-6c7a4022a106,Toys,https://www.kmart.com.au/category/toys/toys-by-category/wooden-toys/252136#.plp-wrapper,Wooden Toys,https://www.kmart.com.au/category/toys/toys-by-category/wooden-toys/252136#.plp-wrapper,2-in-1 Magnetic & Blackboard Set,https://www.kmart.com.au/product/2-in-1-magnetic--blackboard-set/2814807,https://www.kmart.com.au/wcsstore/Kmart/images/ncatalog/sz/1/42820901-1-sz.jpg,12.00,-,Not Rated,0,;,
a5ae9460-d6a7-4634-bc96-b1f008f9d8ff,Toys,https://www.kmart.com.au/category/toys/toys-by-category/wooden-toys/252136#.plp-wrapper,Wooden Toys,https://www.kmart.com.au/category/toys/toys-by-category/wooden-toys/252136#.plp-wrapper,Wooden Fire Station Playset,https://www.kmart.com.au/product/wooden-fire-station-playset/2816810,https://www.kmart.com.au/wcsstore/Kmart/images/ncatalog/sz/0/42820970-1-sz.jpg,20.00,-,Not Rated,0,;,
ac22503c-7066-412e-aef3-2a09ad1f16a0,Toys,https://www.kmart.com.au/category/toys/toys-by-category/wooden-toys/252136#.plp-wrapper,Wooden Toys,https://www.kmart.com.au/category/toys/toys-by-category/wooden-toys/252136#.plp-wrapper,Wooden Stack & Count Learning Set,https://www.kmart.com.au/product/wooden-stack--count-learning-set/2855336,https://www.kmart.com.au/wcsstore/Kmart/images/ncatalog/sz/4/42820994-1-sz.jpg,12.00,-,Not Rated,0,;,
116bf872-ffe5-43a9-b5e2-a6ca9f9a86b6,Toys,https://www.kmart.com.au/category/toys/toys-by-category/wooden-toys/252136#.plp-wrapper,Wooden Toys,https://www.kmart.com.au/category/toys/toys-by-category/wooden-toys/252136#.plp-wrapper,Easy Grip Puzzle - Assorted,https://www.kmart.com.au/product/easy-grip-puzzle---assorted/2855338,https://www.kmart.com.au/wcsstore/Kmart/images/ncatalog/sz/9/42820949-1-sz.jpg,2.50						 ea,-,Not Rated,0,;,
26f31a8c-477a-4a55-8dce-9cc7fd19cd08,Toys,https://www.kmart.com.au/category/toys/toys-by-category/wooden-toys/252136#.plp-wrapper,Wooden Toys,https://www.kmart.com.au/category/toys/toys-by-category/wooden-toys/252136#.plp-wrapper,Wooden Dino Puzzle,https://www.kmart.com.au/product/wooden-dino-puzzle/2855339,https://www.kmart.com.au/wcsstore/Kmart/images/ncatalog/sz/3/42820963-1-sz.jpg,5.00,-,Not Rated,0,;,
3a5f7777-0beb-4013-b0ed-a585a38a5337,Toys,https://www.kmart.com.au/category/toys/toys-by-category/wooden-toys/252136#.plp-wrapper,Wooden Toys,https://www.kmart.com.au/category/toys/toys-by-category/wooden-toys/252136#.plp-wrapper,Wooden 123 Book,https://www.kmart.com.au/product/wooden-123-book/2855342,https://www.kmart.com.au/wcsstore/Kmart/images/ncatalog/sz/0/42835110-1-sz.jpg,3.75											WAS 4 on 03/03/2020,3.75											,Not Rated,0,;,
22279e99-be30-4c46-b4d1-6f1e1ad6d0a3,Toys,https://www.kmart.com.au/category/toys/toys-by-category/wooden-toys/252136#.plp-wrapper,Wooden Toys,https://www.kmart.com.au/category/toys/toys-by-category/wooden-toys/252136#.plp-wrapper,Wooden ABC Book,https://www.kmart.com.au/product/wooden-abc-book/2855344,https://www.kmart.com.au/wcsstore/Kmart/images/ncatalog/sz/7/42835097-1-sz.jpg,3.75											WAS 4 on 03/03/2020,3.75											,Not Rated,0,;,
8b8ef5c7-a427-4a3b-8dd6-747cc4f25205,Toys,https://www.kmart.com.au/category/toys/toys-by-category/wooden-toys/252136#.plp-wrapper,Wooden Toys,https://www.kmart.com.au/category/toys/toys-by-category/wooden-toys/252136#.plp-wrapper,Wooden Mythical Puzzle,https://www.kmart.com.au/product/wooden-mythical-puzzle/2855345,https://www.kmart.com.au/wcsstore/Kmart/images/ncatalog/sz/2/42835622-1-sz.jpg,5.00,-,Not Rated,0,;,
c16b883d-1106-44e2-ad88-67c71fc2c887,Toys,https://www.kmart.com.au/category/toys/toys-by-category/wooden-toys/252136#.plp-wrapper,Wooden Toys,https://www.kmart.com.au/category/toys/toys-by-category/wooden-toys/252136#.plp-wrapper,Mix & Match Wooden Game,https://www.kmart.com.au/product/mix--match-wooden-game/2855358,https://www.kmart.com.au/wcsstore/Kmart/images/ncatalog/sz/5/42844495-1-sz.jpg,10.00,-,Not Rated,0,;,
e0e5aece-5fb3-40be-b490-e8159d3c2c73,Toys,https://www.kmart.com.au/category/toys/toys-by-category/wooden-toys/252136#.plp-wrapper,Wooden Toys,https://www.kmart.com.au/category/toys/toys-by-category/wooden-toys/252136#.plp-wrapper,Wooden Feelings Book,https://www.kmart.com.au/product/wooden-feelings-book/2855359,https://www.kmart.com.au/wcsstore/Kmart/images/ncatalog/sz/9/42844549-1-sz.jpg,3.75											WAS 4 on 03/03/2020,3.75											,Not Rated,0,;,
dcf99c05-a574-457a-9f89-c950d1c62e29,Toys,https://www.kmart.com.au/category/toys/toys-by-category/wooden-toys/252136#.plp-wrapper,Wooden Toys,https://www.kmart.com.au/category/toys/toys-by-category/wooden-toys/252136#.plp-wrapper,Wooden Book Animal Photo,https://www.kmart.com.au/product/wooden-book-animal-photo/2855360,https://www.kmart.com.au/wcsstore/Kmart/images/ncatalog/sz/7/42844457-1-sz.jpg,3.75,-,Not Rated,0,;,
22cfb3d8-ff78-4b43-bcc9-dc2b3dc94176,Toys,https://www.kmart.com.au/category/toys/toys-by-category/wooden-toys/252136#.plp-wrapper,Wooden Toys,https://www.kmart.com.au/category/toys/toys-by-category/wooden-toys/252136#.plp-wrapper,Disney Wooden Toys Frozen Arendelle Castle Set,https://www.kmart.com.au/product/disney-wooden-toys-frozen-arendelle-castle-set/2833829,https://www.kmart.com.au/wcsstore/Kmart/images/ncatalog/sz/2/42835462-1-sz.jpg,29.00,-,Not Rated,0,;,
849a76c8-dfc3-4386-ac1a-47817ce6cb64,Toys,https://www.kmart.com.au/category/toys/toys-by-category/wooden-toys/252136#.plp-wrapper,Wooden Toys,https://www.kmart.com.au/category/toys/toys-by-category/wooden-toys/252136#.plp-wrapper,Disney Frozen Wooden Toys Sleigh Set,https://www.kmart.com.au/product/disney-frozen-wooden-toys-sleigh-set/2836326,https://www.kmart.com.au/wcsstore/Kmart/images/ncatalog/sz/8/42835448-1-sz.jpg,7.00											WAS 10,7.00											,Not Rated,0,;,
99ed3b95-43de-4403-bf9b-e366010dcdd8,Toys,https://www.kmart.com.au/category/toys/toys-by-category/wooden-toys/252136#.plp-wrapper,Wooden Toys,https://www.kmart.com.au/category/toys/toys-by-category/wooden-toys/252136#.plp-wrapper,Wooden Fridge Playset,https://www.kmart.com.au/product/wooden-fridge-playset/2788802,https://www.kmart.com.au/wcsstore/Kmart/images/ncatalog/sz/6/42801146-1-sz.jpg,49.00,-,Not Rated,0,;,
6efd88c3-fc71-4327-bd0a-a0f46a6f4d36,Toys,https://www.kmart.com.au/category/toys/toys-by-category/wooden-toys/252136#.plp-wrapper,Wooden Toys,https://www.kmart.com.au/category/toys/toys-by-category/wooden-toys/252136#.plp-wrapper,Wooden Activity Cube,https://www.kmart.com.au/product/wooden-activity-cube/2794326,https://www.kmart.com.au/wcsstore/Kmart/images/ncatalog/sz/6/42805656-1-sz.jpg,20.00,-,Not Rated,0,;,
f26b3c75-ba5c-43c6-8d5f-e7c424bbbf1b,Toys,https://www.kmart.com.au/category/toys/toys-by-category/wooden-toys/252136#.plp-wrapper,Wooden Toys,https://www.kmart.com.au/category/toys/toys-by-category/wooden-toys/252136#.plp-wrapper,Wooden Outdoor Quoits,https://www.kmart.com.au/product/wooden-outdoor-quoits/2642301,https://www.kmart.com.au/wcsstore/Kmart/images/ncatalog/sz/2/42741312-1-sz.jpg,10.00,-,Not Rated,0,;,
e2740946-d545-4760-b47f-b52227ebe97a,Toys,https://www.kmart.com.au/category/toys/toys-by-category/wooden-toys/252136#.plp-wrapper,Wooden Toys,https://www.kmart.com.au/category/toys/toys-by-category/wooden-toys/252136#.plp-wrapper,Wooden Bowling Set,https://www.kmart.com.au/product/wooden-bowling-set/2668304,https://www.kmart.com.au/wcsstore/Kmart/images/ncatalog/sz/5/42741305-1-sz.jpg,15.00,-,Not Rated,0,;,
b7df4ffc-a3c9-4a7b-871a-8264837ba721,Toys,https://www.kmart.com.au/category/toys/toys-by-category/wooden-toys/252136#.plp-wrapper,Wooden Toys,https://www.kmart.com.au/category/toys/toys-by-category/wooden-toys/252136#.plp-wrapper,Wooden Animal Puzzle Blocks - Assorted,https://www.kmart.com.au/product/wooden-animal-puzzle-blocks---assorted/2620307,https://www.kmart.com.au/wcsstore/Kmart/images/ncatalog/sz/4/42742944-1-sz.jpg,3.00						 ea,-,Not Rated,0,;,
23edfcb5-4687-42fa-9a16-60595625de62,Toys,https://www.kmart.com.au/category/toys/toys-by-category/wooden-toys/252136#.plp-wrapper,Wooden Toys,https://www.kmart.com.au/category/toys/toys-by-category/wooden-toys/252136#.plp-wrapper,40 Pack Wooden Craft Alphabet Letters,https://www.kmart.com.au/product/40-pack-wooden-craft-alphabet-letters/2592333,https://www.kmart.com.au/wcsstore/Kmart/images/ncatalog/sz/2/42766612-1-sz.jpg,3.00,-,Not Rated,0,;,
c0c90164-514d-48b6-8f5d-5d268794abe1,Toys,https://www.kmart.com.au/category/toys/toys-by-category/wooden-toys/252136#.plp-wrapper,Wooden Toys,https://www.kmart.com.au/category/toys/toys-by-category/wooden-toys/252136#.plp-wrapper,Wooden Roast Chicken Set,https://www.kmart.com.au/product/wooden-roast-chicken-set/2548312,https://www.kmart.com.au/wcsstore/Kmart/images/ncatalog/sz/6/42744856-1-sz.jpg,9.00,-,Not Rated,0,;,
03d80585-65aa-4bf1-a863-d69868f9cace,Toys,https://www.kmart.com.au/category/toys/toys-by-category/wooden-toys/252136#.plp-wrapper,Wooden Toys,https://www.kmart.com.au/category/toys/toys-by-category/wooden-toys/252136#.plp-wrapper,Wooden Food Set,https://www.kmart.com.au/product/wooden-food-set/2580303,https://www.kmart.com.au/wcsstore/Kmart/images/ncatalog/sz/0/42741480-1-sz.jpg,9.00,-,Not Rated,0,;,
975a2f4d-c659-4172-b935-94148f624cbd,Toys,https://www.kmart.com.au/category/toys/toys-by-category/wooden-toys/252136#.plp-wrapper,Wooden Toys,https://www.kmart.com.au/category/toys/toys-by-category/wooden-toys/252136#.plp-wrapper,Wooden Noughts and Crosses,https://www.kmart.com.au/product/wooden-noughts-and-crosses/2605801,https://www.kmart.com.au/wcsstore/Kmart/images/ncatalog/sz/8/42753308-1-sz.jpg,2.00,-,Not Rated,0,;,
090e56db-8f89-4d6c-9898-99553bc82089,Toys,https://www.kmart.com.au/category/toys/toys-by-category/wooden-toys/252136#.plp-wrapper,Wooden Toys,https://www.kmart.com.au/category/toys/toys-by-category/wooden-toys/252136#.plp-wrapper,Wooden Tangram,https://www.kmart.com.au/product/wooden-tangram/2607314,https://www.kmart.com.au/wcsstore/Kmart/images/ncatalog/sz/5/42753315-1-sz.jpg,2.00,-,Not Rated,0,;,
82ec785b-84d7-4136-b701-8bd3d49bc0ac,Toys,https://www.kmart.com.au/category/toys/toys-by-category/wooden-toys/252136#.plp-wrapper,Wooden Toys,https://www.kmart.com.au/category/toys/toys-by-category/wooden-toys/252136#.plp-wrapper,Wooden Block Puzzle,https://www.kmart.com.au/product/wooden-block-puzzle/2609806,https://www.kmart.com.au/wcsstore/Kmart/images/ncatalog/sz/2/42753292-1-sz.jpg,2.00,-,Not Rated,0,;,
ba07d708-d121-4022-8bcc-3cd6148756e2,Toys,https://www.kmart.com.au/category/toys/toys-by-category/wooden-toys/252136#.plp-wrapper,Wooden Toys,https://www.kmart.com.au/category/toys/toys-by-category/wooden-toys/252136#.plp-wrapper,Wooden Layered Puzzle,https://www.kmart.com.au/product/wooden-layered-puzzle/2620306,https://www.kmart.com.au/wcsstore/Kmart/images/ncatalog/sz/7/42742937-1-sz.jpg,5.00,-,Not Rated,0,;,
46d2a5c0-94ee-4c9f-9aa1-8fed9b6e7cb1,Toys,https://www.kmart.com.au/category/toys/toys-by-category/wooden-toys/252136#.plp-wrapper,Wooden Toys,https://www.kmart.com.au/category/toys/toys-by-category/wooden-toys/252136#.plp-wrapper,Wooden Train Set in Tube,https://www.kmart.com.au/product/wooden-train-set-in-tube/2487335,https://www.kmart.com.au/wcsstore/Kmart/images/ncatalog/sz/2/42708322-1-sz.jpg,8.50,-,Not Rated,0,;,
a16830b8-959e-40fe-9c8f-5ed67d33e576,Toys,https://www.kmart.com.au/category/toys/toys-by-category/wooden-toys/252136#.plp-wrapper,Wooden Toys,https://www.kmart.com.au/category/toys/toys-by-category/wooden-toys/252136#.plp-wrapper,Wooden Stacking Rings,https://www.kmart.com.au/product/wooden-stacking-rings/2487339,https://www.kmart.com.au/wcsstore/Kmart/images/ncatalog/sz/8/42710608-1-sz.jpg,8.50,-,Not Rated,0,;,
2c1278aa-454f-47c9-b645-242bd66e64d1,Toys,https://www.kmart.com.au/category/toys/toys-by-category/wooden-toys/252136#.plp-wrapper,Wooden Toys,https://www.kmart.com.au/category/toys/toys-by-category/wooden-toys/252136#.plp-wrapper,Wooden Blocks with Shape Sorting Lid,https://www.kmart.com.au/product/wooden-blocks-with-shape-sorting-lid/2450802,https://www.kmart.com.au/wcsstore/Kmart/images/ncatalog/sz/7/42656227-1-sz.jpg,15.00,-,Not Rated,0,;,
7c3b0e9a-1c14-49a0-bbb8-9294d7dd821c,Toys,https://www.kmart.com.au/category/toys/toys-by-category/wooden-toys/252136#.plp-wrapper,Wooden Toys,https://www.kmart.com.au/category/toys/toys-by-category/wooden-toys/252136#.plp-wrapper,Large Wooden Animal Puzzle,https://www.kmart.com.au/product/large-wooden-animal-puzzle/2450814,https://www.kmart.com.au/wcsstore/Kmart/images/ncatalog/sz/7/42708537-1-sz.jpg,5.00,-,Not Rated,0,;,
dad445cd-bc6b-4f43-a1db-3aeef0680080,Toys,https://www.kmart.com.au/category/toys/toys-by-category/wooden-toys/252136#.plp-wrapper,Wooden Toys,https://www.kmart.com.au/category/toys/toys-by-category/wooden-toys/252136#.plp-wrapper,Wooden Jungle Bead Maze - Assorted,https://www.kmart.com.au/product/wooden-jungle-bead-maze---assorted/2439314,https://www.kmart.com.au/wcsstore/Kmart/images/ncatalog/sz/4/42705284-1-sz.jpg,3.00						 ea,-,Not Rated,0,;,
fc083039-b0bd-42b6-85df-8c4545307cc7,Toys,https://www.kmart.com.au/category/toys/toys-by-category/wooden-toys/252136#.plp-wrapper,Wooden Toys,https://www.kmart.com.au/category/toys/toys-by-category/wooden-toys/252136#.plp-wrapper,Wooden Train Table,https://www.kmart.com.au/product/wooden-train-table/2366308,https://www.kmart.com.au/wcsstore/Kmart/images/ncatalog/sz/0/42705260-1-sz.jpg,39.00,-,Not Rated,0,;,
274047e3-6380-4d8a-9e3a-72624e82a0ef,Toys,https://www.kmart.com.au/category/toys/toys-by-category/wooden-toys/252136#.plp-wrapper,Wooden Toys,https://www.kmart.com.au/category/toys/toys-by-category/wooden-toys/252136#.plp-wrapper,Wooden Tool Table,https://www.kmart.com.au/product/wooden-tool-table/2362819,https://www.kmart.com.au/wcsstore/Kmart/images/ncatalog/sz/7/42708377-1-sz.jpg,20.00,-,Not Rated,0,;,
d37a42ba-8ec4-4eb9-ac6a-339877fa7adb,Toys,https://www.kmart.com.au/category/toys/toys-by-category/wooden-toys/252136#.plp-wrapper,Wooden Toys,https://www.kmart.com.au/category/toys/toys-by-category/wooden-toys/252136#.plp-wrapper,Wooden Magnetic Jungle Block Set,https://www.kmart.com.au/product/wooden-magnetic-jungle-block-set/2399826,https://www.kmart.com.au/wcsstore/Kmart/images/ncatalog/sz/5/42705215-1-sz.jpg,29.00,-,Not Rated,0,;,
be853b58-d564-42b7-b86f-f34c55003fd1,Toys,https://www.kmart.com.au/category/toys/toys-by-category/wooden-toys/252136#.plp-wrapper,Wooden Toys,https://www.kmart.com.au/category/toys/toys-by-category/wooden-toys/252136#.plp-wrapper,Balance Blocks Playset - Assorted,https://www.kmart.com.au/product/balance-blocks-playset---assorted/2369333,https://www.kmart.com.au/wcsstore/Kmart/images/ncatalog/sz/8/42705208-1-sz.jpg,8.50						 ea,-,Not Rated,0,;,
924ec959-de5b-4b32-b380-e46e6f60ac18,Toys,https://www.kmart.com.au/category/toys/toys-by-category/wooden-toys/252136#.plp-wrapper,Wooden Toys,https://www.kmart.com.au/category/toys/toys-by-category/wooden-toys/252136#.plp-wrapper,Wooden Clutch Character - Assorted,https://www.kmart.com.au/product/wooden-clutch-character---assorted/2382835,https://www.kmart.com.au/wcsstore/Kmart/images/ncatalog/sz/6/42705246-1-sz.jpg,3.00						 ea,-,Not Rated,0,;,
376072e7-5333-40f6-9cc7-fcd323270a7e,Toys,https://www.kmart.com.au/category/toys/toys-by-category/wooden-toys/252136#.plp-wrapper,Wooden Toys,https://www.kmart.com.au/category/toys/toys-by-category/wooden-toys/252136#.plp-wrapper,Wooden Stack Sweet Truck,https://www.kmart.com.au/product/wooden-stack-sweet-truck/2353313,https://www.kmart.com.au/wcsstore/Kmart/images/ncatalog/sz/4/42705314-1-sz.jpg,13.00,-,Not Rated,0,;,
3cd4b4d6-b653-40a2-8b3b-56c016068176,Toys,https://www.kmart.com.au/category/toys/toys-by-category/wooden-toys/252136#.plp-wrapper,Wooden Toys,https://www.kmart.com.au/category/toys/toys-by-category/wooden-toys/252136#.plp-wrapper,Wooden Music Table,https://www.kmart.com.au/product/wooden-music-table/2362820,https://www.kmart.com.au/wcsstore/Kmart/images/ncatalog/sz/5/42708445-1-sz.jpg,12.00,-,Not Rated,0,;,
0699ee61-60c1-46f8-bcc6-ddce0bd5ffc0,Toys,https://www.kmart.com.au/category/toys/toys-by-category/wooden-toys/252136#.plp-wrapper,Wooden Toys,https://www.kmart.com.au/category/toys/toys-by-category/wooden-toys/252136#.plp-wrapper,Wooden Treehouse,https://www.kmart.com.au/product/wooden-treehouse/2407310,https://www.kmart.com.au/wcsstore/Kmart/images/ncatalog/sz/3/42706113-1-sz.jpg,39.00,-,Not Rated,0,;,
5c164983-a29e-4b9a-99b4-bcae88502deb,Toys,https://www.kmart.com.au/category/toys/toys-by-category/wooden-toys/252136#.plp-wrapper,Wooden Toys,https://www.kmart.com.au/category/toys/toys-by-category/wooden-toys/252136#.plp-wrapper,Wooden Deluxe Kitchen,https://www.kmart.com.au/product/wooden-deluxe-kitchen/2288337,https://www.kmart.com.au/wcsstore/Kmart/images/ncatalog/sz/1/42602071-1-sz.jpg,99.00,-,Not Rated,0,;,
b10cee1d-2271-4d5a-a0d6-cf71dca6dffd,Toys,https://www.kmart.com.au/category/toys/toys-by-category/wooden-toys/252136#.plp-wrapper,Wooden Toys,https://www.kmart.com.au/category/toys/toys-by-category/wooden-toys/252136#.plp-wrapper,Wooden Animals Threading Set,https://www.kmart.com.au/product/wooden-animals-threading-set/2299343,https://www.kmart.com.au/wcsstore/Kmart/images/ncatalog/sz/7/42705277-1-sz.jpg,5.00,-,Not Rated,0,;,
340d8067-607e-4398-82be-48c6aa8682a0,Toys,https://www.kmart.com.au/category/toys/toys-by-category/wooden-toys/252136#.plp-wrapper,Wooden Toys,https://www.kmart.com.au/category/toys/toys-by-category/wooden-toys/252136#.plp-wrapper,Wooden Activity Station,https://www.kmart.com.au/product/wooden-activity-station/2299329,https://www.kmart.com.au/wcsstore/Kmart/images/ncatalog/sz/6/42682356-1-sz.jpg,49.00,-,Not Rated,0,;,
8c4e3b40-d539-4e1f-a882-b25b1d506976,Toys,https://www.kmart.com.au/category/toys/toys-by-category/wooden-toys/252136#.plp-wrapper,Wooden Toys,https://www.kmart.com.au/category/toys/toys-by-category/wooden-toys/252136#.plp-wrapper,Wooden School Bus Playset,https://www.kmart.com.au/product/wooden-school-bus-playset/2281336,https://www.kmart.com.au/wcsstore/Kmart/images/ncatalog/sz/7/42704737-1-sz.jpg,15.00,-,Not Rated,0,;,
b5060317-7f06-4a53-9b17-6c819fed6cc5,Toys,https://www.kmart.com.au/category/toys/toys-by-category/wooden-toys/252136#.plp-wrapper,Wooden Toys,https://www.kmart.com.au/category/toys/toys-by-category/wooden-toys/252136#.plp-wrapper,Wooden Bulldozer,https://www.kmart.com.au/product/wooden-bulldozer/2172307,https://www.kmart.com.au/wcsstore/Kmart/images/ncatalog/sz/2/42626312-1-sz.jpg,5.00,-,Not Rated,0,;,
5b1c762e-f0ab-4014-aed0-f38e6a767df6,Toys,https://www.kmart.com.au/category/toys/toys-by-category/wooden-toys/252136#.plp-wrapper,Wooden Toys,https://www.kmart.com.au/category/toys/toys-by-category/wooden-toys/252136#.plp-wrapper,Wooden Construction Set,https://www.kmart.com.au/product/wooden-construction-set/2172314,https://www.kmart.com.au/wcsstore/Kmart/images/ncatalog/sz/5/42628835-1-sz.jpg,13.00,-,Not Rated,0,;,
a8df2bac-1c6d-43be-8e45-6e57b210302c,Toys,https://www.kmart.com.au/category/toys/toys-by-category/wooden-toys/252136#.plp-wrapper,Wooden Toys,https://www.kmart.com.au/category/toys/toys-by-category/wooden-toys/252136#.plp-wrapper,Wooden Kitchen Playset,https://www.kmart.com.au/product/wooden-kitchen-playset/2127303,https://www.kmart.com.au/wcsstore/Kmart/images/ncatalog/sz/8/42604198-1-sz.jpg,49.00,-,Not Rated,0,;,
2686d778-ab34-4edb-9b05-bb88e1bf36b3,Toys,https://www.kmart.com.au/category/toys/toys-by-category/wooden-toys/252136#.plp-wrapper,Wooden Toys,https://www.kmart.com.au/category/toys/toys-by-category/wooden-toys/252136#.plp-wrapper,Wooden Beauty Kit Playset,https://www.kmart.com.au/product/wooden-beauty-kit-playset/2091307,https://www.kmart.com.au/wcsstore/Kmart/images/ncatalog/sz/2/42612162-1-sz.jpg,13.00,-,Not Rated,0,;,
8d3d8bc6-330a-405f-97eb-27d90e6c7b34,Toys,https://www.kmart.com.au/category/toys/toys-by-category/wooden-toys/252136#.plp-wrapper,Wooden Toys,https://www.kmart.com.au/category/toys/toys-by-category/wooden-toys/252136#.plp-wrapper,Wooden Doctor Kit,https://www.kmart.com.au/product/wooden-doctor-kit/2092805,https://www.kmart.com.au/wcsstore/Kmart/images/ncatalog/sz/4/42612124-1-sz.jpg,13.00,-,Not Rated,0,;,
8bc81671-b8f7-43ff-8a88-dbf0aa3cd597,Toys,https://www.kmart.com.au/category/toys/toys-by-category/wooden-toys/252136#.plp-wrapper,Wooden Toys,https://www.kmart.com.au/category/toys/toys-by-category/wooden-toys/252136#.plp-wrapper,Large Wooden Kitchen Playset,https://www.kmart.com.au/product/large-wooden-kitchen-playset/2063302,https://www.kmart.com.au/wcsstore/Kmart/images/ncatalog/sz/1/42604181-1-sz.jpg,89.00,-,Not Rated,0,;,
30f43068-aa3e-4dd0-88cb-619a6bc34ce6,Toys,https://www.kmart.com.au/category/toys/toys-by-category/wooden-toys/252136#.plp-wrapper,Wooden Toys,https://www.kmart.com.au/category/toys/toys-by-category/wooden-toys/252136#.plp-wrapper,Wooden BBQ Set,https://www.kmart.com.au/product/wooden-bbq-set/2051314,https://www.kmart.com.au/wcsstore/Kmart/images/ncatalog/sz/8/42611998-1-sz.jpg,39.00,-,Not Rated,0,;,
75512aa7-354e-4ee5-84a4-a0c3338524a8,Toys,https://www.kmart.com.au/category/toys/toys-by-category/wooden-toys/252136#.plp-wrapper,Wooden Toys,https://www.kmart.com.au/category/toys/toys-by-category/wooden-toys/252136#.plp-wrapper,Wooden Market Stall Playset,https://www.kmart.com.au/product/wooden-market-stall-playset/2063305,https://www.kmart.com.au/wcsstore/Kmart/images/ncatalog/sz/7/42632917-1-sz.jpg,69.00,-,Not Rated,0,;,
504f4c76-aaa6-47d1-aac5-92905fc2d6fe,Toys,https://www.kmart.com.au/category/toys/toys-by-category/wooden-toys/252136#.plp-wrapper,Wooden Toys,https://www.kmart.com.au/category/toys/toys-by-category/wooden-toys/252136#.plp-wrapper,Wooden Breakfast Puzzle,https://www.kmart.com.au/product/wooden-breakfast-puzzle/2059838,https://www.kmart.com.au/wcsstore/Kmart/images/ncatalog/sz/1/42625261-1-sz.jpg,8.50,-,Not Rated,0,;,
26df577a-74ff-47f2-be4d-41658842bb9d,Toys,https://www.kmart.com.au/category/toys/toys-by-category/wooden-toys/252136#.plp-wrapper,Wooden Toys,https://www.kmart.com.au/category/toys/toys-by-category/wooden-toys/252136#.plp-wrapper,Wooden Abacus,https://www.kmart.com.au/product/wooden-abacus/2059847,https://www.kmart.com.au/wcsstore/Kmart/images/ncatalog/sz/8/42626398-1-sz.jpg,10.00,-,Not Rated,0,;,
bd61cd6b-2c45-411c-9402-624b90dd9ca9,Toys,https://www.kmart.com.au/category/toys/toys-by-category/wooden-toys/252136#.plp-wrapper,Wooden Toys,https://www.kmart.com.au/category/toys/toys-by-category/wooden-toys/252136#.plp-wrapper,Wooden Shapes & Colours Puzzle,https://www.kmart.com.au/product/wooden-shapes--colours-puzzle/2059858,https://www.kmart.com.au/wcsstore/Kmart/images/ncatalog/sz/1/42628811-1-sz.jpg,8.50,-,Not Rated,0,;,
7c6d55c4-2731-4400-a452-8ebdf70bb7f5,Toys,https://www.kmart.com.au/category/toys/toys-by-category/wooden-toys/252136#.plp-wrapper,Wooden Toys,https://www.kmart.com.au/category/toys/toys-by-category/wooden-toys/252136#.plp-wrapper,Wooden Cottage Dollhouse,https://www.kmart.com.au/product/wooden-cottage-dollhouse/2092814,https://www.kmart.com.au/wcsstore/Kmart/images/ncatalog/sz/1/42623311-1-sz.jpg,59.00,-,Not Rated,0,;,
febe4136-ef36-4ad4-8020-5e21ce2c187f,Toys,https://www.kmart.com.au/category/toys/toys-by-category/wooden-toys/252136#.plp-wrapper,Wooden Toys,https://www.kmart.com.au/category/toys/toys-by-category/wooden-toys/252136#.plp-wrapper,Wooden Animal Croquet Playset,https://www.kmart.com.au/product/wooden-animal-croquet-playset/2110317,https://www.kmart.com.au/wcsstore/Kmart/images/ncatalog/sz/2/42623632-1-sz.jpg,10.00,-,Not Rated,0,;,
9aba000a-b66c-437b-ae5f-b7824ad96937,Toys,https://www.kmart.com.au/category/toys/toys-by-category/wooden-toys/252136#.plp-wrapper,Wooden Toys,https://www.kmart.com.au/category/toys/toys-by-category/wooden-toys/252136#.plp-wrapper,Wooden Police Car,https://www.kmart.com.au/product/wooden-police-car/2059846,https://www.kmart.com.au/wcsstore/Kmart/images/ncatalog/sz/3/42626473-1-sz.jpg,5.00,-,Not Rated,0,;,
a465277c-0211-43a0-986f-b088d989218c,Toys,https://www.kmart.com.au/category/toys/toys-by-category/wooden-toys/252136#.plp-wrapper,Wooden Toys,https://www.kmart.com.au/category/toys/toys-by-category/wooden-toys/252136#.plp-wrapper,Wooden Family Set,https://www.kmart.com.au/product/wooden-family-set/2059832,https://www.kmart.com.au/wcsstore/Kmart/images/ncatalog/sz/0/42615620-1-sz.jpg,9.00,-,Not Rated,0,;,
296728c8-adec-4ea7-94cd-f89a74d3e4c4,Toys,https://www.kmart.com.au/category/toys/toys-by-category/wooden-toys/252136#.plp-wrapper,Wooden Toys,https://www.kmart.com.au/category/toys/toys-by-category/wooden-toys/252136#.plp-wrapper,Wooden Fire Truck Toy,https://www.kmart.com.au/product/wooden-fire-truck-toy/1997907,https://www.kmart.com.au/wcsstore/Kmart/images/ncatalog/sz/2/42606512-1-sz.jpg,15.00,-,Not Rated,0,;,
09e97df7-1da3-4a35-a38e-5f0f2d1ae98a,Toys,https://www.kmart.com.au/category/toys/toys-by-category/wooden-toys/252136#.plp-wrapper,Wooden Toys,https://www.kmart.com.au/category/toys/toys-by-category/wooden-toys/252136#.plp-wrapper,Wooden Letter U,https://www.kmart.com.au/product/wooden-letter-u/1947848,https://www.kmart.com.au/wcsstore/Kmart/images/ncatalog/sz/5/42586005-1-sz.jpg,1.00											WAS 1.75,1.00											,Not Rated,0,;,
1bea36c6-de0d-40c3-9515-f6b981f4edb3,Toys,https://www.kmart.com.au/category/toys/toys-by-category/wooden-toys/252136#.plp-wrapper,Wooden Toys,https://www.kmart.com.au/category/toys/toys-by-category/wooden-toys/252136#.plp-wrapper,Wooden Letter D,https://www.kmart.com.au/product/wooden-letter-d/1947850,https://www.kmart.com.au/wcsstore/Kmart/images/ncatalog/sz/6/42585756-1-sz.jpg,1.00											WAS 1.75,1.00											,Not Rated,0,;,
e527d7f8-3f86-410b-94ad-3ec76389c536,Toys,https://www.kmart.com.au/category/toys/toys-by-category/wooden-toys/252136#.plp-wrapper,Wooden Toys,https://www.kmart.com.au/category/toys/toys-by-category/wooden-toys/252136#.plp-wrapper,Wooden Letter E,https://www.kmart.com.au/product/wooden-letter-e/1947852,https://www.kmart.com.au/wcsstore/Kmart/images/ncatalog/sz/3/42585763-1-sz.jpg,1.00											WAS 1.75,1.00											,Not Rated,0,;,
e6910da0-d234-4871-b987-b6a1d4785d64,Toys,https://www.kmart.com.au/category/toys/toys-by-category/wooden-toys/252136#.plp-wrapper,Wooden Toys,https://www.kmart.com.au/category/toys/toys-by-category/wooden-toys/252136#.plp-wrapper,Wooden Letter X,https://www.kmart.com.au/product/wooden-letter-x/1947853,https://www.kmart.com.au/wcsstore/Kmart/images/ncatalog/sz/6/42586036-1-sz.jpg,1.00											WAS 1.75,1.00											,Not Rated,0,;,
0d49c64a-6130-4a66-b0e5-40f80f9911fd,Toys,https://www.kmart.com.au/category/toys/toys-by-category/wooden-toys/252136#.plp-wrapper,Wooden Toys,https://www.kmart.com.au/category/toys/toys-by-category/wooden-toys/252136#.plp-wrapper,Wooden Letter F,https://www.kmart.com.au/product/wooden-letter-f/1947854,https://www.kmart.com.au/wcsstore/Kmart/images/ncatalog/sz/0/42585770-1-sz.jpg,1.00											WAS 1.75,1.00											,Not Rated,0,;,
fe1450e7-f7c7-42c8-99a2-773cd059e241,Toys,https://www.kmart.com.au/category/toys/toys-by-category/wooden-toys/252136#.plp-wrapper,Wooden Toys,https://www.kmart.com.au/category/toys/toys-by-category/wooden-toys/252136#.plp-wrapper,Wooden Letter G,https://www.kmart.com.au/product/wooden-letter-g/1947855,https://www.kmart.com.au/wcsstore/Kmart/images/ncatalog/sz/7/42585787-1-sz.jpg,1.00											WAS 1.75,1.00											,Not Rated,0,;,
bc0c283d-c2cf-4f94-92f8-9b1bf6137eae,Toys,https://www.kmart.com.au/category/toys/toys-by-category/wooden-toys/252136#.plp-wrapper,Wooden Toys,https://www.kmart.com.au/category/toys/toys-by-category/wooden-toys/252136#.plp-wrapper,Wooden Letter Y,https://www.kmart.com.au/product/wooden-letter-y/1947856,https://www.kmart.com.au/wcsstore/Kmart/images/ncatalog/sz/3/42586043-1-sz.jpg,1.00											WAS 1.75,1.00											,Not Rated,0,;,
1146900a-73e5-466d-ba39-bbcb9e156884,Toys,https://www.kmart.com.au/category/toys/toys-by-category/wooden-toys/252136#.plp-wrapper,Wooden Toys,https://www.kmart.com.au/category/toys/toys-by-category/wooden-toys/252136#.plp-wrapper,Wooden Letter P,https://www.kmart.com.au/product/wooden-letter-p/1947864,https://www.kmart.com.au/wcsstore/Kmart/images/ncatalog/sz/9/42585909-1-sz.jpg,1.00											WAS 1.75,1.00											,Not Rated,0,;,
09ef927a-df78-477b-ba12-fa9ee7e508b6,Toys,https://www.kmart.com.au/category/toys/toys-by-category/wooden-toys/252136#.plp-wrapper,Wooden Toys,https://www.kmart.com.au/category/toys/toys-by-category/wooden-toys/252136#.plp-wrapper,Wooden Letter A,https://www.kmart.com.au/product/wooden-letter-a/1947871,https://www.kmart.com.au/wcsstore/Kmart/images/ncatalog/sz/5/42585725-1-sz.jpg,1.00											WAS 1.75,1.00											,Not Rated,0,;,
1e916a3e-e335-436b-9c9b-d76b3f9a27c5,Toys,https://www.kmart.com.au/category/toys/toys-by-category/wooden-toys/252136#.plp-wrapper,Wooden Toys,https://www.kmart.com.au/category/toys/toys-by-category/wooden-toys/252136#.plp-wrapper,Wooden Letter B,https://www.kmart.com.au/product/wooden-letter-b/1947872,https://www.kmart.com.au/wcsstore/Kmart/images/ncatalog/sz/2/42585732-1-sz.jpg,1.00											WAS 1.75,1.00											,Not Rated,0,;,
b229409c-9aa2-4056-8f28-e8b430de0edc,Toys,https://www.kmart.com.au/category/toys/toys-by-category/wooden-toys/252136#.plp-wrapper,Wooden Toys,https://www.kmart.com.au/category/toys/toys-by-category/wooden-toys/252136#.plp-wrapper,Wooden Tambourine Toy - Assorted,https://www.kmart.com.au/product/wooden-tambourine-toy---assorted/1947825,https://www.kmart.com.au/wcsstore/Kmart/images/ncatalog/sz/3/42563723-1-sz.jpg,5.00						 ea,-,Not Rated,0,;,
e6a9cd3d-f8ab-4181-a4a7-84fba1a51088,Toys,https://www.kmart.com.au/category/toys/toys-by-category/wooden-toys/252136#.plp-wrapper,Wooden Toys,https://www.kmart.com.au/category/toys/toys-by-category/wooden-toys/252136#.plp-wrapper,Wooden Xylophone,https://www.kmart.com.au/product/wooden-xylophone/1933833,https://www.kmart.com.au/wcsstore/Kmart/images/ncatalog/sz/5/42565635-1-sz.jpg,5.00,-,Not Rated,0,;,
3f6e9cb4-8331-4a00-aff3-29c012deece6,Toys,https://www.kmart.com.au/category/toys/toys-by-category/wooden-toys/252136#.plp-wrapper,Wooden Toys,https://www.kmart.com.au/category/toys/toys-by-category/wooden-toys/252136#.plp-wrapper,Wooden Pots And Pans Set,https://www.kmart.com.au/product/wooden-pots-and-pans-set/1909831,https://www.kmart.com.au/wcsstore/Kmart/images/ncatalog/sz/9/42566069-1-sz.jpg,13.00,-,Not Rated,0,;,
c5684ddb-3c43-4fa3-861b-bab15c126f3e,Toys,https://www.kmart.com.au/category/toys/toys-by-category/wooden-toys/252136#.plp-wrapper,Wooden Toys,https://www.kmart.com.au/category/toys/toys-by-category/wooden-toys/252136#.plp-wrapper,Wooden Salad Set,https://www.kmart.com.au/product/wooden-salad-set/1906810,https://www.kmart.com.au/wcsstore/Kmart/images/ncatalog/sz/1/42555711-1-sz.jpg,9.00,-,Not Rated,0,;,
1395817b-09d2-40ef-b34b-65d332c50d48,Toys,https://www.kmart.com.au/category/toys/toys-by-category/wooden-toys/252136#.plp-wrapper,Wooden Toys,https://www.kmart.com.au/category/toys/toys-by-category/wooden-toys/252136#.plp-wrapper,Wooden Egg Pack,https://www.kmart.com.au/product/wooden-egg-pack/1906809,https://www.kmart.com.au/wcsstore/Kmart/images/ncatalog/sz/4/42555704-1-sz.jpg,5.00,-,Not Rated,0,;,
4c75ec66-97f1-4895-b8e1-4f157facd8d8,Toys,https://www.kmart.com.au/category/toys/toys-by-category/wooden-toys/252136#.plp-wrapper,Wooden Toys,https://www.kmart.com.au/category/toys/toys-by-category/wooden-toys/252136#.plp-wrapper,Wooden Memory Match,https://www.kmart.com.au/product/wooden-memory-match/1906823,https://www.kmart.com.au/wcsstore/Kmart/images/ncatalog/sz/2/42563822-1-sz.jpg,10.00,-,Not Rated,0,;,
f6776306-0fd0-47c6-9793-3fe0e6c89233,Toys,https://www.kmart.com.au/category/toys/toys-by-category/wooden-toys/252136#.plp-wrapper,Wooden Toys,https://www.kmart.com.au/category/toys/toys-by-category/wooden-toys/252136#.plp-wrapper,Wooden Family Book,https://www.kmart.com.au/product/wooden-family-book/1906820,https://www.kmart.com.au/wcsstore/Kmart/images/ncatalog/sz/0/42563730-1-sz.jpg,3.75,-,Not Rated,0,;,
7f02cff2-b6d2-4fe1-af87-4048dda1fddb,Toys,https://www.kmart.com.au/category/toys/toys-by-category/wooden-toys/252136#.plp-wrapper,Wooden Toys,https://www.kmart.com.au/category/toys/toys-by-category/wooden-toys/252136#.plp-wrapper,Wooden Dinosaurs Book,https://www.kmart.com.au/product/wooden-dinosaurs-book/1906822,https://www.kmart.com.au/wcsstore/Kmart/images/ncatalog/sz/4/42563754-1-sz.jpg,3.75,-,Not Rated,0,;,
65f3ef89-d569-4c5d-b551-b3df7285cbc6,Toys,https://www.kmart.com.au/category/toys/toys-by-category/wooden-toys/252136#.plp-wrapper,Wooden Toys,https://www.kmart.com.au/category/toys/toys-by-category/wooden-toys/252136#.plp-wrapper,Wooden Jigsaw Puzzle - Assorted,https://www.kmart.com.au/product/wooden-jigsaw-puzzle---assorted/1908393,https://www.kmart.com.au/wcsstore/Kmart/images/ncatalog/sz/0/42563860-1-sz.jpg,1.00						 ea,-,Not Rated,0,;,
168add09-79a9-4716-aec5-17e263e5a581,Toys,https://www.kmart.com.au/category/toys/toys-by-category/wooden-toys/252136#.plp-wrapper,Wooden Toys,https://www.kmart.com.au/category/toys/toys-by-category/wooden-toys/252136#.plp-wrapper,Wooden Toy Toaster,https://www.kmart.com.au/product/wooden-toy-toaster/1766308,https://www.kmart.com.au/wcsstore/Kmart/images/ncatalog/sz/9/42475279-1-sz.jpg,12.00,-,Not Rated,0,;,
8b67847a-3f39-44fa-8f69-41ce79099250,Toys,https://www.kmart.com.au/category/toys/toys-by-category/wooden-toys/252136#.plp-wrapper,Wooden Toys,https://www.kmart.com.au/category/toys/toys-by-category/wooden-toys/252136#.plp-wrapper,Wooden Tea Set,https://www.kmart.com.au/product/wooden-tea-set/1754302,https://www.kmart.com.au/wcsstore/Kmart/images/ncatalog/sz/7/42478997-1-sz.jpg,15.00,-,Not Rated,0,;,
dbb6428e-695b-4da1-951a-0b6a25f17dcd,Toys,https://www.kmart.com.au/category/toys/toys-by-category/wooden-toys/252136#.plp-wrapper,Wooden Toys,https://www.kmart.com.au/category/toys/toys-by-category/wooden-toys/252136#.plp-wrapper,Learn the Alphabet Chunky Wooden Puzzle,https://www.kmart.com.au/product/learn-the-alphabet-chunky-wooden-puzzle/1675812,https://www.kmart.com.au/wcsstore/Kmart/images/ncatalog/sz/0/42519140-1-sz.jpg,8.50,-,Not Rated,0,;,
8feb8955-d648-4f77-bca4-5aad33fd57cc,Toys,https://www.kmart.com.au/category/toys/toys-by-category/wooden-toys/252136#.plp-wrapper,Wooden Toys,https://www.kmart.com.au/category/toys/toys-by-category/wooden-toys/252136#.plp-wrapper,Hide & Seek Wooden Puzzle - Assorted,https://www.kmart.com.au/product/hide--seek-wooden-puzzle---assorted/1687811,https://www.kmart.com.au/wcsstore/Kmart/images/ncatalog/sz/2/42487722-1-sz.jpg,4.00						 ea,-,Not Rated,0,;Out of stock online,
2555e867-94c5-412a-ab18-1dde9dc54bdc,Toys,https://www.kmart.com.au/category/toys/toys-by-category/wooden-toys/252136#.plp-wrapper,Wooden Toys,https://www.kmart.com.au/category/toys/toys-by-category/wooden-toys/252136#.plp-wrapper,My First Wooden Train - Assorted,https://www.kmart.com.au/product/my-first-wooden-train---assorted/1454809,https://www.kmart.com.au/wcsstore/Kmart/images/ncatalog/sz/6/42500636-1-sz.jpg,5.00						 ea,-,Not Rated,0,;,
5dbae4f8-1862-4337-85d0-6b9acbcc2b2b,Toys,https://www.kmart.com.au/category/toys/toys-by-category/wooden-toys/252136#.plp-wrapper,Wooden Toys,https://www.kmart.com.au/category/toys/toys-by-category/wooden-toys/252136#.plp-wrapper,On The Farm Wooden Train Set,https://www.kmart.com.au/product/on-the-farm-wooden-train-set/1625840,https://www.kmart.com.au/wcsstore/Kmart/images/ncatalog/sz/6/42487906-1-sz.jpg,25.00,-,Not Rated,0,;,
be0e6114-5245-4650-bc4f-a86c5acfed5b,Toys,https://www.kmart.com.au/category/toys/toys-by-category/wooden-toys/252136#.plp-wrapper,Wooden Toys,https://www.kmart.com.au/category/toys/toys-by-category/wooden-toys/252136#.plp-wrapper,Wooden Cake Set,https://www.kmart.com.au/product/wooden-cake-set/1434313,https://www.kmart.com.au/wcsstore/Kmart/images/ncatalog/sz/9/42478959-1-sz.jpg,9.00,-,Not Rated,0,;,
81a49e93-1d2c-4df8-b99a-1c5d15e0fb9a,Toys,https://www.kmart.com.au/category/toys/toys-by-category/wooden-toys/252136#.plp-wrapper,Wooden Toys,https://www.kmart.com.au/category/toys/toys-by-category/wooden-toys/252136#.plp-wrapper,Wooden Rainbow,https://www.kmart.com.au/product/wooden-rainbow/1253302,https://www.kmart.com.au/wcsstore/Kmart/images/ncatalog/sz/1/42412151-1-sz.jpg,10.00,-,Not Rated,0,;,
21f1f078-b804-4415-aa45-141374294532,Toys,https://www.kmart.com.au/category/toys/toys-by-category/wooden-toys/252136#.plp-wrapper,Wooden Toys,https://www.kmart.com.au/category/toys/toys-by-category/wooden-toys/252136#.plp-wrapper,Wooden Garage,https://www.kmart.com.au/product/wooden-garage/1253325,https://www.kmart.com.au/wcsstore/Kmart/images/ncatalog/sz/4/42429104-1-sz.jpg,29.00,-,Not Rated,0,;,
8655191e-e714-4c95-98f4-3ba70c61e19a,Toys,https://www.kmart.com.au/category/toys/toys-by-category/wooden-toys/252136#.plp-wrapper,Wooden Toys,https://www.kmart.com.au/category/toys/toys-by-category/wooden-toys/252136#.plp-wrapper,Wooden Ice Cream Set,https://www.kmart.com.au/product/wooden-ice-cream-set/1192316,https://www.kmart.com.au/wcsstore/Kmart/images/ncatalog/sz/2/42438632-1-sz.jpg,9.00,-,Not Rated,0,;,
2fb8aab7-4dcd-43de-84e9-e62b2ffbfe28,Toys,https://www.kmart.com.au/category/toys/toys-by-category/wooden-toys/252136#.plp-wrapper,Wooden Toys,https://www.kmart.com.au/category/toys/toys-by-category/wooden-toys/252136#.plp-wrapper,5 Pack Wood Puzzles - Assorted,https://www.kmart.com.au/product/5-pack-wood-puzzles---assorted/1068306,https://www.kmart.com.au/wcsstore/Kmart/images/ncatalog/sz/6/42332176-1-sz.jpg,10.00						 ea,-,Not Rated,0,;,
495fc62a-ae62-4243-b037-d7de0a6b90a3,Toys,https://www.kmart.com.au/category/toys/toys-by-category/wooden-toys/252136#.plp-wrapper,Wooden Toys,https://www.kmart.com.au/category/toys/toys-by-category/wooden-toys/252136#.plp-wrapper,Wooden Clock And Puzzle,https://www.kmart.com.au/product/wooden-clock-and-puzzle/990301,https://www.kmart.com.au/wcsstore/Kmart/images/ncatalog/sz/4/42256564-1-sz.jpg,5.00,-,Not Rated,0,;,
658d693c-8e18-4342-aea3-b6136d4dd979,Toys,https://www.kmart.com.au/category/toys/toys-by-category/wooden-toys/252136#.plp-wrapper,Wooden Toys,https://www.kmart.com.au/category/toys/toys-by-category/wooden-toys/252136#.plp-wrapper,Wooden Magnetic Animals - Pack of 20,https://www.kmart.com.au/product/wooden-magnetic-animals---pack-of-20/895807,https://www.kmart.com.au/wcsstore/Kmart/images/ncatalog/sz/3/42325543-1-sz.jpg,5.00,-,Not Rated,0,;,
5729f238-9cda-48d3-85d4-30fa2980ef92,Toys,https://www.kmart.com.au/category/toys/toys-by-category/wooden-toys/252136#.plp-wrapper,Wooden Toys,https://www.kmart.com.au/category/toys/toys-by-category/wooden-toys/252136#.plp-wrapper,Wooden Pre-Cut Play Food,https://www.kmart.com.au/product/wooden-pre-cut-play-food/806819,https://www.kmart.com.au/wcsstore/Kmart/images/ncatalog/sz/1/42259671-1-sz.jpg,9.00,-,Not Rated,0,;,
ad57fc55-34ec-4c95-90bc-97706e598b17,Toys,https://www.kmart.com.au/category/toys/toys-by-category/wooden-toys/252136#.plp-wrapper,Wooden Toys,https://www.kmart.com.au/category/toys/toys-by-category/wooden-toys/252136#.plp-wrapper,Pull-Along Wagon with Learning Blocks,https://www.kmart.com.au/product/pull-along-wagon-with-learning-blocks/781883,https://www.kmart.com.au/wcsstore/Kmart/images/ncatalog/sz/7/42249207-1-sz.jpg,15.00,-,Not Rated,0,;,
5c82e87d-8fe3-4a77-afd1-1b4a64b8dcc2,Toys,https://www.kmart.com.au/category/toys/toys-by-category/wooden-toys/252136#.plp-wrapper,Wooden Toys,https://www.kmart.com.au/category/toys/toys-by-category/wooden-toys/252136#.plp-wrapper,3-in-1 Blackboard and Magnetic Whiteboard,https://www.kmart.com.au/product/3-in-1-blackboard-and-magnetic-whiteboard/781885,https://www.kmart.com.au/wcsstore/Kmart/images/ncatalog/sz/4/42249214-1-sz.jpg,10.00,-,Not Rated,0,;,
8fc37269-0699-44e9-a3cc-c9cfd0dc9879,Toys,https://www.kmart.com.au/category/toys/toys-by-category/wooden-toys/252136#.plp-wrapper,Wooden Toys,https://www.kmart.com.au/category/toys/toys-by-category/wooden-toys/252136#.plp-wrapper,My Numbers and Letters Wooden Magnetic Set,https://www.kmart.com.au/product/my-numbers-and-letters-wooden-magnetic-set/764823,https://www.kmart.com.au/wcsstore/Kmart/images/ncatalog/sz/3/42159643-1-sz.jpg,5.00,-,Not Rated,0,;,
fcdea574-8385-4714-93a4-be99cb672740,Toys,https://www.kmart.com.au/category/toys/toys-by-category/wooden-toys/252136#.plp-wrapper,Wooden Toys,https://www.kmart.com.au/category/toys/toys-by-category/wooden-toys/252136#.plp-wrapper,Wooden Fire Truck,https://www.kmart.com.au/product/wooden-fire-truck/742843,https://www.kmart.com.au/wcsstore/Kmart/images/ncatalog/sz/3/42247913-1-sz.jpg,5.00,-,Not Rated,0,;,
64a56503-21b2-4a9e-8178-cccd9e9f63f7,Toys,https://www.kmart.com.au/category/toys/toys-by-category/wooden-toys/252136#.plp-wrapper,Wooden Toys,https://www.kmart.com.au/category/toys/toys-by-category/wooden-toys/252136#.plp-wrapper,Fishing Set,https://www.kmart.com.au/product/fishing-set/742847,https://www.kmart.com.au/wcsstore/Kmart/images/ncatalog/sz/4/42247944-1-sz.jpg,5.00,-,Not Rated,0,;,
bec7de97-2450-4b95-ab64-45f361573935,Toys,https://www.kmart.com.au/category/toys/toys-by-category/wooden-toys/252136#.plp-wrapper,Wooden Toys,https://www.kmart.com.au/category/toys/toys-by-category/wooden-toys/252136#.plp-wrapper,Magnetic Dress Up Set,https://www.kmart.com.au/product/magnetic-dress-up-set/723159,https://www.kmart.com.au/wcsstore/Kmart/images/ncatalog/sz/1/42159681-1-sz.jpg,10.00,-,Not Rated,0,;,
f012a064-a939-4b1f-a034-f165789b53b8,Toys,https://www.kmart.com.au/category/toys/toys-by-category/wooden-toys/252136#.plp-wrapper,Wooden Toys,https://www.kmart.com.au/category/toys/toys-by-category/wooden-toys/252136#.plp-wrapper,Figure 8 Train Set,https://www.kmart.com.au/product/figure-8-train-set/723165,https://www.kmart.com.au/wcsstore/Kmart/images/ncatalog/sz/9/42159759-1-sz.jpg,10.00,-,Not Rated,0,;,
8ca84d63-cd7d-42d6-97bc-30bac5f85dfe,Toys,https://www.kmart.com.au/category/toys/toys-by-category/wooden-toys/252136#.plp-wrapper,Wooden Toys,https://www.kmart.com.au/category/toys/toys-by-category/wooden-toys/252136#.plp-wrapper,Wooden Toys Giant Floor Puzzle,https://www.kmart.com.au/product/wooden-toys-giant-floor-puzzle/604311,https://www.kmart.com.au/wcsstore/Kmart/images/ncatalog/sz/7/42110057-1-sz.jpg,10.00,-,Not Rated,0,;,
1c866c83-b8a8-4be0-ab96-3776a5152166,Toys,https://www.kmart.com.au/category/toys/toys-by-category/wooden-toys/252136#.plp-wrapper,Wooden Toys,https://www.kmart.com.au/category/toys/toys-by-category/wooden-toys/252136#.plp-wrapper,Wooden Alphabet Peg Puzzle,https://www.kmart.com.au/product/wooden-alphabet-peg-puzzle/557801,https://www.kmart.com.au/wcsstore/Kmart/images/ncatalog/sz/2/42110002-1-sz.jpg,2.50,-,Not Rated,0,;,
4b2ad36b-d9b7-4d8c-ac64-1b005739b069,Toys,https://www.kmart.com.au/category/toys/toys-by-category/wooden-toys/252136#.plp-wrapper,Wooden Toys,https://www.kmart.com.au/category/toys/toys-by-category/wooden-toys/252136#.plp-wrapper,Wooden Number Peg Puzzle - Assorted,https://www.kmart.com.au/product/wooden-number-peg-puzzle---assorted/557803,https://www.kmart.com.au/wcsstore/Kmart/images/ncatalog/sz/6/42110026-1-sz.jpg,2.50						 ea,-,Not Rated,0,;,
