d796d65b-0585-476d-8092-4cb3729bc4eb,Toys,https://www.kmart.com.au/category/toys/brands/trolls/503503#.plp-wrapper,Trolls,https://www.kmart.com.au/category/toys/brands/trolls/503503#.plp-wrapper,DreamWorks Trolls World Tour Pez Candy Dispenser 17g - Assorted,https://www.kmart.com.au/product/dreamworks-trolls-world-tour-pez-candy-dispenser-17g---assorted/3169806,https://www.kmart.com.au/wcsstore/Kmart/images/ncatalog/sz/2/42946762-1-sz.jpg,2.50						 ea,-,Not Rated,0,Just Landed ; ,
63d42afb-b71c-460f-9636-20e6f431f6c1,Toys,https://www.kmart.com.au/category/toys/brands/trolls/503503#.plp-wrapper,Trolls,https://www.kmart.com.au/category/toys/brands/trolls/503503#.plp-wrapper,Trolls: World Tour Movie Storybook,https://www.kmart.com.au/product/trolls:-world-tour-movie-storybook/3139349,https://www.kmart.com.au/wcsstore/Kmart/images/ncatalog/sz/6/42957546-1-sz.jpg,8.00,-,Not Rated,0,Just Landed ; ,
41b831f5-94ff-4da0-8e32-7abd5917f8ec,Toys,https://www.kmart.com.au/category/toys/brands/trolls/503503#.plp-wrapper,Trolls,https://www.kmart.com.au/category/toys/brands/trolls/503503#.plp-wrapper,Trolls: Worl Tour Giant Activity Pad,https://www.kmart.com.au/product/trolls:-worl-tour-giant-activity-pad/3139350,https://www.kmart.com.au/wcsstore/Kmart/images/ncatalog/sz/0/42957560-1-sz.jpg,5.00,-,Not Rated,0,Just Landed ; ,
99360286-9ada-4692-ae1d-276621c37d0f,Toys,https://www.kmart.com.au/category/toys/brands/trolls/503503#.plp-wrapper,Trolls,https://www.kmart.com.au/category/toys/brands/trolls/503503#.plp-wrapper,DreamWorks Trolls World Tour Pop-Ups Lollipop 10g - Assorted,https://www.kmart.com.au/product/dreamworks-trolls-world-tour-pop-ups-lollipop-10g---assorted/3119311,https://www.kmart.com.au/wcsstore/Kmart/images/ncatalog/sz/7/42904137-1-sz.jpg,2.00						 ea,-,Not Rated,0,;,
41c56793-0b8e-4952-8ab6-49b1a0761c9a,Toys,https://www.kmart.com.au/category/toys/brands/trolls/503503#.plp-wrapper,Trolls,https://www.kmart.com.au/category/toys/brands/trolls/503503#.plp-wrapper,DreamWorks Trolls World Tour Milk Chocolate Treats 90g,https://www.kmart.com.au/product/dreamworks-trolls-world-tour-milk-chocolate-treats-90g/3120810,https://www.kmart.com.au/wcsstore/Kmart/images/ncatalog/sz/7/42907107-1-sz.jpg,2.00,-,Not Rated,0,;,
0c59751a-3ff0-4f66-8eca-0ddce1d84633,Toys,https://www.kmart.com.au/category/toys/brands/trolls/503503#.plp-wrapper,Trolls,https://www.kmart.com.au/category/toys/brands/trolls/503503#.plp-wrapper,Trolls World Tour Collectable Puzzle Container 10g - Assorted,https://www.kmart.com.au/product/trolls-world-tour-collectable-puzzle-container-10g---assorted/3102346,https://www.kmart.com.au/wcsstore/Kmart/images/ncatalog/sz/4/42907114-1-sz.jpg,3.00						 ea,-,Not Rated,0,;,
a44bd74a-4361-44af-8c97-9048049e6b50,Toys,https://www.kmart.com.au/category/toys/brands/trolls/503503#.plp-wrapper,Trolls,https://www.kmart.com.au/category/toys/brands/trolls/503503#.plp-wrapper,Trolls: Meet the Trolls! Play-a-Sound - Book,https://www.kmart.com.au/product/trolls:-meet-the-trolls!-play-a-sound---book/3135321,https://www.kmart.com.au/wcsstore/Kmart/images/ncatalog/sz/1/42917151-1-sz.jpg,15.00,-,Not Rated,0,;,
dc5f3aaa-6751-48ad-887b-ff1f7df4d457,Toys,https://www.kmart.com.au/category/toys/brands/trolls/503503#.plp-wrapper,Trolls,https://www.kmart.com.au/category/toys/brands/trolls/503503#.plp-wrapper,DreamWorks Trolls World Tour Secret Diary and Keepsake Tray Set,https://www.kmart.com.au/product/dreamworks-trolls-world-tour-secret-diary-and-keepsake-tray-set/2992309,https://www.kmart.com.au/wcsstore/Kmart/images/ncatalog/sz/7/42895497-1-sz.jpg,19.00,-,Not Rated,0,;,
258717da-4959-4ada-aad6-f3e8453129f9,Toys,https://www.kmart.com.au/category/toys/brands/trolls/503503#.plp-wrapper,Trolls,https://www.kmart.com.au/category/toys/brands/trolls/503503#.plp-wrapper,DreamWorks Trolls World Tour 2 Pack Paint Your Own Troll Set,https://www.kmart.com.au/product/dreamworks-trolls-world-tour-2-pack-paint-your-own-troll-set/3027343,https://www.kmart.com.au/wcsstore/Kmart/images/ncatalog/sz/3/42895503-1-sz.jpg,15.00,-,Not Rated,0,;,
504bae7c-09ae-414e-a2d0-4a87aaf1a6c5,Toys,https://www.kmart.com.au/category/toys/brands/trolls/503503#.plp-wrapper,Trolls,https://www.kmart.com.au/category/toys/brands/trolls/503503#.plp-wrapper,DreamWorks Trolls World Tour Scratch Art Pad,https://www.kmart.com.au/product/dreamworks-trolls-world-tour-scratch-art-pad/2990310,https://www.kmart.com.au/wcsstore/Kmart/images/ncatalog/sz/3/42895473-1-sz.jpg,6.00,-,Not Rated,0,;,
08dddcec-f23f-4b9f-89a1-907aa036450d,Toys,https://www.kmart.com.au/category/toys/brands/trolls/503503#.plp-wrapper,Trolls,https://www.kmart.com.au/category/toys/brands/trolls/503503#.plp-wrapper,DreamWorks Trolls World Tour Water Art Activity Set,https://www.kmart.com.au/product/dreamworks-trolls-world-tour-water-art-activity-set/2990311,https://www.kmart.com.au/wcsstore/Kmart/images/ncatalog/sz/0/42895480-1-sz.jpg,6.00,-,Not Rated,0,;,
663823ad-52bb-436b-8022-dac26ebc87cc,Toys,https://www.kmart.com.au/category/toys/brands/trolls/503503#.plp-wrapper,Trolls,https://www.kmart.com.au/category/toys/brands/trolls/503503#.plp-wrapper,Dreamworks Trolls 2 Tiny Dancer Friend Pack,https://www.kmart.com.au/product/dreamworks-trolls-2-tiny-dancer-friend-pack/2886925,https://www.kmart.com.au/wcsstore/Kmart/images/ncatalog/sz/7/42871897-1-sz.jpg,7.00											WAS 13,7.00											,Not Rated,0,;,
7e101f77-1ce0-4e75-8faa-3118923f956b,Toys,https://www.kmart.com.au/category/toys/brands/trolls/503503#.plp-wrapper,Trolls,https://www.kmart.com.au/category/toys/brands/trolls/503503#.plp-wrapper,DreamWorks Trolls World Tour Keepsake Tin - Assorted,https://www.kmart.com.au/product/dreamworks-trolls-world-tour-keepsake-tin---assorted/3014824,https://www.kmart.com.au/wcsstore/Kmart/images/ncatalog/sz/6/42906926-1-sz.jpg,3.50						 ea,-,Not Rated,0,;,
430e5d77-add5-44bc-89ac-e59b4e5e83f3,Toys,https://www.kmart.com.au/category/toys/brands/trolls/503503#.plp-wrapper,Trolls,https://www.kmart.com.au/category/toys/brands/trolls/503503#.plp-wrapper,DreamWorks Trolls Poppy Costume - Ages 4-6,https://www.kmart.com.au/product/dreamworks-trolls-poppy-costume---ages-4-6/2892838,https://www.kmart.com.au/wcsstore/Kmart/images/ncatalog/sz/8/42869238-1-sz.jpg,20.00,-,Not Rated,0,;,
8f305516-9bf3-4571-9280-cb4e88a16051,Toys,https://www.kmart.com.au/category/toys/brands/trolls/503503#.plp-wrapper,Trolls,https://www.kmart.com.au/category/toys/brands/trolls/503503#.plp-wrapper,Dreamworks Trolls World Tour Bath Fizzer 100g - Assorted,https://www.kmart.com.au/product/dreamworks-trolls-world-tour-bath-fizzer-100g---assorted/2904804,https://www.kmart.com.au/wcsstore/Kmart/images/ncatalog/sz/6/42872436-1-sz.jpg,3.00						 ea,-,Not Rated,0,;,
af4c9d28-af3a-43dc-a765-333170b4369d,Toys,https://www.kmart.com.au/category/toys/brands/trolls/503503#.plp-wrapper,Trolls,https://www.kmart.com.au/category/toys/brands/trolls/503503#.plp-wrapper,Dreamworks Trolls World Tour Mini Makeup Backpack,https://www.kmart.com.au/product/dreamworks-trolls-world-tour-mini-makeup-backpack/2904805,https://www.kmart.com.au/wcsstore/Kmart/images/ncatalog/sz/3/42872443-1-sz.jpg,10.00,-,Not Rated,0,;,
9bab6e34-9e7e-43cf-9b07-aab2c354b563,Toys,https://www.kmart.com.au/category/toys/brands/trolls/503503#.plp-wrapper,Trolls,https://www.kmart.com.au/category/toys/brands/trolls/503503#.plp-wrapper,3 Pack Dreamworks Trolls World Tour Purse Set,https://www.kmart.com.au/product/3-pack-dreamworks-trolls-world-tour-purse-set/2904806,https://www.kmart.com.au/wcsstore/Kmart/images/ncatalog/sz/0/42872450-1-sz.jpg,6.00											WAS 9,6.00											,Not Rated,0,;,
120f5ac1-7fec-4938-b95e-f8e9e471d72c,Toys,https://www.kmart.com.au/category/toys/brands/trolls/503503#.plp-wrapper,Trolls,https://www.kmart.com.au/category/toys/brands/trolls/503503#.plp-wrapper,LEGO Trolls Poppy's Hot Air Balloon Adventure - 41252,https://www.kmart.com.au/product/lego-trolls-poppys-hot-air-balloon-adventure---41252/2894801,https://www.kmart.com.au/wcsstore/Kmart/images/ncatalog/sz/7/42858867-1-sz.jpg,45.00,-,Not Rated,0,;,
29fa18a4-2225-47b3-b008-ecf9ef1bbb4c,Toys,https://www.kmart.com.au/category/toys/brands/trolls/503503#.plp-wrapper,Trolls,https://www.kmart.com.au/category/toys/brands/trolls/503503#.plp-wrapper,LEGO Trolls Poppy's Pod - 41251,https://www.kmart.com.au/product/lego-trolls-poppys-pod---41251/2894803,https://www.kmart.com.au/wcsstore/Kmart/images/ncatalog/sz/9/42858829-1-sz.jpg,25.00,-,Not Rated,0,;,
3ebea224-072b-45a0-a797-6f993da5c697,Toys,https://www.kmart.com.au/category/toys/brands/trolls/503503#.plp-wrapper,Trolls,https://www.kmart.com.au/category/toys/brands/trolls/503503#.plp-wrapper,LEGO Trolls Volcano Rock City Concert - 41254,https://www.kmart.com.au/product/lego-trolls-volcano-rock-city-concert---41254/2894806,https://www.kmart.com.au/wcsstore/Kmart/images/ncatalog/sz/8/42858928-1-sz.jpg,45.00,-,Not Rated,0,;,
24e632d2-d457-4970-beae-ab4c487ec1ec,Toys,https://www.kmart.com.au/category/toys/brands/trolls/503503#.plp-wrapper,Trolls,https://www.kmart.com.au/category/toys/brands/trolls/503503#.plp-wrapper,LEGO Trolls Pop Village Celebration - 41255,https://www.kmart.com.au/product/lego-trolls-pop-village-celebration---41255/2894802,https://www.kmart.com.au/wcsstore/Kmart/images/ncatalog/sz/1/42858881-1-sz.jpg,69.00,-,Not Rated,0,;,
47a516be-b9f3-4a98-8175-c6daf105028e,Toys,https://www.kmart.com.au/category/toys/brands/trolls/503503#.plp-wrapper,Trolls,https://www.kmart.com.au/category/toys/brands/trolls/503503#.plp-wrapper,LEGO Trolls Lonesome Flats Raft Adventure - 41253,https://www.kmart.com.au/product/lego-trolls-lonesome-flats-raft-adventure---41253/2894804,https://www.kmart.com.au/wcsstore/Kmart/images/ncatalog/sz/6/42858836-1-sz.jpg,39.00,-,Not Rated,0,;,
99128df5-c848-4734-b476-0176da236b7a,Toys,https://www.kmart.com.au/category/toys/brands/trolls/503503#.plp-wrapper,Trolls,https://www.kmart.com.au/category/toys/brands/trolls/503503#.plp-wrapper,LEGO Trolls Techno Reef Dance Party - 41250,https://www.kmart.com.au/product/lego-trolls-techno-reef-dance-party---41250/2894805,https://www.kmart.com.au/wcsstore/Kmart/images/ncatalog/sz/8/42858898-1-sz.jpg,25.00,-,Not Rated,0,;,
6bcddf5c-4bfa-4ea3-9571-6c7cd855e9c7,Toys,https://www.kmart.com.au/category/toys/brands/trolls/503503#.plp-wrapper,Trolls,https://www.kmart.com.au/category/toys/brands/trolls/503503#.plp-wrapper,Trolls 2 Toddler Poppy Doll Set,https://www.kmart.com.au/product/trolls-2-toddler-poppy-doll-set/2886930,https://www.kmart.com.au/wcsstore/Kmart/images/ncatalog/sz/1/42872511-1-sz.jpg,29.00,-,Not Rated,0,;,
2a64abb3-c38c-42a6-b945-b3806d3ff313,Toys,https://www.kmart.com.au/category/toys/brands/trolls/503503#.plp-wrapper,Trolls,https://www.kmart.com.au/category/toys/brands/trolls/503503#.plp-wrapper,DreamWorks Trolls World Tour Poppy Styling Head Playset,https://www.kmart.com.au/product/dreamworks-trolls-world-tour-poppy-styling-head-playset/2891301,https://www.kmart.com.au/wcsstore/Kmart/images/ncatalog/sz/5/42871095-1-sz.jpg,29.00											WAS 39,29.00											,Not Rated,0,;,
1888cd10-0d18-4a02-a8dc-6b12ff3cad81,Toys,https://www.kmart.com.au/category/toys/brands/trolls/503503#.plp-wrapper,Trolls,https://www.kmart.com.au/category/toys/brands/trolls/503503#.plp-wrapper,Trolls World Tour Poppy's Musical Microphone,https://www.kmart.com.au/product/trolls-world-tour-poppys-musical-microphone/2891303,https://www.kmart.com.au/wcsstore/Kmart/images/ncatalog/sz/8/42871118-1-sz.jpg,10.00,-,Not Rated,0,;,
f03e0367-a93b-4f9d-899c-a5153bdbf82e,Toys,https://www.kmart.com.au/category/toys/brands/trolls/503503#.plp-wrapper,Trolls,https://www.kmart.com.au/category/toys/brands/trolls/503503#.plp-wrapper,DreamWorks Trolls Glam Satin Fashion Doll - Assorted,https://www.kmart.com.au/product/dreamworks-trolls-glam-satin-fashion-doll---assorted/2891305,https://www.kmart.com.au/wcsstore/Kmart/images/ncatalog/sz/7/42872467-1-sz.jpg,22.00						 ea,-,Not Rated,0,;,
f1d23e9f-a9d2-41c0-97bf-cd5dc979a712,Toys,https://www.kmart.com.au/category/toys/brands/trolls/503503#.plp-wrapper,Trolls,https://www.kmart.com.au/category/toys/brands/trolls/503503#.plp-wrapper,DreamWorks Trolls Kid Doll - Assorted,https://www.kmart.com.au/product/dreamworks-trolls-kid-doll---assorted/2891306,https://www.kmart.com.au/wcsstore/Kmart/images/ncatalog/sz/4/42872504-1-sz.jpg,13.00						 ea,-,Not Rated,0,;,
