4b4ee3e8-b048-4d7a-8b36-6654239776c0,Women,https://www.kmart.com.au/category/women/womens-clothing/womens-pants/457028#.plp-wrapper,Womens Pants,https://www.kmart.com.au/category/women/womens-clothing/womens-pants/457028#.plp-wrapper,Jeggings,https://www.kmart.com.au/product/jeggings/2401302,https://www.kmart.com.au/wcsstore/Kmart/images/ncatalog/sz/6/69613326-1-sz.jpg,1.00 - 14.00,-,4.8 ,250 ,;,
72e11080-3cac-487c-8752-dc2e7d0862d6,Women,https://www.kmart.com.au/category/women/womens-clothing/womens-pants/457028#.plp-wrapper,Womens Pants,https://www.kmart.com.au/category/women/womens-clothing/womens-pants/457028#.plp-wrapper,3/4 Jeggings,https://www.kmart.com.au/product/3-4-jeggings/2411368,https://www.kmart.com.au/wcsstore/Kmart/images/ncatalog/sz/3/69996023-1-sz.jpg,14.00,-,4.8 ,66 ,;,
69b4d389-ff9c-41d7-a15f-cb787b81e00d,Women,https://www.kmart.com.au/category/women/womens-clothing/womens-pants/457028#.plp-wrapper,Womens Pants,https://www.kmart.com.au/category/women/womens-clothing/womens-pants/457028#.plp-wrapper,Active Womens Ankle Length Yoga Legging,https://www.kmart.com.au/product/active-womens-ankle-length-yoga-legging/2165828,https://www.kmart.com.au/wcsstore/Kmart/images/ncatalog/sz/0/68464370-1-sz.jpg,18.00,-,4.7 ,34 ,;,
c486a394-642b-4e08-8b7d-4a5c64f6f650,Women,https://www.kmart.com.au/category/women/womens-clothing/womens-pants/457028#.plp-wrapper,Womens Pants,https://www.kmart.com.au/category/women/womens-clothing/womens-pants/457028#.plp-wrapper,Active Womens Full Length Mesh Legging,https://www.kmart.com.au/product/active-womens-full-length-mesh-legging/2540804,https://www.kmart.com.au/wcsstore/Kmart/images/ncatalog/sz/0/69194290-1-sz.jpg,18.00,-,4.7 ,40 ,;,
c9ddb7a0-865b-47d4-b648-87bbfb983753,Women,https://www.kmart.com.au/category/women/womens-clothing/womens-pants/457028#.plp-wrapper,Womens Pants,https://www.kmart.com.au/category/women/womens-clothing/womens-pants/457028#.plp-wrapper,Active Womens Ultra High Rise Full Length Studio Legging,https://www.kmart.com.au/product/active-womens-ultra-high-rise-full-length-studio-legging/2556308,https://www.kmart.com.au/wcsstore/Kmart/images/ncatalog/sz/4/69194634-1-sz.jpg,18.00,-,4.8 ,104 ,;,
44cfef6c-b26a-4c4a-a0f9-6640fcb85354,Women,https://www.kmart.com.au/category/women/womens-clothing/womens-pants/457028#.plp-wrapper,Womens Pants,https://www.kmart.com.au/category/women/womens-clothing/womens-pants/457028#.plp-wrapper,Button Front Pants,https://www.kmart.com.au/product/button-front-pants/3121809,https://www.kmart.com.au/wcsstore/Kmart/images/ncatalog/sz/2/70107432-1-sz.jpg,20.00,-,Not Rated,0,;,
031b8ab7-e128-4338-81a4-bdf95c79bb04,Women,https://www.kmart.com.au/category/women/womens-clothing/womens-pants/457028#.plp-wrapper,Womens Pants,https://www.kmart.com.au/category/women/womens-clothing/womens-pants/457028#.plp-wrapper,Active Everlast Womens Shine Moto Legging,https://www.kmart.com.au/product/active-everlast-womens-shine-moto-legging/3136302,https://www.kmart.com.au/wcsstore/Kmart/images/ncatalog/sz/0/70233810-1-sz.jpg,25.00,-,Not Rated,0,;,
ac6e6719-7013-4839-b4af-af2180c53e5d,Women,https://www.kmart.com.au/category/women/womens-clothing/womens-pants/457028#.plp-wrapper,Womens Pants,https://www.kmart.com.au/category/women/womens-clothing/womens-pants/457028#.plp-wrapper,Active Womens Recycled Full Length Legging,https://www.kmart.com.au/product/active-womens-recycled-full-length-legging/2955820,https://www.kmart.com.au/wcsstore/Kmart/images/ncatalog/sz/7/69922367-1-sz.jpg,18.00,-,3.5 ,2 ,;,
83132417-dc47-4a93-bb4b-9e21cb344458,Women,https://www.kmart.com.au/category/women/womens-clothing/womens-pants/457028#.plp-wrapper,Womens Pants,https://www.kmart.com.au/category/women/womens-clothing/womens-pants/457028#.plp-wrapper,Pull On Culottes,https://www.kmart.com.au/product/pull-on-culottes/3158805,https://www.kmart.com.au/wcsstore/Kmart/images/ncatalog/sz/1/70108231-1-sz.jpg,15.00,-,Not Rated,0,;,
b0b14038-d0e5-4c9d-a68c-803902518b93,Women,https://www.kmart.com.au/category/women/womens-clothing/womens-pants/457028#.plp-wrapper,Womens Pants,https://www.kmart.com.au/category/women/womens-clothing/womens-pants/457028#.plp-wrapper,Button Front Paperbag Pants,https://www.kmart.com.au/product/button-front-paperbag-pants/3160808,https://www.kmart.com.au/wcsstore/Kmart/images/ncatalog/sz/6/70182316-1-sz.jpg,20.00,-,Not Rated,0,;,
acb93af1-8ee4-40b8-b888-f1de5de88a23,Women,https://www.kmart.com.au/category/women/womens-clothing/womens-pants/457028#.plp-wrapper,Womens Pants,https://www.kmart.com.au/category/women/womens-clothing/womens-pants/457028#.plp-wrapper,Active Womens Full Length Ribbed Panel Legging,https://www.kmart.com.au/product/active-womens-full-length-ribbed-panel-legging/2910818,https://www.kmart.com.au/wcsstore/Kmart/images/ncatalog/sz/9/69624179-1-sz.jpg,18.00,-,Not Rated,0,;,
ef5ede2f-4f02-445c-ab49-e8c01324d13f,Women,https://www.kmart.com.au/category/women/womens-clothing/womens-pants/457028#.plp-wrapper,Womens Pants,https://www.kmart.com.au/category/women/womens-clothing/womens-pants/457028#.plp-wrapper,Active Everlast Womens Core Leggings,https://www.kmart.com.au/product/active-everlast-womens-core-leggings/3144810,https://www.kmart.com.au/wcsstore/Kmart/images/ncatalog/sz/4/70168594-1-sz.jpg,20.00,-,Not Rated,0,;,
888425b8-950c-4c11-a50a-476f48ad3358,Women,https://www.kmart.com.au/category/women/womens-clothing/womens-pants/457028#.plp-wrapper,Womens Pants,https://www.kmart.com.au/category/women/womens-clothing/womens-pants/457028#.plp-wrapper,Active Womens Full Length Printed Legging,https://www.kmart.com.au/product/active-womens-full-length-printed-legging/2666841,https://www.kmart.com.au/wcsstore/Kmart/images/ncatalog/sz/1/69641701-1-sz.jpg,18.00,-,Not Rated,0,;,
e8b5534a-1fee-444f-aa7e-872733ffb2df,Women,https://www.kmart.com.au/category/women/womens-clothing/womens-pants/457028#.plp-wrapper,Womens Pants,https://www.kmart.com.au/category/women/womens-clothing/womens-pants/457028#.plp-wrapper,Active Womens 7/8 Seam Free Leggings,https://www.kmart.com.au/product/active-womens-7-8-seam-free-leggings/3144806,https://www.kmart.com.au/wcsstore/Kmart/images/ncatalog/sz/3/70086263-1-sz.jpg,10.00,-,Not Rated,0,;,
3673df94-b8d6-41a6-b5d5-1e2bd6ce886d,Women,https://www.kmart.com.au/category/women/womens-clothing/womens-pants/457028#.plp-wrapper,Womens Pants,https://www.kmart.com.au/category/women/womens-clothing/womens-pants/457028#.plp-wrapper,Drawstring Linen Blend Pants,https://www.kmart.com.au/product/drawstring-linen-blend-pants/3126805,https://www.kmart.com.au/wcsstore/Kmart/images/ncatalog/sz/5/70146585-1-sz.jpg,18.00,-,Not Rated,0,;,
c6f2fac9-6b40-4db2-b35e-f44e2ea744b3,Women,https://www.kmart.com.au/category/women/womens-clothing/womens-pants/457028#.plp-wrapper,Womens Pants,https://www.kmart.com.au/category/women/womens-clothing/womens-pants/457028#.plp-wrapper,Textured Wide Leg Pants,https://www.kmart.com.au/product/textured-wide-leg-pants/3121810,https://www.kmart.com.au/wcsstore/Kmart/images/ncatalog/sz/8/70156058-1-sz.jpg,20.00,-,Not Rated,0,;,
3174cc1c-ba14-4f5e-a697-5b090c6884e1,Women,https://www.kmart.com.au/category/women/womens-clothing/womens-pants/457028#.plp-wrapper,Womens Pants,https://www.kmart.com.au/category/women/womens-clothing/womens-pants/457028#.plp-wrapper,Textured Wide Leg Pants,https://www.kmart.com.au/product/textured-wide-leg-pants/3121811,https://www.kmart.com.au/wcsstore/Kmart/images/ncatalog/sz/9/70156379-1-sz.jpg,20.00,-,Not Rated,0,;,
858ac1ec-5e18-4ed0-a655-a9e52841e84e,Women,https://www.kmart.com.au/category/women/womens-clothing/womens-pants/457028#.plp-wrapper,Womens Pants,https://www.kmart.com.au/category/women/womens-clothing/womens-pants/457028#.plp-wrapper,Tapered Leg Pants,https://www.kmart.com.au/product/tapered-leg-pants/3121812,https://www.kmart.com.au/wcsstore/Kmart/images/ncatalog/sz/6/70108316-1-sz.jpg,22.00,-,Not Rated,0,;,
9658b6b4-5bc5-45bf-9000-15b3a75baaf2,Women,https://www.kmart.com.au/category/women/womens-clothing/womens-pants/457028#.plp-wrapper,Womens Pants,https://www.kmart.com.au/category/women/womens-clothing/womens-pants/457028#.plp-wrapper,Active Womens Laser Cut Crop Leggings,https://www.kmart.com.au/product/active-womens-laser-cut-crop-leggings/3102375,https://www.kmart.com.au/wcsstore/Kmart/images/ncatalog/sz/9/70153729-1-sz.jpg,15.00,-,5.0 ,1 ,;,
b5dac0ae-5730-4b6b-9069-e4b6116e9bac,Women,https://www.kmart.com.au/category/women/womens-clothing/womens-pants/457028#.plp-wrapper,Womens Pants,https://www.kmart.com.au/category/women/womens-clothing/womens-pants/457028#.plp-wrapper,Corduroy Wide Leg Ankle Pants,https://www.kmart.com.au/product/corduroy-wide-leg-ankle-pants/3048310,https://www.kmart.com.au/wcsstore/Kmart/images/ncatalog/sz/1/69944741-1-sz.jpg,20.00,-,Not Rated,0,;,
65793548-94d5-4c1d-843e-1203fb1e2d57,Women,https://www.kmart.com.au/category/women/womens-clothing/womens-pants/457028#.plp-wrapper,Womens Pants,https://www.kmart.com.au/category/women/womens-clothing/womens-pants/457028#.plp-wrapper,Pleated Peg Pants,https://www.kmart.com.au/product/pleated-peg-pants/3048339,https://www.kmart.com.au/wcsstore/Kmart/images/ncatalog/sz/7/70040517-1-sz.jpg,22.00,-,4.3 ,3 ,;,
5bcc7e01-4c36-4dd0-9ce6-f4566082d696,Women,https://www.kmart.com.au/category/women/womens-clothing/womens-pants/457028#.plp-wrapper,Womens Pants,https://www.kmart.com.au/category/women/womens-clothing/womens-pants/457028#.plp-wrapper,Active Fleece Leggings,https://www.kmart.com.au/product/active-fleece-leggings/3001312,https://www.kmart.com.au/wcsstore/Kmart/images/ncatalog/sz/5/69986475-1-sz.jpg,20.00,-,4.4 ,7 ,;,
cb8912b5-dd74-41cf-add8-8e1a2ee2b18f,Women,https://www.kmart.com.au/category/women/womens-clothing/womens-pants/457028#.plp-wrapper,Womens Pants,https://www.kmart.com.au/category/women/womens-clothing/womens-pants/457028#.plp-wrapper,Active Everlast Womens Jungle Leggings,https://www.kmart.com.au/product/active-everlast-womens-jungle-leggings/3050827,https://www.kmart.com.au/wcsstore/Kmart/images/ncatalog/sz/6/70005516-1-sz.jpg,25.00,-,5.0 ,1 ,;,
d6085d03-afd5-4fe9-980b-6898c5eda1cb,Women,https://www.kmart.com.au/category/women/womens-clothing/womens-pants/457028#.plp-wrapper,Womens Pants,https://www.kmart.com.au/category/women/womens-clothing/womens-pants/457028#.plp-wrapper,Ankle Sateen Pants,https://www.kmart.com.au/product/ankle-sateen-pants/2884901,https://www.kmart.com.au/wcsstore/Kmart/images/ncatalog/sz/7/69722097-1-sz.jpg,9.00 - 15.00,-,Not Rated,0,;,
77b0515b-550e-467b-a231-aec6efd339c3,Women,https://www.kmart.com.au/category/women/womens-clothing/womens-pants/457028#.plp-wrapper,Womens Pants,https://www.kmart.com.au/category/women/womens-clothing/womens-pants/457028#.plp-wrapper,Relaxed Knit Pants,https://www.kmart.com.au/product/relaxed-knit-pants/2886917,https://www.kmart.com.au/wcsstore/Kmart/images/ncatalog/sz/7/69746697-1-sz.jpg,8.00 - 12.00,-,2.0 ,1 ,;,
f96ff660-bd58-4352-839c-542515f4ea5c,Women,https://www.kmart.com.au/category/women/womens-clothing/womens-pants/457028#.plp-wrapper,Womens Pants,https://www.kmart.com.au/category/women/womens-clothing/womens-pants/457028#.plp-wrapper,Knit Ankle Pants,https://www.kmart.com.au/product/knit-ankle-pants/2903360,https://www.kmart.com.au/wcsstore/Kmart/images/ncatalog/sz/4/69933394-1-sz.jpg,18.00,-,5.0 ,1 ,;,
09cbf7d6-b355-4afc-a483-b372e1dcaef5,Women,https://www.kmart.com.au/category/women/womens-clothing/womens-pants/457028#.plp-wrapper,Womens Pants,https://www.kmart.com.au/category/women/womens-clothing/womens-pants/457028#.plp-wrapper,Woven Jogger,https://www.kmart.com.au/product/woven-jogger/2980817,https://www.kmart.com.au/wcsstore/Kmart/images/ncatalog/sz/9/69751349-1-sz.jpg,15.00,-,Not Rated,0,;,
239fcb57-2eed-4a45-86b7-272cfd3950c8,Women,https://www.kmart.com.au/category/women/womens-clothing/womens-pants/457028#.plp-wrapper,Womens Pants,https://www.kmart.com.au/category/women/womens-clothing/womens-pants/457028#.plp-wrapper,Tab Wide Leg Pants,https://www.kmart.com.au/product/tab-wide-leg-pants/2884902,https://www.kmart.com.au/wcsstore/Kmart/images/ncatalog/sz/6/69767616-1-sz.jpg,20.00,-,Not Rated,0,;,
9f61fed7-929d-4776-a5f0-4cc5890eda0e,Women,https://www.kmart.com.au/category/women/womens-clothing/womens-pants/457028#.plp-wrapper,Womens Pants,https://www.kmart.com.au/category/women/womens-clothing/womens-pants/457028#.plp-wrapper,Knit Pants,https://www.kmart.com.au/product/knit-pants/2993301,https://www.kmart.com.au/wcsstore/Kmart/images/ncatalog/sz/4/69938474-1-sz.jpg,25.00,-,4.5 ,2 ,;,
e3c9b9e3-774e-4dec-870b-7780efe430cf,Women,https://www.kmart.com.au/category/women/womens-clothing/womens-pants/457028#.plp-wrapper,Womens Pants,https://www.kmart.com.au/category/women/womens-clothing/womens-pants/457028#.plp-wrapper,Active Zip Off Pants,https://www.kmart.com.au/product/active-zip-off-pants/2980829,https://www.kmart.com.au/wcsstore/Kmart/images/ncatalog/sz/9/70025569-1-sz.jpg,29.00,-,Not Rated,0,;,
0fc0fb2c-9278-4562-aa51-34cc054764d1,Women,https://www.kmart.com.au/category/women/womens-clothing/womens-pants/457028#.plp-wrapper,Womens Pants,https://www.kmart.com.au/category/women/womens-clothing/womens-pants/457028#.plp-wrapper,Pleated Culotte,https://www.kmart.com.au/product/pleated-culotte/2991301,https://www.kmart.com.au/wcsstore/Kmart/images/ncatalog/sz/4/69965234-1-sz.jpg,12.00 - 20.00,-,Not Rated,0,;,
987500b2-b91b-4059-b3c8-62844da4e9c5,Women,https://www.kmart.com.au/category/women/womens-clothing/womens-pants/457028#.plp-wrapper,Womens Pants,https://www.kmart.com.au/category/women/womens-clothing/womens-pants/457028#.plp-wrapper,Pleated Front Pants,https://www.kmart.com.au/product/pleated-front-pants/2980818,https://www.kmart.com.au/wcsstore/Kmart/images/ncatalog/sz/4/69965074-1-sz.jpg,12.00 - 20.00,-,3.0 ,1 ,;,
68c21c56-d37c-4997-8a6c-3ea13a7f43db,Women,https://www.kmart.com.au/category/women/womens-clothing/womens-pants/457028#.plp-wrapper,Womens Pants,https://www.kmart.com.au/category/women/womens-clothing/womens-pants/457028#.plp-wrapper,High Rise Tie Waist Pants,https://www.kmart.com.au/product/high-rise-tie-waist-pants/2989302,https://www.kmart.com.au/wcsstore/Kmart/images/ncatalog/sz/2/69971372-1-sz.jpg,25.00,-,5.0 ,1 ,;,
3f5d8c5e-646c-4580-b7b8-2bea8c8191d6,Women,https://www.kmart.com.au/category/women/womens-clothing/womens-pants/457028#.plp-wrapper,Womens Pants,https://www.kmart.com.au/category/women/womens-clothing/womens-pants/457028#.plp-wrapper,Denim Jeggings,https://www.kmart.com.au/product/denim-jeggings/2922305,https://www.kmart.com.au/wcsstore/Kmart/images/ncatalog/sz/8/69730528-1-sz.jpg,15.00,-,5.0 ,1 ,;,
4e86e1c3-8be7-427f-b40e-ae1056888a2c,Women,https://www.kmart.com.au/category/women/womens-clothing/womens-pants/457028#.plp-wrapper,Womens Pants,https://www.kmart.com.au/category/women/womens-clothing/womens-pants/457028#.plp-wrapper,Full Length Leggings,https://www.kmart.com.au/product/full-length-leggings/847808,https://www.kmart.com.au/wcsstore/Kmart/images/ncatalog/sz/5/69623165-1-sz.jpg,5.75,-,5.0 ,1 ,;,
440b6caa-9e27-4d51-92f5-f4a3115beb0c,Women,https://www.kmart.com.au/category/women/womens-clothing/womens-pants/457028#.plp-wrapper,Womens Pants,https://www.kmart.com.au/category/women/womens-clothing/womens-pants/457028#.plp-wrapper,High Rise Skinny Pants,https://www.kmart.com.au/product/high-rise-skinny-pants/1979915,https://www.kmart.com.au/wcsstore/Kmart/images/ncatalog/sz/9/68341169-1-sz.jpg,15.00,-,4.7 ,40 ,;,
3ffb0c39-608d-4abd-be08-67a281daef8c,Women,https://www.kmart.com.au/category/women/womens-clothing/womens-pants/457028#.plp-wrapper,Womens Pants,https://www.kmart.com.au/category/women/womens-clothing/womens-pants/457028#.plp-wrapper,Slim Leg Bengaline Pants,https://www.kmart.com.au/product/slim-leg-bengaline-pants/2096829,https://www.kmart.com.au/wcsstore/Kmart/images/ncatalog/sz/4/68519094-1-sz.jpg,15.00,-,4.5 ,16 ,;,
c3031539-d2a1-4255-b643-dec8e8b5ad10,Women,https://www.kmart.com.au/category/women/womens-clothing/womens-pants/457028#.plp-wrapper,Womens Pants,https://www.kmart.com.au/category/women/womens-clothing/womens-pants/457028#.plp-wrapper,Pull On Straight Leg Pants,https://www.kmart.com.au/product/pull-on-straight-leg-pants/2662303,https://www.kmart.com.au/wcsstore/Kmart/images/ncatalog/sz/2/69091872-1-sz.jpg,12.00,-,4.6 ,67 ,;,
aa13bb92-4b3b-4bfd-b9ce-41372fed3149,Women,https://www.kmart.com.au/category/women/womens-clothing/womens-pants/457028#.plp-wrapper,Womens Pants,https://www.kmart.com.au/category/women/womens-clothing/womens-pants/457028#.plp-wrapper,Active Womens Full Length Training Legging,https://www.kmart.com.au/product/active-womens-full-length-training-legging/2441304,https://www.kmart.com.au/wcsstore/Kmart/images/ncatalog/sz/0/69820090-1-sz.jpg,20.00,-,4.8 ,52 ,;,
e6d57319-d666-4d6b-a141-d130a26c321b,Women,https://www.kmart.com.au/category/women/womens-clothing/womens-pants/457028#.plp-wrapper,Womens Pants,https://www.kmart.com.au/category/women/womens-clothing/womens-pants/457028#.plp-wrapper,Active Womens Full Length Coated Legging,https://www.kmart.com.au/product/active-womens-full-length-coated-legging/2912362,https://www.kmart.com.au/wcsstore/Kmart/images/ncatalog/sz/3/69930683-1-sz.jpg,18.00,-,5.0 ,1 ,;,
be876530-f452-4ab5-be6a-c9d6d431710c,Women,https://www.kmart.com.au/category/women/womens-clothing/womens-pants/457028#.plp-wrapper,Womens Pants,https://www.kmart.com.au/category/women/womens-clothing/womens-pants/457028#.plp-wrapper,Active Womens Youth Full Length Spliced Panel Legging,https://www.kmart.com.au/product/active-womens-youth-full-length-spliced-panel-legging/2955823,https://www.kmart.com.au/wcsstore/Kmart/images/ncatalog/sz/4/69906794-1-sz.jpg,20.00,-,Not Rated,0,;,
ea9e78cc-211e-47a2-a40a-1a479ce6246b,Women,https://www.kmart.com.au/category/women/womens-clothing/womens-pants/457028#.plp-wrapper,Womens Pants,https://www.kmart.com.au/category/women/womens-clothing/womens-pants/457028#.plp-wrapper,Active Womens Crop Spliced Legging,https://www.kmart.com.au/product/active-womens-crop-spliced-legging/2944317,https://www.kmart.com.au/wcsstore/Kmart/images/ncatalog/sz/2/69966842-1-sz.jpg,15.00,-,Not Rated,0,;,
132f0195-170b-49b9-8a25-a27031535751,Women,https://www.kmart.com.au/category/women/womens-clothing/womens-pants/457028#.plp-wrapper,Womens Pants,https://www.kmart.com.au/category/women/womens-clothing/womens-pants/457028#.plp-wrapper,Active Womens Recycled Crop Printed Legging,https://www.kmart.com.au/product/active-womens-recycled-crop-printed-legging/2770822,https://www.kmart.com.au/wcsstore/Kmart/images/ncatalog/sz/8/69624018-1-sz.jpg,9.00 - 15.00,-,Not Rated,0,;,
a17e6607-c8c3-4e50-90f4-9cdeb54a6d50,Women,https://www.kmart.com.au/category/women/womens-clothing/womens-pants/457028#.plp-wrapper,Womens Pants,https://www.kmart.com.au/category/women/womens-clothing/womens-pants/457028#.plp-wrapper,Denim Jeggings,https://www.kmart.com.au/product/denim-jeggings/2919835,https://www.kmart.com.au/wcsstore/Kmart/images/ncatalog/sz/6/69730146-1-sz.jpg,15.00,-,5.0 ,1 ,;,
91ba9496-1d22-4b85-bb44-a00caf6414f5,Women,https://www.kmart.com.au/category/women/womens-clothing/womens-pants/457028#.plp-wrapper,Womens Pants,https://www.kmart.com.au/category/women/womens-clothing/womens-pants/457028#.plp-wrapper,Denim Jeggings,https://www.kmart.com.au/product/denim-jeggings/2919836,https://www.kmart.com.au/wcsstore/Kmart/images/ncatalog/sz/4/69730894-1-sz.jpg,15.00,-,4.7 ,3 ,;,
ba5c167d-ec68-4c04-a6ea-c247ef18c411,Women,https://www.kmart.com.au/category/women/womens-clothing/womens-pants/457028#.plp-wrapper,Womens Pants,https://www.kmart.com.au/category/women/womens-clothing/womens-pants/457028#.plp-wrapper,Split Hem Ponte Leggings,https://www.kmart.com.au/product/split-hem-ponte-leggings/2871869,https://www.kmart.com.au/wcsstore/Kmart/images/ncatalog/sz/0/69729980-1-sz.jpg,17.00,-,4.0 ,1 ,;,
42264126-5a56-424a-b20d-501976d8b1eb,Women,https://www.kmart.com.au/category/women/womens-clothing/womens-pants/457028#.plp-wrapper,Womens Pants,https://www.kmart.com.au/category/women/womens-clothing/womens-pants/457028#.plp-wrapper,Panel Ponte Leggings,https://www.kmart.com.au/product/panel-ponte-leggings/2914850,https://www.kmart.com.au/wcsstore/Kmart/images/ncatalog/sz/9/69729829-1-sz.jpg,17.00,-,5.0 ,1 ,;,
b252e7a8-ed5d-4568-ba39-5faca2e0255c,Women,https://www.kmart.com.au/category/women/womens-clothing/womens-pants/457028#.plp-wrapper,Womens Pants,https://www.kmart.com.au/category/women/womens-clothing/womens-pants/457028#.plp-wrapper,Twilled Buckle Pants,https://www.kmart.com.au/product/twilled-buckle-pants/2871856,https://www.kmart.com.au/wcsstore/Kmart/images/ncatalog/sz/9/69721649-1-sz.jpg,15.00,-,Not Rated,0,;,
31dfce83-c5e3-4f40-918d-64cb8785b780,Women,https://www.kmart.com.au/category/women/womens-clothing/womens-pants/457028#.plp-wrapper,Womens Pants,https://www.kmart.com.au/category/women/womens-clothing/womens-pants/457028#.plp-wrapper,Wide Leg City Pants,https://www.kmart.com.au/product/wide-leg-city-pants/2901819,https://www.kmart.com.au/wcsstore/Kmart/images/ncatalog/sz/1/69892011-1-sz.jpg,20.00,-,Not Rated,0,;,
060bf192-157a-4979-857f-8e9c1f64a71c,Women,https://www.kmart.com.au/category/women/womens-clothing/womens-pants/457028#.plp-wrapper,Womens Pants,https://www.kmart.com.au/category/women/womens-clothing/womens-pants/457028#.plp-wrapper,Woven Dyed Joggers,https://www.kmart.com.au/product/woven-dyed-joggers/2901811,https://www.kmart.com.au/wcsstore/Kmart/images/ncatalog/sz/6/69725166-1-sz.jpg,20.00,-,4.5 ,2 ,;,
7733821b-5181-409d-b70a-ced97eb80621,Women,https://www.kmart.com.au/category/women/womens-clothing/womens-pants/457028#.plp-wrapper,Womens Pants,https://www.kmart.com.au/category/women/womens-clothing/womens-pants/457028#.plp-wrapper,Active Womens Full Length Biker Legging,https://www.kmart.com.au/product/active-womens-full-length-biker-legging/2496344,https://www.kmart.com.au/wcsstore/Kmart/images/ncatalog/sz/7/68975197-1-sz.jpg,18.00,-,4.7 ,16 ,;,
9836eded-1e26-4853-a1c1-07ce80e4b2ab,Women,https://www.kmart.com.au/category/women/womens-clothing/womens-pants/457028#.plp-wrapper,Womens Pants,https://www.kmart.com.au/category/women/womens-clothing/womens-pants/457028#.plp-wrapper,Active Womens Youth Full Length Piped Legging,https://www.kmart.com.au/product/active-womens-youth-full-length-piped-legging/2912370,https://www.kmart.com.au/wcsstore/Kmart/images/ncatalog/sz/9/69906589-1-sz.jpg,20.00,-,5.0 ,1 ,;,
738ab05e-e341-4d06-9c66-5680b040db93,Women,https://www.kmart.com.au/category/women/womens-clothing/womens-pants/457028#.plp-wrapper,Womens Pants,https://www.kmart.com.au/category/women/womens-clothing/womens-pants/457028#.plp-wrapper,Contour Ponte Leggings,https://www.kmart.com.au/product/contour-ponte-leggings/2891861,https://www.kmart.com.au/wcsstore/Kmart/images/ncatalog/sz/4/69729904-1-sz.jpg,17.00,-,4.8 ,4 ,;,
a0d26758-1d4f-40b8-977b-3162a9aa7df2,Women,https://www.kmart.com.au/category/women/womens-clothing/womens-pants/457028#.plp-wrapper,Womens Pants,https://www.kmart.com.au/category/women/womens-clothing/womens-pants/457028#.plp-wrapper,Active Curve Leggings,https://www.kmart.com.au/product/active-curve-leggings/2909354,https://www.kmart.com.au/wcsstore/Kmart/images/ncatalog/sz/1/69920851-1-sz.jpg,18.00,-,5.0 ,1 ,;,
df8ce574-09b0-45eb-bfbe-6799adbe4c33,Women,https://www.kmart.com.au/category/women/womens-clothing/womens-pants/457028#.plp-wrapper,Womens Pants,https://www.kmart.com.au/category/women/womens-clothing/womens-pants/457028#.plp-wrapper,Active Everlast Womens Full Length Colour Block Legging,https://www.kmart.com.au/product/active-everlast-womens-full-length-colour-block-legging/2911805,https://www.kmart.com.au/wcsstore/Kmart/images/ncatalog/sz/6/69812286-1-sz.jpg,25.00,-,5.0 ,1 ,;,
c450ab8b-b0c0-4821-a48d-6bf3b7fa4b98,Women,https://www.kmart.com.au/category/women/womens-clothing/womens-pants/457028#.plp-wrapper,Womens Pants,https://www.kmart.com.au/category/women/womens-clothing/womens-pants/457028#.plp-wrapper,Active Everlast Womens Full Length Power Legging,https://www.kmart.com.au/product/active-everlast-womens-full-length-power-legging/2911803,https://www.kmart.com.au/wcsstore/Kmart/images/ncatalog/sz/4/69846724-1-sz.jpg,25.00,-,5.0 ,1 ,;,
809cbbee-924e-43b0-b533-2bde75aeafa9,Women,https://www.kmart.com.au/category/women/womens-clothing/womens-pants/457028#.plp-wrapper,Womens Pants,https://www.kmart.com.au/category/women/womens-clothing/womens-pants/457028#.plp-wrapper,Active Womens Full Length Printed Legging,https://www.kmart.com.au/product/active-womens-full-length-printed-legging/2092861,https://www.kmart.com.au/wcsstore/Kmart/images/ncatalog/sz/5/69855665-1-sz.jpg,18.00,-,Not Rated,0,;,
40e6183b-b75c-43da-b283-993c5c232b0e,Women,https://www.kmart.com.au/category/women/womens-clothing/womens-pants/457028#.plp-wrapper,Womens Pants,https://www.kmart.com.au/category/women/womens-clothing/womens-pants/457028#.plp-wrapper,Active Womens Seam Free Full Length Legging,https://www.kmart.com.au/product/active-womens-seam-free-full-length-legging/2012844,https://www.kmart.com.au/wcsstore/Kmart/images/ncatalog/sz/7/69022197-1-sz.jpg,10.00,-,Not Rated,0,;,
a5114fdd-9a28-452b-bf74-bc23d024333a,Women,https://www.kmart.com.au/category/women/womens-clothing/womens-pants/457028#.plp-wrapper,Womens Pants,https://www.kmart.com.au/category/women/womens-clothing/womens-pants/457028#.plp-wrapper,Plain Ponte Leggings,https://www.kmart.com.au/product/plain-ponte-leggings/2859403,https://www.kmart.com.au/wcsstore/Kmart/images/ncatalog/sz/9/69729249-1-sz.jpg,15.00,-,5.0 ,3 ,;,
90c89b69-f550-4a03-9875-8270b5ec5b82,Women,https://www.kmart.com.au/category/women/womens-clothing/womens-pants/457028#.plp-wrapper,Womens Pants,https://www.kmart.com.au/category/women/womens-clothing/womens-pants/457028#.plp-wrapper,Pleated Front Pants,https://www.kmart.com.au/product/pleated-front-pants/2874818,https://www.kmart.com.au/wcsstore/Kmart/images/ncatalog/sz/3/69724923-1-sz.jpg,12.00											WAS 20,12.00											,Not Rated,0,;,
bd04ba3d-94f3-40c3-b0ee-92af664da27c,Women,https://www.kmart.com.au/category/women/womens-clothing/womens-pants/457028#.plp-wrapper,Womens Pants,https://www.kmart.com.au/category/women/womens-clothing/womens-pants/457028#.plp-wrapper,Active Womens Crop Training Legging,https://www.kmart.com.au/product/active-womens-crop-training-legging/2432809,https://www.kmart.com.au/wcsstore/Kmart/images/ncatalog/sz/6/68975036-1-sz.jpg,18.00,-,4.8 ,87 ,;,
70b11058-c69a-4633-ac99-2379c2de6057,Women,https://www.kmart.com.au/category/women/womens-clothing/womens-pants/457028#.plp-wrapper,Womens Pants,https://www.kmart.com.au/category/women/womens-clothing/womens-pants/457028#.plp-wrapper,Drawstring Wide Leg Pants,https://www.kmart.com.au/product/drawstring-wide-leg-pants/2886880,https://www.kmart.com.au/wcsstore/Kmart/images/ncatalog/sz/9/69721489-1-sz.jpg,12.00											WAS 20,12.00											,Not Rated,0,;,
76696348-8fc0-4e0b-b4f2-98819e9a153f,Women,https://www.kmart.com.au/category/women/womens-clothing/womens-pants/457028#.plp-wrapper,Womens Pants,https://www.kmart.com.au/category/women/womens-clothing/womens-pants/457028#.plp-wrapper,Active Womens Crop Yoga Legging,https://www.kmart.com.au/product/active-womens-crop-yoga-legging/2857878,https://www.kmart.com.au/wcsstore/Kmart/images/ncatalog/sz/2/69843532-1-sz.jpg,15.00,-,5.0 ,1 ,;,
9c9e5967-4955-4cd8-be36-4e68f0718cff,Women,https://www.kmart.com.au/category/women/womens-clothing/womens-pants/457028#.plp-wrapper,Womens Pants,https://www.kmart.com.au/category/women/womens-clothing/womens-pants/457028#.plp-wrapper,Active Womens 3/4 Length Performance Legging,https://www.kmart.com.au/product/active-womens-3-4-length-performance-legging/2834346,https://www.kmart.com.au/wcsstore/Kmart/images/ncatalog/sz/6/69641466-1-sz.jpg,10.00,-,Not Rated,0,;,
5018a057-c9bc-4da3-b6a9-57b4ecc65a8a,Women,https://www.kmart.com.au/category/women/womens-clothing/womens-pants/457028#.plp-wrapper,Womens Pants,https://www.kmart.com.au/category/women/womens-clothing/womens-pants/457028#.plp-wrapper,Active Womens Crop Mesh Legging,https://www.kmart.com.au/product/active-womens-crop-mesh-legging/2687830,https://www.kmart.com.au/wcsstore/Kmart/images/ncatalog/sz/2/69506482-1-sz.jpg,14.00,-,4.8 ,17 ,;,
f87e3aeb-2a4c-4637-9646-42086b8df5fc,Women,https://www.kmart.com.au/category/women/womens-clothing/womens-pants/457028#.plp-wrapper,Womens Pants,https://www.kmart.com.au/category/women/womens-clothing/womens-pants/457028#.plp-wrapper,Active Crop Leggings,https://www.kmart.com.au/product/active-crop-leggings/2705307,https://www.kmart.com.au/wcsstore/Kmart/images/ncatalog/sz/6/68978396-1-sz.jpg,6.00,-,4.7 ,15 ,;,
2c4dac31-7b24-487a-a9af-f82bf25efbfb,Women,https://www.kmart.com.au/category/women/womens-clothing/womens-pants/457028#.plp-wrapper,Womens Pants,https://www.kmart.com.au/category/women/womens-clothing/womens-pants/457028#.plp-wrapper,Active Womens Crop Power Legging,https://www.kmart.com.au/product/active-womens-crop-power-legging/2687814,https://www.kmart.com.au/wcsstore/Kmart/images/ncatalog/sz/2/69427732-1-sz.jpg,14.00,-,4.7 ,22 ,;,
f515093c-198c-4204-94f9-af772e0c9c4a,Women,https://www.kmart.com.au/category/women/womens-clothing/womens-pants/457028#.plp-wrapper,Womens Pants,https://www.kmart.com.au/category/women/womens-clothing/womens-pants/457028#.plp-wrapper,Active Womens Full Length Core Printed Legging,https://www.kmart.com.au/product/active-womens-full-length-core-printed-legging/2644394,https://www.kmart.com.au/wcsstore/Kmart/images/ncatalog/sz/5/69463785-1-sz.jpg,7.00,-,3.9 ,8 ,;,
e03122a1-9b18-4001-b310-8169e4817747,Women,https://www.kmart.com.au/category/women/womens-clothing/womens-pants/457028#.plp-wrapper,Womens Pants,https://www.kmart.com.au/category/women/womens-clothing/womens-pants/457028#.plp-wrapper,Active Womens Full Length Power Legging,https://www.kmart.com.au/product/active-womens-full-length-power-legging/2629330,https://www.kmart.com.au/wcsstore/Kmart/images/ncatalog/sz/7/69427657-1-sz.jpg,18.00,-,4.9 ,25 ,;,
6def4969-140d-4882-8b37-7294d43438f7,Women,https://www.kmart.com.au/category/women/womens-clothing/womens-pants/457028#.plp-wrapper,Womens Pants,https://www.kmart.com.au/category/women/womens-clothing/womens-pants/457028#.plp-wrapper,Active Womens Full Length Core Printed Legging,https://www.kmart.com.au/product/active-womens-full-length-core-printed-legging/2644393,https://www.kmart.com.au/wcsstore/Kmart/images/ncatalog/sz/3/69463723-1-sz.jpg,7.00,-,4.5 ,6 ,;,
073c382e-8ce5-41e9-8c45-33eea3a67c12,Women,https://www.kmart.com.au/category/women/womens-clothing/womens-pants/457028#.plp-wrapper,Womens Pants,https://www.kmart.com.au/category/women/womens-clothing/womens-pants/457028#.plp-wrapper,Active Everlast Womens Core Legging,https://www.kmart.com.au/product/active-everlast-womens-core-legging/2573312,https://www.kmart.com.au/wcsstore/Kmart/images/ncatalog/sz/5/69205255-1-sz.jpg,20.00,-,4.4 ,25 ,;,
7b19f557-da43-4d8d-bda6-a89ab2654200,Women,https://www.kmart.com.au/category/women/womens-clothing/womens-pants/457028#.plp-wrapper,Womens Pants,https://www.kmart.com.au/category/women/womens-clothing/womens-pants/457028#.plp-wrapper,Plus Size Full Length Leggings,https://www.kmart.com.au/product/plus-size-full-length-leggings/2561311,https://www.kmart.com.au/wcsstore/Kmart/images/ncatalog/sz/0/69092190-1-sz.jpg,5.75,-,4.6 ,5 ,;,
c4d94cf5-31d7-4ae7-9ae6-81eafbf7573a,Women,https://www.kmart.com.au/category/women/womens-clothing/womens-pants/457028#.plp-wrapper,Womens Pants,https://www.kmart.com.au/category/women/womens-clothing/womens-pants/457028#.plp-wrapper,Plus Size 3/4 Leggings,https://www.kmart.com.au/product/plus-size-3-4-leggings/2561312,https://www.kmart.com.au/wcsstore/Kmart/images/ncatalog/sz/9/69092619-1-sz.jpg,5.75,-,4.3 ,4 ,;,
b966dde2-c0ec-4a98-9a5e-0c7e60202bc2,Women,https://www.kmart.com.au/category/women/womens-clothing/womens-pants/457028#.plp-wrapper,Womens Pants,https://www.kmart.com.au/category/women/womens-clothing/womens-pants/457028#.plp-wrapper,Active Womens Full Length Compression Legging,https://www.kmart.com.au/product/active-womens-full-length-compression-legging/2556301,https://www.kmart.com.au/wcsstore/Kmart/images/ncatalog/sz/6/68978716-1-sz.jpg,18.00,-,5.0 ,6 ,;,
d42e1a8b-4a7c-4148-bcdf-2d8fcdeb6e54,Women,https://www.kmart.com.au/category/women/womens-clothing/womens-pants/457028#.plp-wrapper,Womens Pants,https://www.kmart.com.au/category/women/womens-clothing/womens-pants/457028#.plp-wrapper,3/4 Table Leggings,https://www.kmart.com.au/product/3-4-table-leggings/2528828,https://www.kmart.com.au/wcsstore/Kmart/images/ncatalog/sz/8/69077968-1-sz.jpg,5.75,-,5.0 ,9 ,;,
3a9aaded-dbec-4939-b057-0cfed8e94ac7,Women,https://www.kmart.com.au/category/women/womens-clothing/womens-pants/457028#.plp-wrapper,Womens Pants,https://www.kmart.com.au/category/women/womens-clothing/womens-pants/457028#.plp-wrapper,Full Length Leggings,https://www.kmart.com.au/product/full-length-leggings/2528829,https://www.kmart.com.au/wcsstore/Kmart/images/ncatalog/sz/6/69092176-1-sz.jpg,5.75,-,4.2 ,38 ,;,
731ac1ae-d33c-411c-ac04-e702eb24f56a,Women,https://www.kmart.com.au/category/women/womens-clothing/womens-pants/457028#.plp-wrapper,Womens Pants,https://www.kmart.com.au/category/women/womens-clothing/womens-pants/457028#.plp-wrapper,Active Womens 3/4 Performance Legging,https://www.kmart.com.au/product/active-womens-3-4-performance-legging/2098839,https://www.kmart.com.au/wcsstore/Kmart/images/ncatalog/sz/3/68449803-1-sz.jpg,10.00,-,4.5 ,11 ,;,
12a7598d-6463-4930-bb17-9a24d749ae95,Women,https://www.kmart.com.au/category/women/womens-clothing/womens-pants/457028#.plp-wrapper,Womens Pants,https://www.kmart.com.au/category/women/womens-clothing/womens-pants/457028#.plp-wrapper,Active Womens Seam Free Full Length Legging,https://www.kmart.com.au/product/active-womens-seam-free-full-length-legging/2441330,https://www.kmart.com.au/wcsstore/Kmart/images/ncatalog/sz/8/69097768-1-sz.jpg,10.00,-,3.8 ,4 ,;,
c41b91ed-9e44-4767-8e6a-f3b909923b76,Women,https://www.kmart.com.au/category/women/womens-clothing/womens-pants/457028#.plp-wrapper,Womens Pants,https://www.kmart.com.au/category/women/womens-clothing/womens-pants/457028#.plp-wrapper,Recycled Leggings,https://www.kmart.com.au/product/recycled-leggings/2397316,https://www.kmart.com.au/wcsstore/Kmart/images/ncatalog/sz/6/68927936-1-sz.jpg,12.00,-,4.8 ,21 ,;,
a7230e98-7412-44a3-bdb2-21699550e5d2,Women,https://www.kmart.com.au/category/women/womens-clothing/womens-pants/457028#.plp-wrapper,Womens Pants,https://www.kmart.com.au/category/women/womens-clothing/womens-pants/457028#.plp-wrapper,Active Womens Crop Piped Legging,https://www.kmart.com.au/product/active-womens-crop-piped-legging/2135329,https://www.kmart.com.au/wcsstore/Kmart/images/ncatalog/sz/6/68828646-1-sz.jpg,7.00,-,4.8 ,12 ,;,
ba88b1db-331b-462e-912f-38439bbfdf8d,Women,https://www.kmart.com.au/category/women/womens-clothing/womens-pants/457028#.plp-wrapper,Womens Pants,https://www.kmart.com.au/category/women/womens-clothing/womens-pants/457028#.plp-wrapper,Active Womens Crop Core Legging,https://www.kmart.com.au/product/active-womens-crop-core-legging/2135328,https://www.kmart.com.au/wcsstore/Kmart/images/ncatalog/sz/3/68440763-1-sz.jpg,7.00,-,4.8 ,14 ,;,
17d35e4f-0b2b-4ba9-873a-5198ca9ac511,Women,https://www.kmart.com.au/category/women/womens-clothing/womens-pants/457028#.plp-wrapper,Womens Pants,https://www.kmart.com.au/category/women/womens-clothing/womens-pants/457028#.plp-wrapper,Active Womens Full Length Core Legging,https://www.kmart.com.au/product/active-womens-full-length-core-legging/2135330,https://www.kmart.com.au/wcsstore/Kmart/images/ncatalog/sz/2/68441142-1-sz.jpg,7.00,-,4.8 ,24 ,;,
e4846af1-94f6-4c9c-baf1-a0c61d4ac597,Women,https://www.kmart.com.au/category/women/womens-clothing/womens-pants/457028#.plp-wrapper,Womens Pants,https://www.kmart.com.au/category/women/womens-clothing/womens-pants/457028#.plp-wrapper,Active Womens Full Length Piped Legging,https://www.kmart.com.au/product/active-womens-full-length-piped-legging/2135331,https://www.kmart.com.au/wcsstore/Kmart/images/ncatalog/sz/2/68441272-1-sz.jpg,7.00,-,4.7 ,6 ,;,
3ea009b3-7ec6-4419-b99b-1cf2c6e3605f,Women,https://www.kmart.com.au/category/women/womens-clothing/womens-pants/457028#.plp-wrapper,Womens Pants,https://www.kmart.com.au/category/women/womens-clothing/womens-pants/457028#.plp-wrapper,Active Womens Full Length Power Legging,https://www.kmart.com.au/product/active-womens-full-length-power-legging/1168811,https://www.kmart.com.au/wcsstore/Kmart/images/ncatalog/sz/5/67215195-1-sz.jpg,18.00,-,5.0 ,1 ,;,
9fa659aa-6478-4fcd-aee5-f4822c822368,Women,https://www.kmart.com.au/category/women/womens-clothing/womens-pants/457028#.plp-wrapper,Womens Pants,https://www.kmart.com.au/category/women/womens-clothing/womens-pants/457028#.plp-wrapper,3/4 Leggings,https://www.kmart.com.au/product/3-4-leggings/847801,https://www.kmart.com.au/wcsstore/Kmart/images/ncatalog/sz/4/66270164-1-sz.jpg,5.75,-,4.7 ,45 ,;,
