dd820d68-231d-4bea-adaf-5f5c4242fd10,Women,https://www.kmart.com.au/category/women/womens-clothing/womens-jackets-&-coats/446007#.plp-wrapper,Womens Jackets & Coats,https://www.kmart.com.au/category/women/womens-clothing/womens-jackets-&-coats/446007#.plp-wrapper,Active Womens Packable Puffer Vest in a Bag,https://www.kmart.com.au/product/active-womens-packable-puffer-vest-in-a-bag/2922312,https://www.kmart.com.au/wcsstore/Kmart/images/ncatalog/sz/8/69965968-1-sz.jpg,25.00,-,Not Rated,0,;,
df3a34be-4eb2-4a72-b35e-60ae4418126b,Women,https://www.kmart.com.au/category/women/womens-clothing/womens-jackets-&-coats/446007#.plp-wrapper,Womens Jackets & Coats,https://www.kmart.com.au/category/women/womens-clothing/womens-jackets-&-coats/446007#.plp-wrapper,Active Womens Trend Puffer Jacket,https://www.kmart.com.au/product/active-womens-trend-puffer-jacket/2972818,https://www.kmart.com.au/wcsstore/Kmart/images/ncatalog/sz/6/69966606-1-sz.jpg,35.00,-,5.0 ,1 ,;,
358494c0-34cd-4369-a970-a6a2fc91c8d0,Women,https://www.kmart.com.au/category/women/womens-clothing/womens-jackets-&-coats/446007#.plp-wrapper,Womens Jackets & Coats,https://www.kmart.com.au/category/women/womens-clothing/womens-jackets-&-coats/446007#.plp-wrapper,Active Womens Mesh Running Jacket,https://www.kmart.com.au/product/active-womens-mesh-running-jacket/3138315,https://www.kmart.com.au/wcsstore/Kmart/images/ncatalog/sz/2/70154122-1-sz.jpg,15.00,-,Not Rated,0,;,
7b84385d-73da-4df2-b604-033ec26661bd,Women,https://www.kmart.com.au/category/women/womens-clothing/womens-jackets-&-coats/446007#.plp-wrapper,Womens Jackets & Coats,https://www.kmart.com.au/category/women/womens-clothing/womens-jackets-&-coats/446007#.plp-wrapper,Soft Blazer,https://www.kmart.com.au/product/soft-blazer/2855430,https://www.kmart.com.au/wcsstore/Kmart/images/ncatalog/sz/8/69800528-1-sz.jpg,19.00,-,5.0 ,2 ,;,
1c2aa0b8-29fd-49c6-aacd-7dc7eb617e08,Women,https://www.kmart.com.au/category/women/womens-clothing/womens-jackets-&-coats/446007#.plp-wrapper,Womens Jackets & Coats,https://www.kmart.com.au/category/women/womens-clothing/womens-jackets-&-coats/446007#.plp-wrapper,Denim Jacket,https://www.kmart.com.au/product/denim-jacket/2595357,https://www.kmart.com.au/wcsstore/Kmart/images/ncatalog/sz/9/69350559-1-sz.jpg,24.00,-,4.8 ,102 ,;,
d425fb46-1e07-42b2-9742-15e402039e42,Women,https://www.kmart.com.au/category/women/womens-clothing/womens-jackets-&-coats/446007#.plp-wrapper,Womens Jackets & Coats,https://www.kmart.com.au/category/women/womens-clothing/womens-jackets-&-coats/446007#.plp-wrapper,Longline Coat,https://www.kmart.com.au/product/longline-coat/3025319,https://www.kmart.com.au/wcsstore/Kmart/images/ncatalog/sz/7/69927607-1-sz.jpg,22.00											WAS 45,22.00											,4.7 ,3 ,;,
c4fa2d30-2425-43fd-a77d-4e066435f732,Women,https://www.kmart.com.au/category/women/womens-clothing/womens-jackets-&-coats/446007#.plp-wrapper,Womens Jackets & Coats,https://www.kmart.com.au/category/women/womens-clothing/womens-jackets-&-coats/446007#.plp-wrapper,Textured Collared Coat,https://www.kmart.com.au/product/textured-collared-coat/3007311,https://www.kmart.com.au/wcsstore/Kmart/images/ncatalog/sz/7/69871597-1-sz.jpg,18.00											WAS 35,18.00											,5.0 ,2 ,;,
f4f3825f-d070-4a51-a379-7681730d9175,Women,https://www.kmart.com.au/category/women/womens-clothing/womens-jackets-&-coats/446007#.plp-wrapper,Womens Jackets & Coats,https://www.kmart.com.au/category/women/womens-clothing/womens-jackets-&-coats/446007#.plp-wrapper,Textured Blazer,https://www.kmart.com.au/product/textured-blazer/2873351,https://www.kmart.com.au/wcsstore/Kmart/images/ncatalog/sz/0/69809330-1-sz.jpg,15.00 - 27.00,-,5.0 ,1 ,;,
49971481-1259-4761-931c-47154c92e43e,Women,https://www.kmart.com.au/category/women/womens-clothing/womens-jackets-&-coats/446007#.plp-wrapper,Womens Jackets & Coats,https://www.kmart.com.au/category/women/womens-clothing/womens-jackets-&-coats/446007#.plp-wrapper,Active Textured Fleece Jacket,https://www.kmart.com.au/product/active-textured-fleece-jacket/2951806,https://www.kmart.com.au/wcsstore/Kmart/images/ncatalog/sz/6/69984396-1-sz.jpg,15.00,-,5.0 ,1 ,;,
a928061f-41b3-4df2-a084-564f30870775,Women,https://www.kmart.com.au/category/women/womens-clothing/womens-jackets-&-coats/446007#.plp-wrapper,Womens Jackets & Coats,https://www.kmart.com.au/category/women/womens-clothing/womens-jackets-&-coats/446007#.plp-wrapper,Active Womens Waterproof Jacket,https://www.kmart.com.au/product/active-womens-waterproof-jacket/3007802,https://www.kmart.com.au/wcsstore/Kmart/images/ncatalog/sz/1/69966521-1-sz.jpg,45.00,-,Not Rated,0,;,
fed42d1c-f050-431b-bf78-95e3caf5038a,Women,https://www.kmart.com.au/category/women/womens-clothing/womens-jackets-&-coats/446007#.plp-wrapper,Womens Jackets & Coats,https://www.kmart.com.au/category/women/womens-clothing/womens-jackets-&-coats/446007#.plp-wrapper,Long Sleeve Zip Through Jacket,https://www.kmart.com.au/product/long-sleeve-zip-through-jacket/3016805,https://www.kmart.com.au/wcsstore/Kmart/images/ncatalog/sz/1/70023121-1-sz.jpg,25.00,-,5.0 ,1 ,;,
781784c7-0baa-4cf7-9a4c-8658ffb00020,Women,https://www.kmart.com.au/category/women/womens-clothing/womens-jackets-&-coats/446007#.plp-wrapper,Womens Jackets & Coats,https://www.kmart.com.au/category/women/womens-clothing/womens-jackets-&-coats/446007#.plp-wrapper,Active Womens 3-in-1 Jacket,https://www.kmart.com.au/product/active-womens-3-in-1-jacket/3007806,https://www.kmart.com.au/wcsstore/Kmart/images/ncatalog/sz/4/69986314-1-sz.jpg,59.00,-,4.7 ,3 ,;,
f40afa63-4234-4b6b-96f2-ca4ffb5e067b,Women,https://www.kmart.com.au/category/women/womens-clothing/womens-jackets-&-coats/446007#.plp-wrapper,Womens Jackets & Coats,https://www.kmart.com.au/category/women/womens-clothing/womens-jackets-&-coats/446007#.plp-wrapper,Raglan Anorak,https://www.kmart.com.au/product/raglan-anorak/2903354,https://www.kmart.com.au/wcsstore/Kmart/images/ncatalog/sz/2/69870392-1-sz.jpg,20.00											WAS 30,20.00											,4.0 ,1 ,;,
047e73b4-f82e-42fd-bf42-0236abc99a75,Women,https://www.kmart.com.au/category/women/womens-clothing/womens-jackets-&-coats/446007#.plp-wrapper,Womens Jackets & Coats,https://www.kmart.com.au/category/women/womens-clothing/womens-jackets-&-coats/446007#.plp-wrapper,Suedette Biker Jacket,https://www.kmart.com.au/product/suedette-biker-jacket/2844348,https://www.kmart.com.au/wcsstore/Kmart/images/ncatalog/sz/0/69866500-1-sz.jpg,18.00											WAS 35,18.00											,4.0 ,1 ,;,
dd7f6978-113d-445a-a6c1-eaef315a68a5,Women,https://www.kmart.com.au/category/women/womens-clothing/womens-jackets-&-coats/446007#.plp-wrapper,Womens Jackets & Coats,https://www.kmart.com.au/category/women/womens-clothing/womens-jackets-&-coats/446007#.plp-wrapper,Active Womens Soft Shell Jacket,https://www.kmart.com.au/product/active-womens-soft-shell-jacket/2944316,https://www.kmart.com.au/wcsstore/Kmart/images/ncatalog/sz/6/69966446-1-sz.jpg,25.00,-,5.0 ,1 ,;,
1091cef7-e45a-4de6-82bb-d57d19a38c72,Women,https://www.kmart.com.au/category/women/womens-clothing/womens-jackets-&-coats/446007#.plp-wrapper,Womens Jackets & Coats,https://www.kmart.com.au/category/women/womens-clothing/womens-jackets-&-coats/446007#.plp-wrapper,Check Coatigan,https://www.kmart.com.au/product/check-coatigan/2998802,https://www.kmart.com.au/wcsstore/Kmart/images/ncatalog/sz/1/69925931-1-sz.jpg,35.00,-,4.5 ,2 ,;,
8beedc52-7d48-485c-8be2-5bd97aed4695,Women,https://www.kmart.com.au/category/women/womens-clothing/womens-jackets-&-coats/446007#.plp-wrapper,Womens Jackets & Coats,https://www.kmart.com.au/category/women/womens-clothing/womens-jackets-&-coats/446007#.plp-wrapper,Crop Utility Jacket,https://www.kmart.com.au/product/crop-utility-jacket/2901808,https://www.kmart.com.au/wcsstore/Kmart/images/ncatalog/sz/3/69834363-1-sz.jpg,15.00 - 27.00,-,Not Rated,0,;,
e9d61cd6-442d-4eb8-b720-03ef88761e1b,Women,https://www.kmart.com.au/category/women/womens-clothing/womens-jackets-&-coats/446007#.plp-wrapper,Womens Jackets & Coats,https://www.kmart.com.au/category/women/womens-clothing/womens-jackets-&-coats/446007#.plp-wrapper,Liner Jacket,https://www.kmart.com.au/product/liner-jacket/2941306,https://www.kmart.com.au/wcsstore/Kmart/images/ncatalog/sz/1/69871221-1-sz.jpg,15.00,-,Not Rated,0,;,
fa436bad-c8e0-43b5-af5c-3b2ffcb2d6c9,Women,https://www.kmart.com.au/category/women/womens-clothing/womens-jackets-&-coats/446007#.plp-wrapper,Womens Jackets & Coats,https://www.kmart.com.au/category/women/womens-clothing/womens-jackets-&-coats/446007#.plp-wrapper,Active Womens Biker Puffer Jacket,https://www.kmart.com.au/product/active-womens-biker-puffer-jacket/2978805,https://www.kmart.com.au/wcsstore/Kmart/images/ncatalog/sz/0/69966040-1-sz.jpg,25.00,-,5.0 ,1 ,;,
a0575e4e-ee43-45e1-8ad6-43814b3a2920,Women,https://www.kmart.com.au/category/women/womens-clothing/womens-jackets-&-coats/446007#.plp-wrapper,Womens Jackets & Coats,https://www.kmart.com.au/category/women/womens-clothing/womens-jackets-&-coats/446007#.plp-wrapper,Active Womens Polar Fleece Jacket,https://www.kmart.com.au/product/active-womens-polar-fleece-jacket/2930811,https://www.kmart.com.au/wcsstore/Kmart/images/ncatalog/sz/1/69623691-1-sz.jpg,12.00,-,Not Rated,0,;,
f5a488f3-db57-4c4e-be9d-b15f1cc7be3a,Women,https://www.kmart.com.au/category/women/womens-clothing/womens-jackets-&-coats/446007#.plp-wrapper,Womens Jackets & Coats,https://www.kmart.com.au/category/women/womens-clothing/womens-jackets-&-coats/446007#.plp-wrapper,Active Womens Packable Puffer Jacket in a Bag,https://www.kmart.com.au/product/active-womens-packable-puffer-jacket-in-a-bag/2951805,https://www.kmart.com.au/wcsstore/Kmart/images/ncatalog/sz/5/69966125-1-sz.jpg,29.00,-,Not Rated,0,;,
eb33a60e-91b7-4df2-88aa-063ba16158bb,Women,https://www.kmart.com.au/category/women/womens-clothing/womens-jackets-&-coats/446007#.plp-wrapper,Womens Jackets & Coats,https://www.kmart.com.au/category/women/womens-clothing/womens-jackets-&-coats/446007#.plp-wrapper,Active Womens 1/4 Zip Windbreaker Jacket,https://www.kmart.com.au/product/active-womens-1-4-zip-windbreaker-jacket/2968318,https://www.kmart.com.au/wcsstore/Kmart/images/ncatalog/sz/4/69899034-1-sz.jpg,25.00,-,5.0 ,1 ,;,
aa719e0a-775a-4771-8eba-aa02685961ba,Women,https://www.kmart.com.au/category/women/womens-clothing/womens-jackets-&-coats/446007#.plp-wrapper,Womens Jackets & Coats,https://www.kmart.com.au/category/women/womens-clothing/womens-jackets-&-coats/446007#.plp-wrapper,Active Womens Performance Running Jacket,https://www.kmart.com.au/product/active-womens-performance-running-jacket/2951330,https://www.kmart.com.au/wcsstore/Kmart/images/ncatalog/sz/3/69737503-1-sz.jpg,20.00,-,5.0 ,1 ,;,
584557e4-6e08-4181-b29d-3cd19286a970,Women,https://www.kmart.com.au/category/women/womens-clothing/womens-jackets-&-coats/446007#.plp-wrapper,Womens Jackets & Coats,https://www.kmart.com.au/category/women/womens-clothing/womens-jackets-&-coats/446007#.plp-wrapper,Double Breasted Blazer,https://www.kmart.com.au/product/double-breasted-blazer/2865430,https://www.kmart.com.au/wcsstore/Kmart/images/ncatalog/sz/5/69833885-1-sz.jpg,18.00 - 30.00,-,4.4 ,5 ,;,
c6d4835d-7e93-4d03-83c1-17b04c284348,Women,https://www.kmart.com.au/category/women/womens-clothing/womens-jackets-&-coats/446007#.plp-wrapper,Womens Jackets & Coats,https://www.kmart.com.au/category/women/womens-clothing/womens-jackets-&-coats/446007#.plp-wrapper,Trench Coat,https://www.kmart.com.au/product/trench-coat/2941303,https://www.kmart.com.au/wcsstore/Kmart/images/ncatalog/sz/4/69891144-1-sz.jpg,20.00,-,4.5 ,2 ,;,
f3cd460c-2c3c-4a65-a089-8d77e6f87593,Women,https://www.kmart.com.au/category/women/womens-clothing/womens-jackets-&-coats/446007#.plp-wrapper,Womens Jackets & Coats,https://www.kmart.com.au/category/women/womens-clothing/womens-jackets-&-coats/446007#.plp-wrapper,Boyfriend Denim Jacket,https://www.kmart.com.au/product/boyfriend-denim-jacket/2891855,https://www.kmart.com.au/wcsstore/Kmart/images/ncatalog/sz/8/69833298-1-sz.jpg,30.00,-,5.0 ,4 ,;,
a4cd1ec5-c98f-4d86-9643-71d0eec63e3f,Women,https://www.kmart.com.au/category/women/womens-clothing/womens-jackets-&-coats/446007#.plp-wrapper,Womens Jackets & Coats,https://www.kmart.com.au/category/women/womens-clothing/womens-jackets-&-coats/446007#.plp-wrapper,Belted Utility Jacket,https://www.kmart.com.au/product/belted-utility-jacket/2914823,https://www.kmart.com.au/wcsstore/Kmart/images/ncatalog/sz/1/69834141-1-sz.jpg,18.00											WAS 30,18.00											,Not Rated,0,;,
